Sample_ID,N,P,K,Temperature,Humidity,pH,Rainfall,Crop
1,106.6,47.6,10.1,30.8,68.6,6.78,112.5,cotton
2,41.7,137.3,192.4,22.9,90.4,6.37,55.1,grapes
3,108.0,33.1,3.8,22.5,69.1,7.01,95.1,cotton
4,24.8,126.1,164.4,25.9,76.7,5.6,37.8,grapes
5,97.0,111.8,51.6,27.2,79.8,7.06,97.9,banana
6,10.9,36.8,41.9,30.4,64.5,5.98,91.9,mango
7,73.1,53.3,10.0,25.6,63.1,6.49,91.1,maize
8,86.3,29.6,17.3,21.2,67.1,6.73,108.7,maize
9,88.7,50.5,8.1,29.6,87.3,7.18,42.4,cotton
10,58.8,59.4,40.4,29.9,89.8,5.91,167.7,rice
11,117.7,50.8,12.7,25.4,81.8,6.59,93.0,cotton
12,24.3,16.2,41.4,28.1,44.1,5.72,99.5,mango
13,60.9,62.0,70.4,14.5,10.0,7.54,86.4,chickpea
14,115.3,49.3,6.1,21.6,79.2,7.26,114.0,cotton
15,17.8,43.6,28.7,15.2,17.2,5.05,98.7,kidneybeans
16,17.9,65.2,26.2,19.5,19.3,5.36,85.8,kidneybeans
17,126.0,35.7,8.7,28.0,68.5,7.02,85.0,cotton
18,100.9,14.0,40.8,27.3,78.4,6.2,63.4,watermelon
19,40.8,148.1,197.8,22.9,78.4,6.62,69.7,grapes
20,14.6,111.8,200.0,19.3,88.4,5.95,57.7,grapes
21,28.6,30.8,42.7,22.6,29.3,5.59,64.0,mango
22,31.7,54.7,82.1,21.8,11.6,7.36,92.2,chickpea
23,109.4,77.3,64.4,25.5,83.5,5.75,100.5,banana
24,32.6,91.8,37.3,13.9,27.6,5.55,82.9,kidneybeans
25,97.3,75.7,45.2,26.4,71.6,7.15,79.3,banana
26,90.7,12.9,51.4,27.0,81.0,5.49,38.3,watermelon
27,10.2,15.1,16.4,19.8,92.7,6.78,128.5,orange
28,50.3,63.0,71.1,15.4,21.7,6.7,60.9,chickpea
29,119.6,101.6,43.7,22.6,86.0,5.65,126.6,banana
30,91.9,68.9,39.3,26.1,71.4,5.58,95.0,banana
31,96.4,69.1,39.2,29.1,71.9,5.97,108.8,banana
32,42.3,58.8,79.8,16.5,17.1,7.23,80.0,chickpea
33,53.2,72.5,67.0,21.3,17.8,6.56,71.2,chickpea
34,41.4,75.3,80.6,13.9,19.1,7.09,53.3,chickpea
35,24.6,31.6,25.7,35.2,41.5,5.88,86.3,mango
36,24.3,69.7,27.9,14.9,15.8,5.41,104.9,kidneybeans
37,76.8,54.5,20.4,23.9,62.0,6.72,88.2,maize
38,119.2,47.2,22.2,26.1,71.8,7.31,83.5,cotton
39,30.8,70.9,27.0,20.2,10.0,7.03,101.8,kidneybeans
40,42.8,29.8,53.9,29.2,72.7,6.2,46.9,mango
41,31.4,31.8,73.7,16.5,10.0,7.49,91.2,chickpea
42,84.4,57.0,37.3,18.4,83.0,6.69,216.6,rice
43,95.5,75.7,54.4,25.9,81.3,6.65,145.7,banana
44,76.2,59.6,22.4,26.6,73.5,6.59,125.9,maize
45,116.9,14.4,33.6,25.3,87.1,6.6,59.5,watermelon
46,16.1,18.4,32.8,26.7,53.1,5.2,108.6,mango
47,23.0,24.0,11.7,23.3,92.9,6.55,138.4,orange
48,50.3,50.9,73.8,27.0,11.7,6.97,56.1,chickpea
49,41.2,77.0,78.0,15.3,20.0,7.38,77.0,chickpea
50,19.0,16.9,6.6,22.0,88.7,7.25,107.4,orange
51,21.6,31.1,26.1,30.7,55.0,5.01,112.5,mango
52,78.9,60.4,30.7,27.6,65.2,7.06,126.9,maize
53,50.4,38.9,23.5,19.7,57.6,5.62,61.8,maize
54,29.4,73.3,70.7,17.5,16.1,6.57,68.4,chickpea
55,75.7,36.4,39.5,29.1,83.6,6.5,34.7,watermelon
56,14.6,115.1,195.8,23.7,81.3,7.23,80.9,grapes
57,104.5,24.9,43.0,31.5,82.9,6.64,226.8,rice
58,45.3,42.1,23.6,33.1,67.5,6.66,104.0,maize
59,114.8,44.1,26.9,22.1,79.6,6.93,112.9,cotton
60,78.8,63.6,35.0,29.4,77.1,6.99,100.5,maize
61,25.5,69.2,21.0,21.2,30.9,5.89,109.4,kidneybeans
62,74.6,53.4,29.4,23.6,60.1,6.42,83.5,maize
63,37.2,66.1,95.0,14.0,16.6,6.55,62.4,chickpea
64,78.4,4.5,42.6,25.0,73.7,6.54,50.2,watermelon
65,65.1,77.9,52.6,25.6,69.2,6.01,97.9,banana
66,26.4,52.1,20.4,21.1,17.6,6.53,96.3,kidneybeans
67,66.5,44.4,21.1,27.5,82.8,7.17,93.2,cotton
68,27.9,20.7,21.3,31.4,52.1,6.08,83.5,mango
69,89.0,17.7,24.4,26.5,85.8,5.6,41.4,watermelon
70,119.1,46.4,32.6,24.0,74.2,7.2,60.5,cotton
71,122.6,51.6,20.1,25.7,75.3,7.26,109.4,cotton
72,29.6,60.6,77.2,19.5,19.3,7.9,96.7,chickpea
73,111.4,106.2,45.5,27.3,88.6,6.28,69.0,banana
74,109.9,53.3,19.4,24.3,87.4,7.46,100.8,cotton
75,24.3,17.2,6.9,26.5,91.3,7.15,102.5,orange
76,111.3,47.0,18.1,27.3,72.5,6.89,105.9,cotton
77,41.1,135.6,175.0,22.0,77.7,6.64,47.1,grapes
78,106.3,15.2,51.3,30.1,78.7,5.99,44.2,watermelon
79,31.6,14.1,5.6,20.7,92.0,7.23,108.3,orange
80,84.3,39.9,24.8,24.9,67.0,7.65,56.6,cotton
81,26.1,11.6,6.8,26.2,97.3,6.98,132.0,orange
82,24.2,41.5,23.6,17.7,37.0,5.72,103.0,kidneybeans
83,73.9,34.8,48.9,24.7,86.3,6.45,170.4,rice
84,69.6,82.9,49.5,29.7,87.3,6.11,88.3,banana
85,107.9,63.4,60.4,31.6,83.3,6.04,106.1,banana
86,75.9,12.2,60.0,25.2,77.1,7.04,49.6,watermelon
87,26.4,22.3,26.8,27.7,45.8,6.22,77.7,mango
88,19.5,27.3,11.6,31.9,95.6,6.66,128.2,orange
89,104.1,92.9,34.7,23.7,68.8,5.94,108.5,banana
90,42.0,92.4,81.7,21.0,23.7,6.63,86.9,chickpea
91,31.2,73.4,21.1,13.0,23.8,6.18,119.1,kidneybeans
92,66.7,50.3,16.1,19.9,53.6,5.52,89.6,maize
93,32.8,126.8,200.0,24.4,77.2,5.53,55.1,grapes
94,71.9,44.8,41.8,29.3,86.5,5.29,207.6,rice
95,83.8,39.7,11.7,20.6,59.1,6.34,97.7,maize
96,20.6,125.1,200.0,26.5,79.1,6.24,66.6,grapes
97,108.4,94.0,36.4,25.5,86.6,6.78,101.6,banana
98,100.7,24.1,40.2,22.4,87.3,6.56,47.2,watermelon
99,20.2,30.2,30.9,33.8,40.5,5.44,52.5,mango
100,106.1,67.6,49.4,26.0,67.3,6.63,84.9,banana
101,82.1,47.0,22.9,19.0,58.6,6.54,107.9,maize
102,10.6,19.3,4.7,19.7,95.8,6.6,123.5,orange
103,10.1,20.0,15.0,17.9,85.6,7.39,54.0,orange
104,39.9,134.9,200.0,24.3,94.3,6.06,57.4,grapes
105,11.0,24.4,35.2,29.3,39.7,5.54,97.3,mango
106,19.0,23.0,5.7,19.8,88.5,6.96,101.0,orange
107,86.0,52.5,38.1,27.7,73.5,6.14,174.4,rice
108,95.6,16.0,35.3,31.7,81.7,6.34,51.8,watermelon
109,96.9,29.6,24.3,23.6,50.1,6.41,58.8,maize
110,77.4,80.4,43.8,28.0,79.8,6.11,39.0,banana
111,16.4,9.1,0.0,21.3,96.6,6.69,74.1,orange
112,24.4,33.3,47.4,28.4,50.3,5.7,117.2,mango
113,59.9,51.5,92.5,19.6,18.4,7.46,44.3,chickpea
114,31.6,62.8,25.4,21.3,24.4,6.22,79.2,kidneybeans
115,112.7,84.7,64.0,30.2,77.4,6.39,178.1,banana
116,15.7,10.5,1.2,19.8,91.9,7.42,126.5,orange
117,78.0,41.1,20.0,20.4,71.6,7.07,78.0,cotton
118,90.3,11.3,61.3,24.5,80.1,6.43,64.0,watermelon
119,28.5,20.8,15.8,27.4,55.9,6.14,133.5,mango
120,71.5,33.7,40.1,28.8,78.2,5.63,217.5,rice
121,30.5,6.2,5.6,22.8,90.1,6.32,114.6,orange
122,8.9,97.2,179.1,20.1,80.3,5.37,71.8,grapes
123,14.9,49.0,14.7,19.6,28.3,4.89,83.7,kidneybeans
124,97.0,49.4,18.6,20.4,75.5,7.7,110.0,cotton
125,25.7,68.4,16.8,20.3,21.6,5.17,124.5,kidneybeans
126,27.9,13.9,8.7,23.2,85.9,6.9,116.7,orange
127,32.8,59.7,87.0,16.3,18.5,6.46,90.6,chickpea
128,17.6,68.0,69.9,19.4,10.0,7.15,95.2,chickpea
129,26.5,77.6,24.7,17.8,20.5,6.26,115.9,kidneybeans
130,90.8,9.4,58.2,28.8,74.7,6.46,46.8,watermelon
131,46.0,56.2,66.1,22.3,10.0,7.21,24.2,chickpea
132,35.9,62.3,35.8,18.6,17.6,5.11,112.5,kidneybeans
133,78.0,11.5,50.3,23.7,85.3,6.25,68.3,watermelon
134,83.3,24.1,30.2,26.2,73.0,6.06,209.7,rice
135,21.3,131.2,200.0,23.8,76.0,5.57,69.4,grapes
136,11.6,110.7,200.0,24.8,80.6,5.73,56.4,grapes
137,76.4,16.7,52.9,25.6,64.6,7.06,65.9,watermelon
138,14.8,21.2,4.6,25.7,90.9,6.93,172.5,orange
139,12.3,81.2,40.0,20.0,23.9,5.76,127.7,kidneybeans
140,84.0,22.6,53.9,22.3,89.4,6.46,72.7,watermelon
141,101.4,100.3,35.9,25.4,78.0,6.49,95.4,banana
142,138.8,45.9,19.7,29.1,68.6,7.19,98.3,cotton
143,55.5,45.0,39.0,26.6,84.0,5.76,152.5,rice
144,21.4,29.1,6.5,12.9,90.4,6.87,91.3,orange
145,84.1,53.1,42.5,27.6,82.7,5.97,224.7,rice
146,24.1,28.3,27.0,28.6,52.8,6.09,101.9,mango
147,103.8,78.8,39.3,29.6,74.9,6.27,113.4,banana
148,92.3,91.6,58.2,24.9,88.2,5.99,110.7,banana
149,14.7,14.6,5.1,22.4,90.3,6.93,82.3,orange
150,18.8,28.6,11.3,27.2,91.5,6.86,84.9,orange
151,20.0,82.4,23.9,20.7,21.7,6.15,57.9,kidneybeans
152,21.8,48.0,23.5,19.7,23.7,5.61,94.1,kidneybeans
153,30.0,85.8,79.6,16.3,13.2,7.99,97.3,chickpea
154,95.6,27.6,14.6,22.3,80.6,6.52,81.8,maize
155,70.2,24.2,55.3,25.6,87.2,6.5,231.7,rice
156,114.4,62.9,49.1,28.6,75.4,5.38,119.2,banana
157,29.1,137.8,200.0,22.4,67.3,6.51,113.9,grapes
158,21.6,41.4,22.8,31.6,44.2,5.73,54.9,mango
159,15.8,12.3,9.4,20.1,86.8,7.3,105.9,orange
160,29.4,82.8,29.6,23.7,23.4,5.38,82.0,kidneybeans
161,65.7,44.4,30.6,21.5,71.0,6.7,105.3,maize
162,22.6,23.5,1.9,21.6,90.3,7.24,99.9,orange
163,10.2,15.9,12.0,22.1,85.7,6.25,106.7,orange
164,35.1,15.9,27.5,28.3,53.6,5.84,112.9,mango
165,101.9,3.2,51.3,28.4,84.1,7.37,62.0,watermelon
166,95.9,56.4,15.2,26.0,92.4,7.79,84.9,cotton
167,29.3,112.0,179.1,23.3,76.3,5.75,11.0,grapes
168,104.7,52.6,21.3,25.1,77.9,7.18,60.6,cotton
169,23.5,55.7,26.5,23.0,26.7,5.85,107.8,kidneybeans
170,19.6,139.4,196.6,26.9,84.4,6.07,38.4,grapes
171,56.0,28.1,48.9,21.2,93.5,7.06,49.8,watermelon
172,19.1,86.9,187.9,20.6,73.3,6.32,86.1,grapes
173,63.0,14.7,37.2,26.7,71.7,6.61,52.5,watermelon
174,4.1,115.2,200.0,23.3,73.0,5.63,70.2,grapes
175,22.0,77.7,88.3,23.6,15.3,6.34,72.9,chickpea
176,97.8,53.5,20.9,19.3,66.3,5.79,107.1,maize
177,74.2,67.2,52.2,26.7,82.4,6.05,252.6,rice
178,84.8,46.4,41.9,22.4,82.0,6.18,165.2,rice
179,18.3,75.4,27.0,29.2,32.0,5.41,82.7,kidneybeans
180,67.8,41.4,42.1,28.8,82.4,6.72,214.8,rice
181,60.6,53.0,11.5,23.4,65.1,7.51,124.0,maize
182,19.1,131.7,184.4,31.9,75.9,5.63,90.3,grapes
183,116.2,19.1,58.1,20.9,88.8,6.52,42.4,watermelon
184,99.6,48.6,20.0,23.4,85.0,6.75,66.1,cotton
185,74.1,48.2,53.6,20.8,71.6,5.92,213.5,rice
186,106.8,114.6,28.1,25.6,86.7,6.37,107.2,banana
187,68.7,18.5,39.7,23.3,70.5,5.54,129.0,rice
188,10.9,124.7,166.3,19.7,100.0,6.04,60.6,grapes
189,18.4,9.2,8.7,20.2,96.3,7.79,79.6,orange
190,83.9,61.0,29.8,22.8,49.6,6.19,92.9,maize
191,104.4,91.7,49.9,33.8,84.7,5.94,99.3,banana
192,121.6,25.0,54.3,25.2,86.5,7.77,51.5,watermelon
193,87.0,13.2,58.5,27.1,82.5,6.45,45.4,watermelon
194,97.6,12.7,66.7,28.2,77.6,5.97,63.0,watermelon
195,111.3,81.8,33.3,27.4,74.1,5.78,117.1,banana
196,36.0,87.1,19.4,16.1,14.7,5.75,84.6,kidneybeans
197,43.0,69.4,57.7,18.9,21.4,6.89,36.8,chickpea
198,12.9,19.5,19.5,24.9,96.9,7.2,122.8,orange
199,116.5,36.0,15.3,20.8,81.7,7.2,115.1,cotton
200,76.5,38.4,48.1,29.8,89.0,6.8,239.1,rice
201,76.6,79.7,42.1,27.0,85.4,6.06,141.6,banana
202,83.5,67.6,37.2,31.0,81.2,6.84,264.9,rice
203,22.6,125.4,200.0,22.8,83.5,5.34,59.8,grapes
204,94.3,86.1,46.5,25.6,79.0,6.32,45.6,banana
205,14.6,162.6,156.8,26.0,74.9,6.29,27.2,grapes
206,83.5,45.0,39.7,24.2,82.3,6.17,228.2,rice
207,18.9,98.7,200.0,21.5,81.5,6.01,61.7,grapes
208,29.4,60.1,78.6,20.7,10.1,6.69,50.2,chickpea
209,73.1,43.0,20.9,20.7,54.5,6.44,86.1,maize
210,27.0,130.7,193.3,26.1,79.8,6.59,84.7,grapes
211,67.9,38.1,26.3,25.0,57.9,6.16,87.8,maize
212,55.9,85.2,83.5,14.0,11.8,6.59,63.0,chickpea
213,20.0,9.9,7.1,27.0,99.8,7.49,159.6,orange
214,88.9,49.7,42.2,22.1,78.2,6.21,247.6,rice
215,71.3,53.5,38.2,22.0,77.3,5.6,180.8,rice
216,102.4,52.6,26.8,21.6,54.6,6.62,94.8,maize
217,78.1,84.6,29.8,28.2,87.2,5.82,117.2,banana
218,84.4,52.6,23.6,24.6,76.0,6.16,132.4,maize
219,92.2,84.4,47.4,28.9,85.6,6.45,105.6,banana
220,128.8,34.3,1.3,24.1,97.6,7.59,86.5,cotton
221,43.1,63.1,89.4,24.1,21.4,6.42,93.5,chickpea
222,54.4,37.2,49.5,23.4,91.4,6.05,279.0,rice
223,29.7,133.0,200.0,10.4,65.2,5.14,96.7,grapes
224,44.9,60.8,90.2,20.0,10.8,6.7,79.7,chickpea
225,11.9,109.2,200.0,28.1,71.7,5.79,68.5,grapes
226,89.6,32.2,33.5,22.7,77.8,7.46,30.4,watermelon
227,17.2,111.0,200.0,24.8,87.1,6.1,81.9,grapes
228,28.0,30.4,3.6,22.6,98.1,7.22,69.8,orange
229,18.0,12.5,10.5,23.6,92.5,6.32,101.4,orange
230,26.2,48.0,15.6,25.4,27.5,5.66,92.2,kidneybeans
231,62.1,35.5,19.3,16.7,58.2,6.34,65.9,maize
232,101.3,101.9,40.6,24.9,85.9,6.52,101.7,banana
233,18.7,139.3,188.1,20.9,90.5,6.27,79.5,grapes
234,96.9,23.2,59.5,29.0,86.9,6.35,53.6,watermelon
235,38.4,106.1,150.3,19.0,87.1,6.26,68.1,grapes
236,97.9,80.3,53.2,27.7,65.4,5.97,129.3,banana
237,72.3,66.0,47.3,28.4,75.5,6.69,242.8,rice
238,20.0,70.7,14.3,15.0,12.2,5.95,65.1,kidneybeans
239,20.2,25.1,36.7,26.4,49.7,5.9,77.3,mango
240,88.3,22.2,54.8,28.8,73.4,6.37,45.1,watermelon
241,25.6,14.1,5.8,22.2,92.5,7.47,68.2,orange
242,23.9,71.2,17.6,21.0,24.0,6.18,87.7,kidneybeans
243,102.5,8.1,52.6,26.3,73.6,7.02,66.1,watermelon
244,13.5,29.3,16.9,31.0,34.5,6.7,118.8,mango
245,122.7,88.6,58.2,21.4,80.5,6.72,100.4,banana
246,78.1,54.7,21.3,21.1,65.3,6.45,71.1,maize
247,31.9,76.8,91.5,20.0,16.5,7.03,66.8,chickpea
248,69.9,64.9,41.4,21.0,87.7,6.6,236.6,rice
249,6.7,133.3,200.0,21.8,78.8,5.72,77.0,grapes
250,88.2,31.1,27.2,26.0,61.2,5.97,91.3,maize
251,105.1,16.7,35.2,24.1,77.5,6.45,31.7,watermelon
252,77.9,87.1,51.8,28.1,87.6,6.48,99.9,banana
253,132.4,47.5,29.2,27.1,87.6,6.88,61.7,cotton
254,39.3,61.8,68.4,16.1,24.2,7.23,63.0,chickpea
255,37.0,31.0,15.0,36.6,50.6,5.86,125.1,mango
256,94.5,32.1,18.6,21.5,68.3,7.08,97.3,maize
257,32.4,93.9,200.0,18.5,78.3,5.83,65.4,grapes
258,12.9,77.3,25.6,18.5,18.6,5.76,92.2,kidneybeans
259,32.7,2.3,3.5,20.8,95.6,6.75,88.1,orange
260,13.4,122.7,185.1,28.7,84.4,6.06,44.5,grapes
261,33.4,20.1,31.1,33.5,38.0,5.07,99.7,mango
262,18.7,83.7,7.8,18.3,19.6,5.11,83.2,kidneybeans
263,13.3,20.4,15.3,20.7,93.5,7.15,94.2,orange
264,15.7,18.8,11.0,22.0,88.8,6.9,136.5,orange
265,90.4,80.1,38.0,23.8,77.3,6.21,108.7,banana
266,34.0,125.4,200.0,21.0,71.8,7.31,80.6,grapes
267,24.5,124.0,200.0,24.5,77.1,5.99,74.3,grapes
268,102.0,87.7,49.2,24.7,79.1,6.22,123.0,banana
269,98.9,23.2,62.6,25.4,89.9,6.65,54.6,watermelon
270,93.8,16.0,54.5,24.4,73.2,5.69,38.2,watermelon
271,98.3,32.6,13.3,23.5,82.8,7.29,90.3,cotton
272,26.4,56.6,94.6,16.0,13.5,7.12,90.3,chickpea
273,38.6,82.0,54.9,17.7,13.3,7.42,78.3,chickpea
274,96.9,12.4,33.1,27.7,97.8,6.32,76.0,watermelon
275,13.9,124.2,200.0,23.8,84.0,5.74,48.7,grapes
276,12.3,19.0,8.3,20.1,90.9,7.4,111.0,orange
277,18.8,60.2,29.1,21.0,22.8,6.05,72.5,kidneybeans
278,29.2,30.1,28.3,28.9,39.9,6.46,76.3,mango
279,25.2,26.7,27.1,27.6,45.8,5.7,100.2,mango
280,107.5,41.4,47.9,24.4,80.8,6.15,269.3,rice
281,92.2,0.0,56.4,28.9,86.5,6.45,50.0,watermelon
282,160.0,62.8,20.2,26.2,79.2,7.84,51.5,cotton
283,14.8,11.8,2.3,19.3,93.0,7.35,99.0,orange
284,33.5,85.5,22.1,17.9,22.9,5.96,66.9,kidneybeans
285,82.4,46.2,16.8,27.9,60.4,7.24,101.9,maize
286,97.0,42.9,24.1,30.1,86.1,7.24,104.1,cotton
287,11.2,82.6,8.0,21.9,17.6,5.73,45.5,kidneybeans
288,125.4,61.4,10.8,19.8,76.4,7.08,76.1,cotton
289,117.5,86.8,52.1,31.0,66.9,6.15,81.5,banana
290,70.6,39.4,33.5,29.6,77.8,6.29,197.6,rice
291,28.5,65.3,79.4,17.6,13.3,7.21,84.9,chickpea
292,98.2,67.0,53.2,26.4,65.9,6.41,111.2,banana
293,51.3,79.9,94.8,17.0,15.2,6.92,76.9,chickpea
294,111.9,82.6,55.1,24.9,79.8,6.71,125.8,banana
295,19.8,21.8,34.5,26.4,31.6,5.37,87.3,mango
296,129.7,27.4,17.6,22.8,61.4,6.94,115.9,cotton
297,129.9,12.1,66.0,26.1,83.9,6.87,57.8,watermelon
298,63.8,55.9,20.4,24.8,44.2,5.57,92.2,maize
299,27.1,25.2,11.2,19.8,95.3,8.0,79.5,orange
300,22.3,31.3,29.3,32.8,49.1,5.76,102.3,mango
301,77.4,55.8,31.1,24.2,85.7,6.65,201.0,rice
302,115.8,26.2,60.7,24.8,87.8,6.42,40.5,watermelon
303,98.9,12.3,63.2,24.8,80.7,7.26,48.5,watermelon
304,104.7,94.2,47.9,28.3,91.1,6.03,104.1,banana
305,41.0,71.1,70.9,14.8,14.1,7.4,64.2,chickpea
306,36.0,65.5,91.8,21.3,15.1,7.23,76.1,chickpea
307,32.6,65.2,82.9,22.1,33.3,6.75,80.6,chickpea
308,110.0,55.1,18.9,26.8,86.1,7.36,94.2,cotton
309,28.2,146.2,200.0,23.8,70.2,5.87,69.8,grapes
310,70.7,44.6,14.8,23.2,75.4,6.01,101.2,maize
311,140.1,40.4,19.2,28.6,66.9,6.83,116.0,cotton
312,19.6,134.2,191.5,25.0,84.6,5.27,60.1,grapes
313,113.6,42.4,23.9,26.0,92.5,6.7,79.0,cotton
314,18.1,66.2,24.8,17.5,27.1,6.48,106.4,kidneybeans
315,16.5,10.4,6.2,26.7,85.9,6.81,78.4,orange
316,27.7,14.2,10.5,22.9,94.4,7.35,74.6,orange
317,114.4,44.9,23.3,26.3,78.2,8.04,30.2,cotton
318,20.6,81.9,25.7,18.0,29.3,6.07,115.8,kidneybeans
319,129.9,15.0,43.5,27.5,84.3,6.43,34.3,watermelon
320,77.1,41.8,14.5,18.7,56.3,6.7,56.2,maize
321,111.2,60.7,30.3,17.2,80.5,6.78,60.3,cotton
322,139.1,44.4,13.5,19.8,65.2,6.96,102.1,cotton
323,110.2,89.4,55.8,28.2,74.9,6.88,119.4,banana
324,79.9,34.1,37.8,23.1,81.3,6.82,170.3,rice
325,58.3,71.2,98.0,18.1,21.0,7.72,48.3,chickpea
326,142.6,65.5,57.0,28.6,80.5,6.18,111.3,banana
327,22.2,56.9,20.6,19.1,14.5,5.31,106.8,kidneybeans
328,130.5,23.3,47.5,24.6,96.9,7.48,42.4,watermelon
329,23.3,18.9,2.3,19.4,89.3,7.28,122.8,orange
330,56.0,10.5,34.4,25.8,81.4,5.7,58.0,watermelon
331,125.2,16.2,53.3,27.7,96.6,6.41,72.3,watermelon
332,76.0,49.1,30.8,27.0,74.6,5.61,195.7,rice
333,29.6,70.3,81.5,25.5,11.0,7.57,63.5,chickpea
334,25.1,33.9,38.2,29.9,37.7,6.17,101.8,mango
335,110.9,53.4,21.0,27.4,91.5,6.69,67.7,cotton
336,84.0,43.9,23.5,21.9,73.7,7.53,72.8,cotton
337,46.1,48.1,84.0,20.4,13.5,7.46,90.0,chickpea
338,29.7,13.3,6.0,22.1,86.4,6.17,137.0,orange
339,73.3,36.9,10.5,23.4,58.0,7.29,67.5,maize
340,51.5,67.9,59.7,19.5,78.7,5.69,184.6,rice
341,83.2,69.3,52.1,28.9,82.4,6.83,175.9,rice
342,126.2,30.9,26.1,26.6,87.8,7.18,93.1,cotton
343,16.4,82.9,19.5,22.6,25.8,6.69,77.4,kidneybeans
344,111.1,12.4,54.4,26.8,80.0,6.58,52.1,watermelon
345,22.1,127.2,200.0,23.3,85.2,5.36,87.0,grapes
346,33.2,50.7,15.6,15.5,17.8,6.11,52.4,kidneybeans
347,31.5,28.9,31.7,38.8,51.0,6.12,108.9,mango
348,103.9,80.5,46.4,25.9,72.4,6.51,87.5,banana
349,115.9,5.5,53.5,22.5,72.6,5.65,27.3,watermelon
350,32.9,75.6,67.5,17.5,22.1,6.82,46.5,chickpea
351,75.0,38.9,39.6,26.6,77.9,5.68,204.8,rice
352,11.7,102.4,190.1,19.5,79.4,6.35,57.1,grapes
353,18.0,26.4,11.3,18.6,94.3,7.6,93.1,orange
354,17.0,12.5,0.0,24.0,93.1,6.71,127.0,orange
355,51.9,58.5,17.4,17.7,63.0,6.33,63.2,maize
356,144.9,41.5,20.3,21.9,73.7,7.27,40.2,cotton
357,30.8,73.2,33.5,18.8,23.7,6.81,76.5,kidneybeans
358,113.7,49.6,20.0,29.5,77.5,6.98,80.0,cotton
359,43.1,75.7,88.2,14.8,16.7,6.79,73.8,chickpea
360,45.8,77.4,85.1,19.5,15.6,7.45,24.0,chickpea
361,93.2,49.4,26.4,19.4,64.8,7.19,23.0,maize
362,17.4,116.7,173.3,21.0,82.8,5.32,65.0,grapes
363,75.6,32.8,15.7,27.8,72.4,6.14,91.4,maize
364,71.7,69.0,32.1,24.1,92.9,6.02,232.4,rice
365,41.0,66.6,81.8,20.0,16.5,7.04,79.8,chickpea
366,72.3,66.7,21.4,21.6,78.1,6.31,61.1,maize
367,23.2,74.8,8.8,21.0,22.9,5.97,96.6,kidneybeans
368,86.0,87.0,54.1,26.6,70.6,6.55,147.1,banana
369,99.2,67.6,49.2,29.5,72.1,6.12,114.7,banana
370,17.1,44.7,28.5,18.4,10.3,5.56,107.7,kidneybeans
371,92.1,46.5,39.7,30.0,70.4,5.4,193.4,rice
372,50.1,73.4,62.7,21.4,14.0,7.76,70.0,chickpea
373,16.8,41.6,16.6,26.5,65.1,4.84,106.4,mango
374,12.2,15.0,18.9,26.8,90.7,6.53,128.5,orange
375,31.2,132.7,198.7,28.7,70.2,6.54,68.4,grapes
376,141.2,43.9,22.2,25.7,72.6,7.32,76.4,cotton
377,29.6,88.4,64.8,22.6,10.3,6.84,61.7,chickpea
378,127.2,35.3,30.9,21.8,80.1,7.04,65.9,cotton
379,17.3,56.3,21.1,17.9,26.1,6.73,121.3,kidneybeans
380,16.2,23.1,17.6,30.6,50.6,6.18,72.0,mango
381,19.5,59.0,18.7,23.8,40.3,6.34,105.5,kidneybeans
382,104.5,87.8,54.2,28.6,65.3,5.05,129.6,banana
383,99.2,50.4,20.5,23.2,62.1,6.26,142.3,maize
384,98.4,40.8,34.6,27.5,84.5,5.8,228.1,rice
385,30.7,23.7,6.1,22.9,91.3,7.02,141.0,orange
386,21.2,21.0,10.1,22.2,99.5,6.95,93.0,orange
387,22.0,25.4,31.5,29.6,47.8,6.39,141.3,mango
388,17.6,24.5,0.0,24.1,90.8,6.89,132.5,orange
389,16.2,24.6,20.6,24.7,49.6,4.62,60.8,mango
390,117.7,17.6,42.9,28.4,75.5,6.84,28.6,watermelon
391,108.6,90.1,46.0,21.5,77.8,5.48,86.0,banana
392,64.5,47.1,24.4,22.8,78.5,5.89,82.1,maize
393,22.8,65.9,14.3,14.8,12.9,5.62,109.5,kidneybeans
394,77.1,53.7,21.9,26.1,74.1,5.05,84.0,maize
395,112.1,29.4,14.4,27.3,84.0,7.23,105.9,cotton
396,28.9,29.1,14.3,29.0,68.1,5.98,110.9,mango
397,22.5,53.4,26.3,27.1,37.3,5.55,115.9,mango
398,27.7,73.8,18.0,23.1,22.7,5.52,88.5,kidneybeans
399,116.7,44.9,16.0,23.3,81.7,7.15,74.3,cotton
400,37.4,32.6,38.5,35.7,45.9,6.74,92.1,mango
401,110.5,16.1,54.1,23.4,80.1,6.38,52.8,watermelon
402,127.0,82.2,45.2,23.9,81.7,6.42,104.1,banana
403,32.1,77.8,81.9,24.2,10.0,6.74,63.9,chickpea
404,24.4,70.2,81.9,17.3,10.0,6.21,98.4,chickpea
405,82.6,47.4,64.6,22.8,92.0,6.07,238.0,rice
406,28.2,82.3,22.3,23.3,23.8,5.99,108.4,kidneybeans
407,25.5,69.1,17.8,22.3,22.8,5.42,73.2,kidneybeans
408,53.3,53.8,43.0,23.8,74.5,4.99,259.4,rice
409,27.7,121.6,200.0,23.3,81.3,6.62,49.0,grapes
410,115.8,21.7,31.5,28.2,85.5,6.13,71.1,watermelon
411,15.2,118.1,196.0,22.8,92.9,7.05,70.8,grapes
412,121.1,22.3,48.6,26.7,86.9,5.96,46.2,watermelon
413,137.9,52.7,21.7,19.0,93.0,7.0,94.3,cotton
414,75.3,30.6,36.0,15.8,71.3,5.61,154.1,rice
415,28.4,17.9,13.8,26.8,45.0,5.3,88.8,mango
416,52.5,64.0,34.5,24.5,88.6,6.07,167.8,rice
417,24.2,131.1,196.8,26.3,86.6,5.3,48.9,grapes
418,30.0,69.0,14.9,22.0,25.3,5.79,91.8,kidneybeans
419,105.7,82.1,49.5,24.8,81.4,6.56,99.9,banana
420,130.7,44.0,14.0,24.6,85.0,6.91,92.1,cotton
421,26.4,75.9,19.5,21.0,35.8,5.07,97.4,kidneybeans
422,109.2,77.6,48.3,30.2,81.9,6.47,75.0,banana
423,11.3,22.8,10.7,24.9,91.5,7.51,134.6,orange
424,22.7,30.2,28.8,35.2,54.9,5.11,81.2,mango
425,71.9,49.7,12.2,22.1,62.2,6.91,77.5,maize
426,14.0,79.8,35.2,19.6,29.1,5.49,62.8,kidneybeans
427,22.4,44.5,28.4,30.1,45.0,4.79,112.0,mango
428,67.7,64.0,26.3,25.5,85.4,6.09,148.8,rice
429,99.6,65.0,63.8,22.4,84.0,6.37,110.7,banana
430,20.0,77.8,15.9,20.8,10.0,4.8,132.1,kidneybeans
431,21.8,25.9,42.2,26.8,49.8,5.83,70.3,mango
432,37.3,50.3,51.8,26.9,99.3,5.96,177.7,rice
433,8.9,65.3,20.4,22.6,15.3,5.67,69.2,kidneybeans
434,12.2,18.2,13.1,23.1,97.8,5.89,112.1,orange
435,117.1,79.8,51.9,30.0,83.2,5.75,131.9,banana
436,52.3,52.4,29.5,23.2,83.5,6.16,181.3,rice
437,26.2,83.7,37.5,16.6,15.3,5.17,48.2,kidneybeans
438,101.7,76.3,40.4,23.1,85.8,5.69,132.9,banana
439,39.9,77.0,90.8,19.2,10.0,6.45,67.0,chickpea
440,71.3,42.1,25.7,21.3,65.0,6.15,123.2,maize
441,19.3,49.5,28.8,19.6,21.2,6.4,105.7,kidneybeans
442,81.8,43.6,26.8,23.4,72.1,6.11,93.8,maize
443,16.9,13.5,10.7,23.8,90.2,7.14,119.2,orange
444,33.8,134.7,174.6,22.6,68.9,5.92,55.8,grapes
445,24.1,148.4,193.7,22.9,67.3,6.28,92.8,grapes
446,24.3,118.9,188.8,20.5,80.0,5.91,75.8,grapes
447,31.2,20.9,6.2,24.2,89.9,7.26,115.8,orange
448,20.4,16.4,9.5,18.4,90.9,7.18,121.4,orange
449,65.0,26.9,31.4,26.9,73.2,6.53,221.0,rice
450,15.4,51.7,14.3,21.2,33.6,6.22,128.3,kidneybeans
451,125.9,31.0,18.1,21.4,90.0,8.02,58.7,cotton
452,112.3,81.8,42.1,27.9,73.0,6.0,140.0,banana
453,23.2,31.6,34.2,33.1,55.8,7.22,75.4,mango
454,50.2,79.3,68.6,22.0,10.0,6.89,64.7,chickpea
455,40.3,40.3,34.0,30.5,54.3,5.42,84.1,mango
456,88.2,55.8,34.9,25.1,90.4,5.9,219.1,rice
457,25.8,133.3,188.8,28.9,87.7,5.81,92.0,grapes
458,22.0,35.9,44.6,31.0,48.0,5.44,95.8,mango
459,58.2,33.0,54.5,26.3,89.5,6.21,170.5,rice
460,30.9,54.1,21.9,24.3,19.8,6.27,76.0,kidneybeans
461,19.1,21.9,24.0,29.7,50.2,5.91,117.9,mango
462,137.1,71.5,16.6,27.2,91.5,7.72,89.3,cotton
463,95.6,29.4,19.2,25.4,75.8,6.42,61.6,cotton
464,68.0,51.6,22.8,20.8,79.9,6.52,86.8,maize
465,98.4,91.4,48.4,26.1,58.9,6.64,132.2,banana
466,21.5,140.4,200.0,24.7,73.3,6.7,65.6,grapes
467,115.4,56.0,66.4,31.6,77.8,6.25,139.9,banana
468,86.1,52.3,52.0,26.9,69.7,6.35,214.8,rice
469,20.4,162.6,169.4,24.4,83.9,5.87,118.4,grapes
470,114.7,46.9,11.9,29.3,76.2,7.02,58.0,cotton
471,63.1,19.0,51.7,21.9,77.1,6.55,54.6,watermelon
472,14.7,22.6,11.2,18.0,96.3,7.32,144.7,orange
473,96.3,68.9,46.9,27.1,82.4,6.32,97.7,banana
474,43.0,65.2,70.6,22.1,10.0,7.28,80.8,chickpea
475,107.9,95.9,36.6,26.7,85.5,6.84,107.8,banana
476,20.5,17.8,5.7,23.2,88.7,6.32,146.2,orange
477,121.4,18.6,51.7,29.2,71.3,5.9,29.4,watermelon
478,71.9,87.3,54.2,29.8,89.2,6.87,92.7,banana
479,9.9,9.8,11.8,23.9,92.6,7.23,71.8,orange
480,27.2,147.8,195.9,25.6,77.1,6.92,92.0,grapes
481,18.8,122.8,200.0,21.5,88.9,6.59,78.3,grapes
482,105.6,23.6,40.1,26.3,84.3,6.14,11.1,watermelon
483,34.5,53.6,61.0,18.7,18.6,6.6,74.8,chickpea
484,79.0,55.3,35.4,17.1,77.0,5.69,231.9,rice
485,40.3,26.0,32.9,31.0,53.9,5.72,51.7,mango
486,30.2,36.0,38.0,28.1,49.9,6.17,78.6,mango
487,138.0,45.1,18.8,25.9,90.2,6.34,60.4,cotton
488,102.5,90.8,50.6,29.6,83.6,6.59,116.8,banana
489,96.3,49.5,22.1,21.7,62.5,5.78,82.8,maize
490,101.8,105.3,62.5,33.2,75.8,6.21,139.8,banana
491,106.7,39.4,12.0,21.9,76.2,7.54,84.4,maize
492,26.3,79.4,26.3,20.7,16.0,6.41,80.7,kidneybeans
493,73.2,10.4,42.6,26.9,73.9,6.99,58.1,watermelon
494,84.5,42.6,37.6,28.9,81.2,5.47,207.4,rice
495,33.1,47.6,22.9,18.5,16.8,5.01,57.4,kidneybeans
496,45.7,71.9,72.8,21.8,22.6,7.06,62.9,chickpea
497,27.3,33.4,22.0,33.6,52.0,5.59,94.5,mango
498,19.6,136.8,159.7,22.4,78.5,6.32,29.3,grapes
499,119.9,37.5,28.8,24.9,68.3,6.91,76.4,cotton
500,80.8,80.3,45.5,19.7,97.9,5.27,173.9,rice
501,25.6,125.3,200.0,23.1,78.3,4.65,38.8,grapes
502,66.6,51.0,17.1,27.4,70.5,6.14,90.7,maize
503,38.3,74.8,21.3,22.6,23.7,6.13,120.2,kidneybeans
504,18.6,59.4,77.3,21.2,15.8,7.65,36.9,chickpea
505,90.4,56.2,22.8,23.2,84.6,7.25,78.5,cotton
506,23.7,137.1,200.0,21.7,86.3,6.59,105.9,grapes
507,67.8,57.7,20.7,27.7,74.4,6.41,90.2,maize
508,81.0,76.3,34.3,29.1,81.5,6.57,104.9,banana
509,143.7,30.9,24.8,24.5,84.4,8.02,83.0,cotton
510,26.3,71.2,65.6,22.0,10.0,6.73,91.4,chickpea
511,25.7,28.8,45.7,31.3,39.5,6.03,131.8,mango
512,67.1,50.5,9.6,22.2,56.4,6.27,93.4,maize
513,108.3,32.3,35.1,25.1,77.0,6.88,52.5,watermelon
514,22.6,64.3,30.9,19.8,19.9,5.35,87.4,kidneybeans
515,35.1,141.4,168.8,26.1,82.7,6.22,48.3,grapes
516,26.9,95.1,164.6,23.8,82.5,6.44,52.1,grapes
517,22.7,24.8,10.8,17.4,98.4,7.12,92.7,orange
518,102.2,79.4,47.9,29.6,72.0,6.39,96.7,banana
519,64.8,105.7,63.1,29.2,68.4,6.61,127.9,banana
520,18.1,73.0,18.9,16.7,25.2,4.6,105.3,kidneybeans
521,118.5,44.7,14.2,22.7,69.3,7.68,84.1,cotton
522,21.3,54.0,28.8,19.3,22.3,5.29,116.5,kidneybeans
523,127.4,54.7,29.9,28.5,87.6,7.73,77.6,cotton
524,86.0,76.4,17.5,21.2,79.0,7.56,51.6,cotton
525,24.4,75.3,88.4,22.8,10.0,7.24,55.3,chickpea
526,16.8,15.7,11.8,20.7,85.9,6.86,107.4,orange
527,98.0,61.6,0.3,24.9,73.5,7.03,100.1,cotton
528,105.6,24.5,53.8,26.1,70.1,6.75,55.7,watermelon
529,42.2,80.9,81.6,19.3,24.2,7.89,50.1,chickpea
530,123.8,46.3,12.0,15.4,71.4,7.19,31.9,cotton
531,104.0,14.4,30.7,21.5,71.9,7.1,55.4,watermelon
532,56.3,40.9,7.9,26.5,65.1,6.59,92.1,maize
533,38.3,1.9,11.0,16.0,95.5,6.86,124.1,orange
534,107.2,24.4,44.3,33.7,81.8,5.89,23.6,watermelon
535,57.2,58.8,83.1,16.4,14.2,7.15,69.6,chickpea
536,106.4,14.2,52.9,25.6,83.7,6.07,43.5,watermelon
537,17.0,78.7,17.7,21.5,20.8,6.1,78.4,kidneybeans
538,79.1,39.0,31.1,16.3,52.3,6.22,89.5,maize
539,18.0,23.6,20.4,23.9,93.6,7.92,125.8,orange
540,20.3,18.8,5.9,20.7,93.3,6.33,84.0,orange
541,54.9,50.9,43.6,25.4,79.1,5.85,179.4,rice
542,118.6,53.6,25.0,29.0,74.2,6.7,63.0,cotton
543,22.8,41.9,34.7,28.5,48.6,6.23,134.4,mango
544,30.6,137.2,196.6,26.9,72.5,6.22,67.5,grapes
545,109.6,32.3,56.0,24.7,85.0,6.17,54.2,watermelon
546,13.8,15.0,10.3,24.1,86.5,6.9,136.1,orange
547,99.8,19.8,40.6,25.3,78.7,6.19,43.5,watermelon
548,14.6,18.0,6.5,24.8,95.2,7.48,85.6,orange
549,99.2,41.0,20.4,23.9,71.0,7.55,72.5,cotton
550,90.7,19.2,67.7,29.3,87.4,5.82,49.4,watermelon
551,14.3,107.7,160.8,20.3,82.4,5.01,100.9,grapes
552,99.5,17.6,65.0,21.9,78.8,5.88,68.1,watermelon
553,6.7,26.4,3.8,19.7,97.5,7.3,94.1,orange
554,27.6,36.0,27.7,33.5,67.1,6.19,104.4,mango
555,108.7,28.3,27.0,23.0,82.6,6.46,71.2,cotton
556,167.7,59.2,13.0,22.8,78.0,6.97,72.2,cotton
557,69.3,63.2,48.6,24.5,73.4,5.14,201.6,rice
558,107.8,9.5,62.3,30.5,80.7,6.88,59.7,watermelon
559,123.7,40.0,24.7,26.4,86.3,7.87,68.7,cotton
560,71.8,46.6,45.7,22.3,90.6,5.58,179.6,rice
561,79.4,47.0,20.5,25.9,97.1,5.71,160.6,rice
562,83.7,52.8,23.8,24.0,52.7,6.83,77.4,maize
563,9.2,57.0,31.5,16.5,38.6,6.3,72.2,kidneybeans
564,21.5,72.4,17.7,16.9,23.9,6.25,104.5,kidneybeans
565,51.6,73.2,70.8,17.2,24.1,6.57,41.5,chickpea
566,19.7,19.1,10.8,19.1,90.3,6.8,103.3,orange
567,72.9,30.9,20.6,25.0,54.9,6.93,80.6,maize
568,75.0,34.9,27.3,24.4,87.5,5.2,195.2,rice
569,112.6,11.4,52.9,23.4,78.5,6.96,56.6,watermelon
570,91.6,47.3,41.7,20.0,89.1,6.02,197.0,rice
571,103.6,41.6,14.4,25.2,79.1,7.28,93.9,cotton
572,18.3,26.5,6.8,21.4,84.4,6.96,119.8,orange
573,25.5,132.3,183.1,24.7,79.4,5.66,74.4,grapes
574,23.4,23.3,31.7,35.4,59.5,5.41,113.8,mango
575,85.4,78.4,45.6,28.7,94.0,5.93,97.1,banana
576,10.9,21.2,30.0,29.6,41.7,4.88,75.0,mango
577,30.4,78.3,16.0,14.5,27.1,6.02,109.8,kidneybeans
578,21.0,12.2,28.3,29.8,35.0,6.59,62.9,mango
579,131.3,29.6,18.2,34.0,90.9,7.64,97.1,cotton
580,57.0,49.0,20.2,22.3,54.9,7.01,100.4,maize
581,80.2,41.5,20.3,26.2,71.4,6.81,81.8,maize
582,33.1,23.6,35.4,30.3,59.3,6.21,68.6,mango
583,20.9,25.6,11.6,22.9,99.7,7.16,144.0,orange
584,16.0,55.2,23.6,22.8,17.5,5.87,41.4,kidneybeans
585,70.2,48.1,27.0,24.9,50.1,6.42,107.8,maize
586,65.8,61.2,29.9,24.6,69.2,6.41,85.4,maize
587,23.6,26.0,25.1,28.0,58.3,6.44,107.1,mango
588,33.9,18.9,27.6,27.4,41.9,5.38,105.3,mango
589,22.0,33.6,29.7,27.4,41.2,6.04,87.8,mango
590,80.9,9.5,60.4,25.7,92.1,6.18,41.2,watermelon
591,19.6,35.7,26.6,33.5,44.5,5.83,81.8,mango
592,13.3,23.0,3.4,20.2,87.8,8.04,124.1,orange
593,85.3,13.6,76.0,26.6,67.5,6.17,48.1,watermelon
594,33.7,33.0,34.6,33.1,46.0,6.51,109.4,mango
595,74.2,44.5,25.2,22.9,70.4,6.36,76.6,maize
596,116.3,38.9,15.6,24.7,86.5,7.42,68.5,cotton
597,21.0,111.2,200.0,25.2,78.4,6.22,69.9,grapes
598,32.9,71.5,91.6,17.5,24.0,7.1,63.7,chickpea
599,28.9,64.2,77.8,19.2,11.9,7.17,81.6,chickpea
600,17.0,22.1,9.0,18.3,99.9,7.17,128.7,orange
601,88.3,47.5,41.0,18.7,92.8,6.16,187.0,rice
602,133.6,40.1,18.5,27.2,77.6,7.36,103.3,cotton
603,66.9,30.7,14.4,25.5,70.3,5.65,81.4,maize
604,133.3,52.6,18.7,28.6,71.2,7.43,79.3,cotton
605,77.2,76.8,73.3,26.5,95.9,6.06,85.0,banana
606,71.8,64.8,12.8,21.6,75.4,6.75,103.5,maize
607,22.5,75.8,66.6,17.6,20.7,7.06,22.9,chickpea
608,98.6,74.8,49.3,24.4,80.7,6.3,98.6,banana
609,73.6,57.3,17.0,24.4,62.4,6.26,64.7,maize
610,18.3,60.2,14.3,12.4,13.2,5.83,123.1,kidneybeans
611,27.5,133.0,200.0,27.8,74.2,5.49,52.4,grapes
612,140.2,43.1,23.2,25.4,88.0,6.66,93.0,cotton
613,19.1,64.0,11.0,18.7,19.5,5.56,82.3,kidneybeans
614,25.6,117.8,200.0,24.3,82.6,6.02,47.8,grapes
615,84.2,89.0,47.2,31.0,77.5,6.52,120.0,banana
616,28.5,24.2,39.7,28.3,46.9,5.24,92.7,mango
617,172.1,24.2,26.4,28.4,77.9,6.84,48.7,cotton
618,26.6,140.9,140.5,20.2,85.8,5.44,53.5,grapes
619,97.5,56.1,29.6,24.3,77.1,7.56,58.8,cotton
620,26.5,32.3,27.3,27.3,41.6,6.58,118.4,mango
621,78.8,30.9,41.1,25.0,69.2,6.0,202.2,rice
622,18.0,47.2,18.1,20.2,19.7,6.75,73.6,kidneybeans
623,62.1,48.4,20.7,22.3,72.3,6.48,96.6,maize
624,123.1,50.2,13.9,26.1,73.4,7.14,64.7,cotton
625,135.0,44.0,26.7,20.0,82.1,7.14,108.0,cotton
626,30.4,122.8,200.0,25.4,67.0,5.94,72.2,grapes
627,114.5,16.9,59.2,20.1,80.9,5.97,94.5,watermelon
628,25.3,73.2,22.8,21.2,24.4,6.06,79.7,kidneybeans
629,20.3,140.9,200.0,24.9,77.6,6.46,85.2,grapes
630,24.9,15.2,9.8,20.7,93.2,6.85,140.2,orange
631,131.7,54.9,15.6,28.6,75.6,6.44,87.8,cotton
632,25.6,30.1,19.3,28.9,47.1,5.14,91.3,mango
633,34.7,66.8,99.8,22.4,11.0,6.82,72.9,chickpea
634,27.1,17.8,8.3,26.6,88.5,7.24,158.9,orange
635,72.7,46.0,8.5,20.9,69.3,6.49,242.0,rice
636,28.1,35.4,36.1,30.9,41.8,5.76,67.4,mango
637,53.4,69.4,29.3,23.8,60.4,6.68,94.0,maize
638,52.9,83.4,75.8,29.4,25.6,6.59,63.1,chickpea
639,110.6,81.9,60.5,25.8,68.1,6.13,106.9,banana
640,111.9,60.8,27.5,30.2,72.6,7.59,116.0,cotton
641,74.0,72.3,60.4,23.5,87.1,6.37,209.5,rice
642,9.3,27.2,14.9,31.0,93.2,6.58,148.7,orange
643,16.8,23.3,45.4,28.2,48.8,6.44,96.1,mango
644,111.8,46.1,27.5,19.9,89.9,7.87,73.4,cotton
645,21.1,59.6,18.5,20.0,15.8,5.75,85.8,kidneybeans
646,92.6,47.9,16.0,22.5,66.1,6.74,93.0,maize
647,34.7,134.2,180.7,25.7,85.4,5.46,66.0,grapes
648,33.4,132.4,196.2,23.9,64.8,5.83,65.7,grapes
649,79.0,71.0,15.8,19.9,64.2,6.6,70.6,maize
650,21.7,21.0,15.0,17.7,88.1,6.76,136.4,orange
651,22.0,26.0,18.1,32.6,69.8,6.23,93.1,mango
652,99.0,67.2,54.6,27.8,82.6,6.75,133.1,banana
653,112.8,6.1,39.3,26.4,79.6,5.53,66.7,watermelon
654,20.1,28.1,22.8,30.4,39.4,6.56,122.1,mango
655,59.2,7.0,35.6,31.3,84.8,6.17,78.2,watermelon
656,72.1,94.0,57.1,28.3,79.1,5.19,129.5,banana
657,22.3,61.0,25.5,19.9,13.7,5.56,60.6,kidneybeans
658,13.3,19.9,8.6,19.1,92.1,7.47,118.7,orange
659,13.4,27.0,38.4,33.8,57.8,5.11,94.5,mango
660,93.3,56.6,30.3,26.3,100.0,6.44,243.2,rice
661,48.7,64.0,93.3,23.9,13.2,7.04,47.6,chickpea
662,8.4,73.6,26.6,22.0,27.1,5.47,87.2,kidneybeans
663,105.2,9.8,55.0,25.8,73.3,6.1,52.4,watermelon
664,25.3,73.2,35.2,22.4,17.9,5.54,81.5,kidneybeans
665,41.6,126.6,164.7,24.5,78.5,6.06,62.6,grapes
666,107.3,95.2,49.0,25.5,73.1,6.43,105.9,banana
667,121.3,17.8,36.2,30.0,87.4,6.78,69.6,watermelon
668,23.1,67.7,22.2,25.1,25.6,6.05,74.0,kidneybeans
669,24.7,117.9,200.0,22.7,69.3,6.73,68.2,grapes
670,113.2,48.4,12.8,25.7,81.1,7.4,95.5,cotton
671,30.7,18.6,42.6,35.3,51.9,6.25,110.1,mango
672,44.2,70.9,65.9,18.9,19.4,6.2,79.4,chickpea
673,78.0,50.2,12.4,17.2,57.8,7.68,81.9,cotton
674,18.2,30.5,32.3,27.4,40.1,6.0,92.7,mango
675,76.7,50.0,49.2,23.8,94.9,6.69,193.8,rice
676,120.2,48.7,19.0,21.5,76.9,7.11,84.0,cotton
677,27.3,19.4,12.2,20.0,93.7,6.58,91.1,orange
678,18.1,26.5,36.6,30.8,42.6,5.74,103.8,mango
679,102.7,21.1,47.6,27.5,98.2,6.09,51.7,watermelon
680,107.4,18.1,49.6,26.4,78.8,6.79,32.7,watermelon
681,88.2,42.0,9.9,20.9,80.1,6.63,99.1,maize
682,101.3,77.0,60.1,25.8,77.5,6.03,87.2,banana
683,116.0,46.8,21.9,28.1,87.6,6.58,89.5,cotton
684,79.7,50.6,39.6,23.0,63.4,5.49,204.4,rice
685,16.5,60.0,5.4,18.4,19.8,5.45,96.2,kidneybeans
686,89.0,8.8,52.6,19.5,88.8,6.1,54.1,watermelon
687,46.3,56.0,55.0,20.3,16.0,6.81,57.0,chickpea
688,28.3,57.8,15.3,25.7,12.8,6.54,103.6,kidneybeans
689,103.2,94.3,53.2,27.4,72.5,6.19,130.5,banana
690,145.4,49.8,1.5,29.7,80.4,7.31,58.3,cotton
691,7.4,129.9,200.0,17.9,73.0,4.87,55.3,grapes
692,19.0,25.7,37.9,35.1,46.8,5.96,76.1,mango
693,43.2,100.0,198.3,23.8,94.0,7.0,85.5,grapes
694,61.2,60.2,10.8,25.3,58.1,5.83,88.5,maize
695,38.9,77.6,55.3,19.1,30.9,6.12,66.7,chickpea
696,112.3,61.5,23.2,24.9,73.3,7.13,86.8,cotton
697,69.3,50.0,37.7,35.9,72.9,5.86,156.2,rice
698,18.4,10.0,5.0,21.2,95.0,7.33,135.7,orange
699,86.1,47.9,23.1,18.7,68.1,6.37,89.6,maize
700,2.1,29.1,7.5,24.0,88.7,7.7,108.1,orange
701,47.8,67.3,78.7,27.6,20.7,7.45,51.1,chickpea
702,23.2,54.7,21.7,22.0,21.0,5.87,133.7,kidneybeans
703,73.7,36.1,14.0,21.4,70.8,7.15,123.2,maize
704,72.7,55.6,51.9,24.5,84.9,5.65,202.5,rice
705,19.7,34.7,29.9,33.1,47.8,5.23,105.0,mango
706,17.9,25.3,8.4,21.2,88.6,7.8,109.9,orange
707,53.0,83.5,63.0,25.3,16.4,6.34,59.1,chickpea
708,25.1,29.0,28.1,29.8,58.6,5.8,94.6,mango
709,75.7,69.8,16.3,27.3,58.4,5.66,111.1,maize
710,74.5,52.3,58.2,25.4,74.7,6.15,221.4,rice
711,26.6,57.6,26.7,21.5,18.4,5.92,51.2,kidneybeans
712,32.2,97.7,177.1,22.4,81.0,6.11,80.1,grapes
713,105.2,45.5,28.7,27.9,69.7,7.57,91.1,cotton
714,98.1,56.7,22.3,27.6,74.1,7.71,110.2,cotton
715,103.7,33.6,48.8,22.8,78.8,6.77,58.5,watermelon
716,96.5,28.7,24.8,32.4,92.6,7.82,70.1,cotton
717,35.3,49.8,74.7,17.6,12.9,7.3,65.1,chickpea
718,79.3,10.9,58.3,24.9,85.1,6.84,54.8,watermelon
719,110.4,93.0,64.2,23.2,84.1,5.69,126.6,banana
720,38.7,103.3,83.7,18.2,21.4,6.94,128.9,chickpea
721,4.5,70.7,11.6,17.2,12.2,6.03,93.6,kidneybeans
722,38.6,52.5,73.0,17.2,19.0,7.12,74.3,chickpea
723,98.2,94.2,44.2,26.5,82.1,6.59,152.0,banana
724,77.5,17.8,40.5,23.4,87.6,6.62,38.9,watermelon
725,33.9,34.7,47.1,33.5,49.9,5.37,88.9,mango
726,87.9,18.5,35.5,25.9,84.5,6.63,53.0,watermelon
727,23.8,122.7,178.5,27.6,86.4,6.39,99.7,grapes
728,104.3,51.4,11.8,24.2,56.9,6.29,85.7,maize
729,99.2,4.5,39.4,24.8,89.0,5.68,43.5,watermelon
730,31.6,71.4,90.1,24.7,15.4,6.89,44.4,chickpea
731,20.1,43.5,15.2,20.6,19.8,5.79,134.0,kidneybeans
732,35.9,71.7,71.9,20.1,21.7,7.27,52.2,chickpea
733,61.3,44.2,29.4,27.3,77.4,5.4,169.0,rice
734,20.0,65.7,14.8,22.9,15.1,5.89,101.0,kidneybeans
735,32.1,105.0,172.1,20.1,86.2,6.38,62.6,grapes
736,62.1,63.8,23.7,22.3,46.8,5.61,55.1,maize
737,20.6,25.7,21.5,28.0,52.7,4.78,123.1,mango
738,95.6,102.9,35.8,24.3,93.5,5.36,134.1,banana
739,24.7,73.4,87.2,19.0,28.8,6.82,86.9,chickpea
740,31.3,152.2,200.0,20.8,81.3,5.8,79.3,grapes
741,37.5,66.3,75.9,17.8,21.2,7.84,54.9,chickpea
742,28.5,26.7,14.3,21.4,92.8,6.94,128.5,orange
743,14.3,74.9,1.2,16.7,23.3,5.6,112.0,kidneybeans
744,17.1,33.2,27.1,28.3,74.0,5.53,118.2,mango
745,89.0,49.8,34.5,24.5,75.6,5.64,148.7,rice
746,60.3,35.5,44.8,26.9,83.2,6.17,185.3,rice
747,89.2,85.9,36.2,26.2,69.5,5.94,129.2,banana
748,111.7,22.8,56.5,23.5,78.2,6.6,38.5,watermelon
749,84.4,47.4,40.0,24.6,82.4,5.81,203.9,rice
750,82.2,63.3,57.4,23.3,76.1,6.5,237.4,rice
751,86.7,35.9,13.2,23.1,63.7,5.97,78.7,maize
752,8.4,8.5,13.1,22.6,89.5,7.83,77.9,orange
753,20.9,13.1,12.3,22.8,95.0,7.45,183.2,orange
754,16.4,134.8,200.0,24.6,91.4,6.0,76.4,grapes
755,43.8,83.9,86.0,17.7,17.9,7.01,85.8,chickpea
756,83.9,42.5,24.7,30.6,80.8,6.09,195.8,rice
757,33.5,33.4,26.8,27.8,49.2,6.99,87.5,mango
758,57.3,42.8,25.8,30.6,87.3,6.35,158.9,rice
759,74.9,61.1,39.3,25.0,74.7,7.73,89.4,maize
760,150.3,51.6,24.5,27.4,80.1,6.76,95.1,cotton
761,84.4,63.3,45.4,23.8,72.4,6.47,199.2,rice
762,79.7,48.3,24.8,21.4,70.6,6.91,69.5,maize
763,95.9,57.9,7.4,26.1,81.8,7.42,42.4,cotton
764,108.4,27.2,53.3,22.6,68.7,5.84,57.4,watermelon
765,17.6,22.1,14.4,18.9,93.3,7.32,138.1,orange
766,11.3,20.7,31.9,30.8,41.1,5.62,117.3,mango
767,112.7,89.5,67.2,23.3,82.2,5.3,99.8,banana
768,11.8,52.2,19.1,18.0,28.8,5.96,53.1,kidneybeans
769,26.7,32.5,35.1,29.5,52.7,5.77,42.5,mango
770,91.3,21.9,48.9,24.0,85.9,6.85,57.4,watermelon
771,39.0,53.1,89.6,21.6,10.0,7.15,72.3,chickpea
772,17.8,121.3,186.6,22.0,85.9,6.62,39.7,grapes
773,29.9,21.9,31.0,33.0,64.5,5.29,111.8,mango
774,78.3,81.0,67.4,27.6,79.7,6.43,71.1,banana
775,29.0,71.0,72.4,21.0,25.7,7.53,27.2,chickpea
776,99.4,48.6,30.9,28.2,65.3,6.38,106.8,maize
777,10.6,9.5,10.2,19.4,91.8,7.36,135.9,orange
778,22.8,31.6,32.7,32.7,50.0,6.06,100.4,mango
779,38.7,88.0,75.3,19.9,19.2,7.06,55.0,chickpea
780,106.7,78.2,54.3,26.4,71.0,5.78,101.9,banana
781,38.4,69.4,78.4,19.4,21.4,7.84,70.6,chickpea
782,98.0,81.3,39.3,30.1,86.5,5.4,126.7,banana
783,77.0,23.8,54.7,24.6,82.2,6.4,221.0,rice
784,95.9,23.9,48.3,25.8,76.6,6.14,64.0,watermelon
785,25.6,57.0,14.4,20.3,22.2,5.7,132.8,kidneybeans
786,34.9,139.7,200.0,19.7,87.8,5.35,56.8,grapes
787,22.9,22.0,42.2,28.9,78.4,4.36,129.3,mango
788,21.7,47.1,24.3,18.1,28.2,5.97,140.0,kidneybeans
789,13.5,14.7,2.9,19.6,95.8,8.05,97.9,orange
790,21.5,65.6,57.2,19.8,10.0,7.21,71.2,chickpea
791,19.5,127.9,188.9,25.9,86.6,6.13,67.5,grapes
792,77.4,41.3,46.2,23.5,83.3,5.26,166.8,rice
793,108.3,9.2,36.9,27.4,82.6,6.36,78.8,watermelon
794,20.0,14.3,20.5,27.5,54.0,6.53,89.9,mango
795,44.3,65.7,64.5,26.4,19.0,7.07,58.7,chickpea
796,63.5,53.0,34.2,30.1,75.4,5.75,227.5,rice
797,22.3,16.4,42.2,28.5,56.7,6.23,72.8,mango
798,18.3,83.2,22.6,19.1,40.0,5.14,67.9,kidneybeans
799,117.1,37.7,21.2,26.7,74.5,6.99,78.1,cotton
800,106.0,43.6,35.3,25.0,85.3,5.04,139.1,rice
801,36.1,72.8,26.5,25.8,23.4,6.06,94.2,kidneybeans
802,23.6,48.5,12.3,20.4,24.2,5.13,125.5,kidneybeans
803,18.5,78.1,30.3,17.5,15.5,6.75,114.5,kidneybeans
804,31.9,86.7,76.3,19.9,20.7,6.92,43.8,chickpea
805,79.9,40.9,45.7,27.6,84.2,6.06,248.4,rice
806,111.1,16.3,51.3,25.3,76.0,6.09,31.3,watermelon
807,41.9,24.0,11.7,25.8,85.0,6.32,72.1,orange
808,73.1,7.1,45.8,26.1,80.6,6.33,37.1,watermelon
809,21.9,76.6,29.9,20.4,16.3,6.29,82.4,kidneybeans
810,32.0,29.1,30.9,29.4,30.4,5.28,122.0,mango
811,64.7,56.9,73.0,22.5,24.8,8.03,41.2,chickpea
812,67.8,53.8,23.9,30.3,88.6,6.31,220.8,rice
813,110.5,52.2,33.0,30.6,80.2,7.0,111.4,banana
814,24.6,25.5,21.4,29.9,56.2,5.44,106.6,mango
815,29.4,34.5,18.1,30.8,24.5,5.79,96.3,mango
816,84.8,34.1,43.6,21.4,83.1,5.98,228.7,rice
817,12.8,64.4,15.9,19.6,21.7,6.25,85.3,kidneybeans
818,91.4,75.3,45.1,26.7,72.5,6.76,111.4,banana
819,113.1,63.8,38.4,24.5,82.2,6.22,52.1,banana
820,22.3,20.5,5.8,20.3,93.0,6.33,123.9,orange
821,28.8,29.7,21.2,16.8,91.9,6.91,113.5,orange
822,36.0,68.6,73.6,22.0,15.6,6.18,93.5,chickpea
823,28.9,27.6,35.4,28.4,52.5,5.6,134.7,mango
824,65.7,43.6,8.7,22.2,75.8,6.68,63.4,maize
825,90.0,58.2,50.2,22.5,92.8,6.58,276.2,rice
826,6.7,21.7,9.9,23.4,92.2,6.64,97.3,orange
827,96.3,37.7,22.6,23.7,61.5,6.27,66.9,maize
828,83.3,28.6,32.2,26.3,79.0,6.75,176.8,rice
829,30.0,41.6,30.7,30.9,56.5,5.63,86.6,mango
830,22.5,13.5,0.0,21.2,95.7,7.78,144.4,orange
831,29.0,134.9,194.4,18.8,72.2,6.09,92.4,grapes
832,108.1,12.2,48.1,33.8,86.1,5.53,36.8,watermelon
833,85.7,90.7,57.5,29.2,80.7,6.0,105.0,banana
834,104.5,88.1,56.9,23.8,75.0,5.75,129.7,banana
835,30.4,62.3,16.5,24.1,21.6,6.42,131.3,kidneybeans
836,18.7,23.2,3.6,16.5,87.3,6.08,81.6,orange
837,85.2,37.4,18.8,19.1,79.3,7.79,84.5,cotton
838,90.8,108.7,55.8,28.7,77.3,5.47,113.1,banana
839,74.6,42.7,28.1,25.0,90.1,5.84,201.3,rice
840,88.3,11.5,58.3,28.5,75.8,6.35,41.0,watermelon
841,28.9,127.0,186.2,24.7,74.7,5.68,95.4,grapes
842,94.7,26.8,46.7,30.4,82.3,5.95,43.2,watermelon
843,31.3,132.3,200.0,27.7,84.4,4.98,68.1,grapes
844,28.2,25.4,37.1,32.4,54.1,5.79,87.7,mango
845,21.2,130.9,171.5,24.5,76.8,6.68,68.8,grapes
846,80.4,94.8,46.8,26.3,76.9,5.34,117.6,banana
847,56.0,77.5,78.0,17.3,20.2,7.33,70.1,chickpea
848,20.6,29.4,23.4,30.5,42.1,5.42,63.7,mango
849,30.5,61.4,92.2,20.9,18.5,7.17,64.1,chickpea
850,21.0,52.5,25.1,21.4,22.6,6.02,77.6,kidneybeans
851,108.5,66.3,55.9,29.1,77.5,6.15,106.6,banana
852,110.7,48.9,18.5,24.2,76.9,6.46,84.5,cotton
853,93.3,10.6,70.2,20.4,80.8,6.0,65.0,watermelon
854,50.7,56.1,5.2,21.1,64.4,5.67,111.0,maize
855,81.6,46.5,24.6,25.3,80.3,5.86,221.3,rice
856,30.3,68.6,27.2,23.2,29.1,5.15,82.0,kidneybeans
857,32.6,40.5,26.2,32.2,44.3,5.76,101.7,mango
858,19.5,27.6,10.5,35.3,67.6,5.71,67.6,mango
859,16.0,18.8,5.5,24.2,89.2,6.87,153.8,orange
860,88.8,77.2,47.6,26.8,100.0,6.74,136.2,banana
861,119.7,32.2,26.4,18.1,81.8,7.25,90.9,cotton
862,86.3,46.8,27.6,26.9,85.7,7.27,39.6,cotton
863,87.2,66.1,14.2,23.1,64.6,6.78,78.9,maize
864,128.7,39.8,26.8,28.2,85.7,7.76,81.5,cotton
865,21.9,21.8,8.7,20.6,92.6,7.09,87.4,orange
866,34.8,82.4,90.5,18.3,13.5,7.73,45.6,chickpea
867,71.0,54.6,35.0,25.2,90.3,6.36,193.7,rice
868,15.5,61.3,16.5,17.0,27.5,6.02,92.1,kidneybeans
869,81.0,56.3,25.5,15.7,68.9,5.05,92.0,maize
870,6.8,65.6,19.1,22.6,20.3,5.66,132.0,kidneybeans
871,88.5,57.8,30.6,27.2,80.6,5.26,213.4,rice
872,28.0,40.0,58.1,20.3,22.6,7.26,81.2,chickpea
873,29.2,130.7,200.0,18.2,86.9,6.24,39.3,grapes
874,17.4,53.2,19.9,17.0,13.7,6.13,86.3,kidneybeans
875,80.1,86.6,45.4,26.3,85.4,6.45,142.9,banana
876,80.2,30.8,24.9,27.1,51.2,6.47,66.1,maize
877,24.8,115.5,200.0,23.4,69.5,5.63,96.2,grapes
878,21.5,33.0,34.2,23.2,45.2,5.09,91.4,mango
879,131.0,21.5,60.0,28.8,75.9,6.45,51.9,watermelon
880,35.0,68.3,72.4,19.6,20.5,6.76,88.8,chickpea
881,138.2,83.3,44.6,25.4,69.6,6.13,99.9,banana
882,94.0,105.5,49.2,31.3,70.8,6.52,119.7,banana
883,36.2,38.4,41.0,35.1,46.7,5.67,80.7,mango
884,6.2,25.2,6.4,20.4,96.5,7.18,103.0,orange
885,24.7,18.2,3.1,26.1,88.3,6.53,115.4,orange
886,21.2,133.0,186.3,29.2,78.8,6.19,53.3,grapes
887,26.6,113.0,197.5,20.4,76.7,6.8,58.3,grapes
888,124.4,75.8,64.1,26.5,95.7,5.73,106.1,banana
889,111.7,55.4,29.7,21.8,93.9,8.11,91.9,cotton
890,11.2,23.6,13.1,23.9,88.2,6.98,128.0,orange
891,75.4,62.0,22.8,24.5,70.2,6.14,136.4,maize
892,88.2,33.9,16.6,20.1,89.1,7.7,74.1,cotton
893,29.5,96.4,200.0,24.1,72.3,6.25,62.5,grapes
894,16.3,107.0,200.0,26.6,71.5,6.24,40.6,grapes
895,32.2,18.8,16.0,14.5,90.5,6.88,122.5,orange
896,24.7,48.0,31.0,26.4,33.5,6.73,103.7,mango
897,122.4,5.1,47.7,22.8,82.6,6.51,23.2,watermelon
898,38.5,69.6,78.1,20.3,13.1,6.58,53.7,chickpea
899,22.6,63.4,11.7,17.9,23.1,5.83,93.5,kidneybeans
900,106.5,17.1,44.4,28.6,79.5,7.39,81.0,watermelon
901,31.1,60.9,21.9,17.2,25.2,6.09,28.1,kidneybeans
902,68.2,37.0,24.2,22.8,92.0,6.02,227.4,rice
903,16.0,109.2,199.6,15.5,85.8,6.36,73.6,grapes
904,91.7,52.4,40.0,18.5,73.6,5.62,189.4,rice
905,65.5,52.6,20.9,25.5,59.6,6.62,59.0,maize
906,65.8,43.4,34.5,30.0,89.0,6.25,146.8,rice
907,29.1,117.6,190.3,23.0,81.4,6.1,73.7,grapes
908,34.5,59.3,22.7,20.7,19.0,6.31,111.5,kidneybeans
909,25.2,11.3,6.9,23.6,92.8,7.17,111.4,orange
910,72.2,59.5,36.3,28.4,87.8,6.45,247.2,rice
911,71.3,55.9,20.9,26.5,82.3,6.27,202.0,rice
912,22.8,13.0,21.2,32.3,37.3,7.05,164.3,mango
913,106.4,27.5,62.3,26.9,77.0,5.98,55.7,watermelon
914,16.9,64.9,16.1,19.5,25.6,5.49,83.1,kidneybeans
915,18.6,14.2,9.0,21.4,88.7,6.65,87.0,orange
916,1.5,41.2,22.0,24.0,34.6,5.47,76.3,kidneybeans
917,17.3,50.3,26.4,22.1,17.8,5.79,97.1,kidneybeans
918,124.6,47.7,17.1,15.5,79.0,6.97,77.9,cotton
919,26.0,32.7,47.0,33.2,42.3,5.85,94.0,mango
920,72.0,60.0,31.3,18.4,86.0,6.73,210.2,rice
921,36.9,127.3,200.0,27.8,75.9,6.35,82.9,grapes
922,114.5,100.4,40.4,22.9,77.6,5.83,80.7,banana
923,68.4,70.5,34.5,30.1,76.4,6.49,249.7,rice
924,20.6,35.6,25.9,30.9,31.3,5.62,135.6,mango
925,24.1,67.3,27.3,19.5,27.8,5.96,142.7,kidneybeans
926,86.4,62.7,15.7,20.6,64.6,7.12,61.2,cotton
927,28.4,22.1,20.1,18.8,90.0,7.27,96.2,orange
928,77.3,37.2,20.5,23.9,55.6,5.76,58.4,maize
929,31.4,55.5,71.2,19.0,16.2,7.26,72.4,chickpea
930,29.1,30.6,31.1,32.9,62.6,5.06,75.5,mango
931,27.3,113.8,200.0,19.5,65.4,5.97,78.7,grapes
932,23.0,18.7,2.8,19.2,90.8,7.05,138.3,orange
933,43.9,62.7,77.8,9.6,17.7,6.47,30.0,chickpea
934,45.6,70.1,79.9,26.5,16.3,7.11,65.4,chickpea
935,16.2,58.6,23.3,19.9,21.9,5.94,94.5,kidneybeans
936,37.7,79.6,75.3,19.0,23.3,7.87,64.1,chickpea
937,96.2,35.8,30.5,26.4,81.7,7.83,81.7,cotton
938,31.6,131.1,139.7,23.4,73.6,6.15,62.8,grapes
939,95.8,97.0,48.4,23.8,82.9,6.45,109.4,banana
940,34.9,29.2,33.4,32.2,31.5,5.93,65.8,mango
941,18.8,73.2,88.5,18.6,10.0,6.32,79.1,chickpea
942,27.0,86.7,18.7,15.9,15.6,5.95,121.6,kidneybeans
943,32.3,103.8,171.6,26.5,74.1,5.8,62.6,grapes
944,47.7,63.6,84.9,20.6,12.3,7.21,64.8,chickpea
945,126.5,28.7,19.1,25.9,72.3,7.23,31.4,cotton
946,91.5,27.4,55.7,32.5,85.5,6.31,38.4,watermelon
947,18.3,104.5,200.0,19.7,81.4,5.95,92.8,grapes
948,26.0,135.4,186.4,22.0,72.3,5.64,90.2,grapes
949,10.3,138.3,169.2,24.7,74.2,5.75,73.3,grapes
950,25.0,14.3,13.6,23.4,81.8,7.26,176.7,orange
951,89.1,40.1,31.8,23.3,79.2,6.98,90.2,cotton
952,24.7,38.1,25.7,21.2,27.7,5.39,120.5,kidneybeans
953,70.9,21.2,60.6,26.0,79.3,5.8,68.9,watermelon
954,25.4,62.5,55.1,17.8,14.3,7.3,59.9,chickpea
955,80.4,16.7,58.5,29.8,78.8,6.27,41.8,watermelon
956,31.4,33.8,29.1,26.5,60.5,5.57,74.0,mango
957,94.6,41.3,43.0,26.9,78.2,5.64,208.3,rice
958,94.3,64.1,3.9,27.1,87.9,7.23,106.8,cotton
959,76.5,27.1,55.7,30.5,78.4,6.1,56.1,watermelon
960,57.2,59.4,18.0,23.4,64.0,6.79,68.6,maize
961,105.4,39.9,12.3,22.1,66.1,5.49,102.7,maize
962,104.7,22.0,40.1,23.8,78.9,6.55,42.0,watermelon
963,11.7,10.6,12.8,25.1,91.5,8.34,68.2,orange
964,25.4,21.8,12.5,20.6,87.5,7.32,87.8,orange
965,106.5,79.0,56.3,28.2,85.4,5.95,78.8,banana
966,25.8,21.2,25.0,32.0,63.6,5.7,127.1,mango
967,87.6,19.7,31.6,21.0,91.8,6.63,55.9,watermelon
968,48.9,69.3,70.9,17.9,17.4,7.45,58.5,chickpea
969,56.2,12.4,52.9,29.2,89.9,6.12,54.6,watermelon
970,106.5,67.6,53.2,26.3,63.0,5.77,143.2,banana
971,35.3,27.4,31.3,32.5,41.3,5.71,142.5,mango
972,149.2,46.5,26.1,19.2,75.2,7.22,64.5,cotton
973,84.0,68.8,18.9,29.3,72.4,7.22,51.8,cotton
974,37.4,15.3,11.9,22.4,95.9,7.0,123.9,orange
975,22.0,29.3,16.9,16.3,90.8,6.45,99.6,orange
976,20.4,17.3,6.8,22.1,89.3,6.75,120.5,orange
977,92.7,24.2,39.1,30.4,72.5,6.6,78.3,watermelon
978,109.3,19.3,42.8,25.6,92.9,6.17,27.4,watermelon
979,100.3,38.5,19.9,29.0,95.4,7.17,86.4,cotton
980,25.9,74.6,18.6,22.0,19.0,5.09,71.2,kidneybeans
981,38.7,65.7,79.0,15.7,10.0,6.85,55.7,chickpea
982,30.3,149.0,179.4,23.4,76.0,5.58,65.6,grapes
983,128.1,51.8,18.4,23.8,79.8,7.63,97.6,cotton
984,72.3,70.4,38.4,21.7,81.8,5.77,212.4,rice
985,67.0,57.4,22.3,20.5,69.2,6.19,86.0,maize
986,22.0,12.8,37.6,29.0,40.4,5.0,120.9,mango
987,14.8,20.4,15.4,19.6,93.4,7.94,94.7,orange
988,71.6,18.1,43.4,23.3,72.9,6.54,36.5,watermelon
989,71.6,64.1,28.1,23.0,68.2,5.48,67.6,maize
990,102.7,27.7,61.8,24.4,90.2,6.36,68.6,watermelon
991,16.2,16.1,7.6,21.4,94.3,6.83,86.7,orange
992,70.0,53.8,23.4,24.9,59.5,7.15,70.2,maize
993,31.0,45.8,23.3,21.5,24.1,6.12,101.4,kidneybeans
994,7.5,78.0,23.4,18.4,31.9,6.97,114.9,kidneybeans
995,119.7,59.1,18.7,26.7,81.6,7.42,73.7,cotton
996,34.1,58.3,83.8,22.5,15.6,8.0,64.5,chickpea
997,27.9,143.3,200.0,19.4,75.9,6.07,74.1,grapes
998,34.4,20.3,42.4,30.9,50.9,5.76,83.3,mango
999,87.2,47.2,21.2,20.9,60.5,6.74,98.2,maize
1000,86.6,47.7,26.3,25.8,69.8,6.63,161.3,rice
1001,92.6,85.7,47.1,21.7,72.3,6.18,78.3,banana
1002,74.8,53.2,13.1,25.0,62.6,6.18,115.9,maize
1003,14.4,12.3,11.8,24.5,90.0,7.44,120.6,orange
1004,3.2,73.2,18.7,13.3,20.2,5.92,99.5,kidneybeans
1005,86.0,50.5,48.5,22.8,77.6,6.59,194.5,rice
1006,16.6,117.8,200.0,20.4,83.4,6.61,76.4,grapes
1007,71.0,53.7,22.2,21.6,67.6,5.89,79.8,maize
1008,94.5,22.1,45.5,27.6,78.9,7.12,62.0,watermelon
1009,95.9,48.4,45.4,26.3,91.6,6.61,204.2,rice
1010,20.7,66.4,31.7,16.8,26.0,5.82,108.1,kidneybeans
1011,40.1,63.1,83.5,24.6,25.8,6.53,31.7,chickpea
1012,43.0,104.7,62.3,20.1,10.0,6.52,57.1,chickpea
1013,48.9,56.6,98.4,18.6,19.7,7.04,63.7,chickpea
1014,132.6,40.9,13.5,22.6,81.0,6.49,87.5,cotton
1015,103.3,53.6,17.7,27.3,76.6,6.79,91.3,cotton
1016,13.8,25.7,0.0,21.0,84.7,6.46,129.0,orange
1017,100.4,32.9,26.4,22.2,77.1,8.05,85.7,cotton
1018,31.6,29.1,29.4,28.9,51.5,6.07,125.9,mango
1019,38.0,66.6,67.4,18.8,18.6,7.06,58.9,chickpea
1020,30.7,116.7,170.7,22.0,92.2,6.39,39.4,grapes
1021,12.5,22.1,14.0,17.2,87.6,7.13,99.4,orange
1022,41.4,57.6,81.4,19.4,17.3,6.31,75.0,chickpea
1023,24.1,31.1,46.4,31.8,39.6,6.14,126.9,mango
1024,73.3,32.1,32.9,25.0,83.4,6.47,227.2,rice
1025,128.8,23.0,54.3,24.3,80.1,7.01,54.8,watermelon
1026,74.6,77.4,39.3,26.2,80.6,5.72,80.3,banana
1027,52.7,46.8,89.8,17.9,10.0,6.07,78.3,chickpea
1028,76.2,52.1,20.6,23.9,65.8,6.89,82.1,maize
1029,26.9,18.3,0.0,25.4,92.1,7.53,107.5,orange
1030,20.4,118.2,200.0,27.2,78.4,6.09,58.9,grapes
1031,17.2,8.5,11.1,21.7,90.7,7.04,133.9,orange
1032,65.6,18.2,53.5,26.4,80.1,6.69,58.4,watermelon
1033,79.0,59.6,53.8,29.9,76.4,6.11,88.8,banana
1034,26.8,63.1,22.9,22.1,20.2,5.9,97.8,kidneybeans
1035,127.6,24.5,36.1,32.6,74.8,7.34,64.0,watermelon
1036,65.8,68.5,29.5,21.3,75.1,6.85,105.4,maize
1037,113.0,22.8,59.8,25.3,76.9,6.26,64.0,watermelon
1038,81.8,40.1,44.6,27.0,82.3,5.44,196.2,rice
1039,83.0,68.7,20.5,23.1,83.4,5.64,182.9,rice
1040,113.7,79.0,44.6,26.7,80.7,6.33,148.5,banana
1041,28.2,68.6,27.9,22.0,30.4,5.81,101.2,kidneybeans
1042,25.0,125.4,200.0,19.5,78.6,5.4,119.1,grapes
1043,26.9,64.9,86.9,20.2,10.0,7.32,59.2,chickpea
1044,38.3,66.9,91.8,13.4,22.4,7.7,33.5,chickpea
1045,101.1,46.7,19.2,27.1,64.0,6.77,78.1,maize
1046,69.3,56.5,12.8,21.2,61.5,6.41,92.9,maize
1047,19.0,70.8,29.6,22.3,29.6,5.68,107.1,kidneybeans
1048,22.7,69.9,23.1,17.9,33.1,5.85,107.6,kidneybeans
1049,89.7,48.1,22.4,34.5,82.1,8.0,90.3,cotton
1050,92.1,37.3,23.9,26.9,84.6,7.56,57.0,cotton
1051,99.2,38.5,19.9,23.7,81.1,7.12,139.2,cotton
1052,113.9,17.1,52.3,25.7,85.1,6.8,45.4,watermelon
1053,81.8,38.2,14.7,23.0,73.0,6.47,117.2,maize
1054,21.9,71.3,87.4,21.1,10.0,6.66,53.8,chickpea
1055,25.1,162.7,200.0,26.1,78.1,6.47,71.5,grapes
1056,22.7,126.5,188.0,22.1,84.6,6.52,77.7,grapes
1057,39.8,82.9,66.8,17.7,20.0,6.9,64.4,chickpea
1058,66.8,38.2,13.3,25.1,77.7,5.79,76.9,maize
1059,23.1,42.8,27.4,32.3,65.6,5.2,138.4,mango
1060,90.4,100.2,40.2,24.5,71.2,6.14,93.3,banana
1061,120.0,37.4,14.9,25.2,79.7,7.15,52.0,cotton
1062,116.2,93.0,54.7,22.2,84.5,6.02,113.3,banana
1063,153.9,35.0,18.3,29.3,78.8,7.27,75.2,cotton
1064,65.9,15.5,68.3,21.2,91.4,6.49,62.4,watermelon
1065,98.8,93.9,45.3,26.7,75.0,6.67,113.0,banana
1066,8.1,84.8,26.1,18.7,18.4,5.4,89.0,kidneybeans
1067,15.0,16.9,25.0,28.3,40.3,6.35,72.1,mango
1068,123.9,51.6,13.5,28.2,78.5,6.41,56.1,cotton
1069,75.6,39.8,52.0,26.1,81.6,6.65,191.6,rice
1070,5.0,35.5,22.9,28.0,32.4,6.5,84.7,mango
1071,86.7,46.8,24.7,25.8,80.5,5.94,197.2,rice
1072,27.3,117.9,200.0,24.3,81.6,5.7,48.8,grapes
1073,63.4,88.7,56.8,27.1,61.1,5.78,102.2,banana
1074,11.4,50.4,25.1,24.6,24.9,5.95,80.4,kidneybeans
1075,20.7,60.5,22.3,16.8,16.7,6.15,104.2,kidneybeans
1076,7.9,25.6,31.3,34.0,50.4,6.09,83.7,mango
1077,84.5,61.9,18.7,20.5,54.0,6.51,100.0,maize
1078,62.5,45.2,43.3,30.3,96.9,6.11,200.8,rice
1079,27.2,21.3,33.2,30.0,70.8,5.68,76.0,mango
1080,17.0,152.9,200.0,23.9,73.6,5.57,97.3,grapes
1081,19.4,68.2,16.8,18.7,26.4,6.72,124.4,kidneybeans
1082,118.9,40.8,15.0,32.4,79.9,7.24,59.2,cotton
1083,76.9,25.0,30.2,23.1,93.9,5.87,103.0,watermelon
1084,18.4,89.0,200.0,29.0,78.9,5.99,84.0,grapes
1085,24.4,56.2,23.1,16.7,32.1,5.37,106.7,kidneybeans
1086,18.8,48.3,21.5,31.7,49.5,5.94,90.9,mango
1087,10.3,71.1,15.0,21.6,10.0,5.48,96.0,kidneybeans
1088,26.4,72.4,27.3,19.8,13.6,5.53,103.0,kidneybeans
1089,88.0,31.1,18.2,28.7,64.5,6.37,86.5,maize
1090,80.4,52.1,45.1,24.1,82.6,6.16,222.7,rice
1091,31.5,41.9,39.0,33.6,45.3,6.03,100.2,mango
1092,18.6,134.2,192.2,16.3,79.0,6.07,78.5,grapes
1093,70.0,46.5,28.3,23.4,74.9,5.88,71.8,maize
1094,45.2,65.1,74.2,13.6,21.2,7.58,75.3,chickpea
1095,4.8,61.4,27.6,20.1,27.1,5.62,110.8,kidneybeans
1096,14.2,45.8,28.1,16.3,23.6,6.34,100.0,kidneybeans
1097,29.8,60.9,20.7,18.0,24.7,5.75,132.9,kidneybeans
1098,18.5,70.1,21.6,13.6,26.1,4.96,116.4,kidneybeans
1099,103.4,93.7,46.8,28.2,90.2,5.74,103.7,banana
1100,130.2,27.4,48.3,27.1,85.2,6.13,68.2,watermelon
1101,103.0,54.8,22.5,30.9,94.5,7.44,75.0,cotton
1102,72.3,32.8,15.5,23.2,68.6,6.51,80.6,maize
1103,37.8,103.5,200.0,24.8,73.8,6.32,52.8,grapes
1104,60.9,50.3,33.0,21.0,94.3,5.7,198.2,rice
1105,84.5,64.4,10.5,21.7,82.2,7.19,158.7,rice
1106,99.8,58.8,40.2,24.3,85.6,6.89,193.9,rice
1107,76.6,12.0,49.2,24.6,77.3,6.99,29.2,watermelon
1108,86.1,33.4,15.6,23.1,75.1,6.67,77.2,maize
1109,71.3,52.3,43.5,25.1,84.3,6.51,144.2,rice
1110,27.4,159.4,200.0,24.4,77.4,6.27,64.1,grapes
1111,55.8,67.7,40.6,32.3,83.8,6.21,133.9,banana
1112,104.7,48.5,11.6,31.3,76.9,6.14,155.0,rice
1113,80.7,58.3,38.4,27.1,98.1,5.76,141.9,rice
1114,100.0,47.0,33.9,27.8,78.2,6.88,84.9,cotton
1115,114.6,16.5,31.0,24.2,79.9,6.36,64.2,watermelon
1116,27.5,120.5,200.0,22.1,78.1,6.12,112.9,grapes
1117,23.6,61.1,23.6,17.2,21.6,5.8,80.6,kidneybeans
1118,97.8,8.5,56.1,29.4,83.9,6.34,71.7,watermelon
1119,75.0,28.4,54.6,24.7,86.1,6.82,33.2,watermelon
1120,91.6,47.6,38.2,24.5,83.2,5.67,211.8,rice
1121,30.5,131.2,200.0,24.3,58.5,5.83,60.7,grapes
1122,25.1,45.3,37.3,32.3,52.4,5.97,90.0,mango
1123,96.5,37.2,24.2,21.3,78.6,6.47,116.2,cotton
1124,23.7,145.1,187.4,19.8,80.0,5.62,77.4,grapes
1125,94.8,21.8,20.4,32.1,92.3,7.1,116.0,cotton
1126,91.7,50.1,33.3,19.1,85.8,5.56,216.4,rice
1127,23.1,120.9,181.8,16.4,74.8,6.5,87.9,grapes
1128,121.8,40.9,27.2,29.1,85.0,7.66,94.7,cotton
1129,11.8,8.7,9.9,22.6,98.4,6.57,102.9,orange
1130,76.7,3.8,56.3,24.4,79.3,6.09,44.0,watermelon
1131,84.9,41.6,24.5,20.8,77.9,6.6,119.6,maize
1132,149.8,57.2,25.7,19.7,71.1,6.65,95.3,cotton
1133,22.1,52.5,78.1,18.1,18.5,7.0,34.1,chickpea
1134,20.3,13.3,12.2,22.6,90.3,6.66,146.2,orange
1135,99.7,7.2,57.5,22.7,87.2,6.57,40.4,watermelon
1136,19.3,70.2,22.7,25.7,27.9,5.76,90.2,kidneybeans
1137,112.0,38.9,17.1,21.6,77.8,7.24,78.5,cotton
1138,81.8,60.6,57.0,26.4,79.8,6.34,198.6,rice
1139,23.5,23.8,12.4,24.2,92.3,7.11,116.1,orange
1140,96.1,30.6,27.6,20.9,80.4,6.38,176.2,rice
1141,27.8,14.2,19.7,26.6,95.1,6.61,125.0,orange
1142,113.1,101.1,50.9,25.4,67.6,6.31,94.0,banana
1143,20.4,13.2,10.2,23.0,94.4,7.37,144.8,orange
1144,69.4,105.5,41.9,26.7,69.6,6.01,103.2,banana
1145,38.3,77.0,71.3,17.6,25.3,6.97,89.8,chickpea
1146,16.8,25.3,34.8,33.0,45.7,6.23,121.7,mango
1147,89.2,56.4,37.0,25.6,80.6,5.15,174.9,rice
1148,35.5,73.3,21.1,21.7,15.7,6.06,62.4,kidneybeans
1149,107.7,17.8,49.0,28.1,69.2,6.21,68.1,watermelon
1150,37.0,89.8,183.9,18.3,84.7,5.61,51.4,grapes
1151,70.2,15.7,44.3,33.5,73.7,6.55,32.8,watermelon
1152,101.5,91.7,48.6,30.1,73.1,5.88,149.5,banana
1153,28.1,71.3,29.2,23.9,18.8,5.92,110.2,kidneybeans
1154,90.9,18.1,62.5,31.1,100.0,6.05,51.6,watermelon
1155,83.4,41.1,14.9,19.2,69.1,7.38,93.6,cotton
1156,57.4,67.0,65.2,15.6,15.9,6.71,41.6,chickpea
1157,24.4,125.0,200.0,25.5,80.5,5.96,86.2,grapes
1158,27.5,80.6,11.8,22.9,15.7,5.61,105.2,kidneybeans
1159,102.6,92.8,41.9,25.3,67.5,5.91,103.0,banana
1160,87.6,17.7,38.9,23.4,75.0,6.81,42.6,watermelon
1161,69.3,50.1,24.3,21.4,81.4,6.65,224.6,rice
1162,67.0,46.5,14.2,21.0,52.7,6.86,83.6,maize
1163,44.6,69.7,83.7,16.5,24.5,7.58,60.2,chickpea
1164,23.0,120.9,200.0,21.2,71.6,5.84,43.7,grapes
1165,93.9,81.4,48.7,24.0,86.0,6.41,94.1,banana
1166,24.2,148.5,154.5,27.2,90.4,5.83,61.3,grapes
1167,25.3,43.9,28.3,34.6,63.0,5.53,124.7,mango
1168,48.9,82.3,69.4,17.3,22.0,7.29,68.7,chickpea
1169,32.0,25.2,35.5,32.3,44.7,5.76,106.3,mango
1170,76.9,49.9,14.3,20.7,68.2,6.11,98.2,maize
1171,134.7,20.4,54.1,22.3,84.6,6.81,45.0,watermelon
1172,29.2,19.4,37.6,33.1,48.4,5.68,88.8,mango
1173,15.4,150.1,200.0,23.3,77.1,6.02,82.2,grapes
1174,38.3,57.2,84.3,14.3,20.5,7.55,41.8,chickpea
1175,90.9,39.0,31.5,27.3,84.5,6.46,96.0,maize
1176,96.1,50.3,16.4,26.5,79.4,6.95,128.9,maize
1177,24.1,177.2,200.0,24.9,80.1,6.6,96.4,grapes
1178,24.1,18.0,12.8,22.9,95.3,6.69,108.6,orange
1179,18.6,65.6,88.1,18.8,13.2,6.76,61.1,chickpea
1180,24.8,25.8,29.8,32.2,46.1,5.33,71.3,mango
1181,92.0,74.7,41.5,22.1,83.9,6.31,123.5,banana
1182,21.3,21.7,20.9,28.2,94.5,6.62,77.3,orange
1183,109.2,59.9,13.4,25.2,74.9,7.8,62.8,cotton
1184,2.3,31.3,24.3,34.8,53.6,6.81,79.5,mango
1185,17.1,12.8,13.7,25.7,95.5,7.67,96.2,orange
1186,97.0,105.8,27.6,27.4,78.4,5.95,126.4,banana
1187,23.0,11.4,25.6,29.0,54.7,5.51,121.0,mango
1188,15.8,34.4,13.0,20.9,90.9,6.53,80.5,orange
1189,69.8,47.3,23.4,23.7,58.2,6.3,112.7,maize
1190,42.0,80.4,81.7,27.9,10.0,7.1,73.2,chickpea
1191,24.4,60.4,60.0,22.1,21.8,6.93,72.9,chickpea
1192,27.9,132.0,175.2,23.2,79.9,7.28,97.2,grapes
1193,26.9,96.8,15.2,18.4,24.5,6.63,99.6,kidneybeans
1194,107.9,35.6,48.0,25.7,86.3,6.36,225.9,rice
1195,84.0,42.1,25.8,24.8,73.4,6.07,75.6,maize
1196,10.9,11.0,8.8,22.2,93.2,6.99,79.1,orange
1197,100.8,24.3,47.0,25.7,80.4,5.95,59.8,watermelon
1198,32.2,47.5,86.5,17.3,19.4,7.7,74.1,chickpea
1199,102.7,75.7,57.7,29.2,72.9,6.37,125.4,banana
1200,25.7,26.2,26.0,26.1,43.7,5.94,104.3,mango
1201,96.7,90.8,54.0,26.8,65.8,5.51,168.1,banana
1202,106.9,64.8,14.5,21.7,89.7,7.54,78.1,cotton
1203,18.5,51.2,28.5,16.9,34.1,6.37,118.7,kidneybeans
1204,115.0,72.8,45.5,25.9,86.9,6.04,90.7,banana
1205,71.1,88.7,56.5,25.4,66.3,7.19,126.4,banana
1206,91.6,22.7,40.2,28.3,90.7,5.75,55.5,watermelon
1207,34.8,66.0,79.6,14.1,23.0,7.12,48.0,chickpea
1208,19.9,11.4,14.5,15.1,87.3,7.2,148.0,orange
1209,24.7,53.8,18.3,22.3,37.1,5.75,129.7,kidneybeans
1210,27.5,28.8,47.3,29.8,61.9,5.12,90.8,mango
1211,68.6,49.4,19.4,23.0,71.1,5.72,95.7,maize
1212,75.4,51.0,16.6,22.4,47.0,6.02,100.5,maize
1213,82.4,34.6,35.7,21.3,86.1,6.47,215.6,rice
1214,37.8,85.4,93.0,21.7,11.5,6.96,53.1,chickpea
1215,108.9,48.5,44.7,22.1,97.1,6.18,236.4,rice
1216,69.4,40.0,50.5,25.4,87.3,5.53,198.0,rice
1217,23.6,55.7,24.1,17.9,23.3,5.21,108.4,kidneybeans
1218,110.9,37.9,33.9,29.6,77.1,6.58,44.8,cotton
1219,17.4,13.7,36.1,34.9,44.1,6.05,120.4,mango
1220,23.5,16.8,5.8,23.8,94.9,7.09,129.9,orange
1221,8.6,9.0,12.3,22.7,92.2,7.46,152.4,orange
1222,21.2,17.6,1.9,17.0,91.0,7.65,106.1,orange
1223,70.2,20.0,55.0,27.2,71.5,6.25,56.2,watermelon
1224,24.3,22.5,10.7,28.2,94.9,6.69,92.3,orange
1225,69.5,49.6,33.4,27.9,84.4,7.04,183.5,rice
1226,101.3,55.5,40.4,30.6,79.0,5.83,84.0,banana
1227,46.2,64.9,89.6,24.3,10.0,7.14,87.8,chickpea
1228,111.6,48.2,13.6,18.2,72.0,7.99,62.5,cotton
1229,38.3,62.5,78.8,22.7,18.5,7.07,78.5,chickpea
1230,77.1,50.4,17.4,33.2,74.1,6.96,97.7,maize
1231,122.0,56.1,22.5,20.3,63.1,6.49,71.4,maize
1232,104.0,61.0,50.8,31.7,82.8,5.57,120.7,banana
1233,128.4,37.0,15.9,21.5,70.4,8.03,73.5,cotton
1234,91.9,22.0,39.8,28.1,81.0,6.16,46.6,watermelon
1235,28.5,127.5,163.9,17.6,74.9,6.09,77.2,grapes
1236,83.5,88.3,57.5,28.9,92.2,6.37,108.5,banana
1237,51.1,37.8,27.2,21.6,58.1,6.11,61.4,maize
1238,63.8,41.5,49.8,26.2,85.9,5.8,190.9,rice
1239,96.7,27.0,50.7,27.9,95.3,6.08,58.5,watermelon
1240,73.8,33.4,15.1,21.9,66.8,6.38,39.4,maize
1241,80.2,16.1,45.2,20.6,92.7,6.43,22.7,watermelon
1242,71.9,34.9,21.1,20.1,56.3,6.67,86.0,maize
1243,18.8,35.1,27.6,25.7,57.9,6.7,62.0,mango
1244,81.8,71.1,38.8,28.3,87.3,5.96,87.5,banana
1245,16.9,101.3,200.0,23.4,87.3,5.65,62.7,grapes
1246,32.5,30.9,27.4,31.2,47.7,5.43,116.0,mango
1247,60.1,45.7,17.0,28.0,59.5,5.75,110.3,maize
1248,94.1,62.8,49.6,26.5,87.0,6.27,84.4,banana
1249,126.1,41.1,15.2,22.9,80.7,7.29,87.3,cotton
1250,91.3,51.1,22.9,19.1,78.7,7.26,117.3,maize
1251,72.5,81.0,55.9,25.7,74.6,5.82,61.6,banana
1252,109.5,51.6,43.5,22.4,81.3,5.8,165.3,banana
1253,45.8,82.6,78.6,16.5,11.5,6.25,71.1,chickpea
1254,93.7,53.6,18.4,27.4,72.3,5.82,56.8,maize
1255,91.1,37.5,29.1,31.3,89.6,5.73,164.2,rice
1256,74.1,61.8,17.6,21.5,59.9,6.68,93.3,maize
1257,27.3,40.9,27.4,18.1,20.9,5.93,95.7,kidneybeans
1258,101.5,6.9,69.9,26.7,73.2,7.68,58.4,watermelon
1259,116.0,39.5,14.1,33.0,70.6,7.49,79.8,cotton
1260,130.7,79.8,62.4,23.7,76.3,6.03,153.6,banana
1261,74.7,41.4,40.7,25.4,82.8,5.91,191.1,rice
1262,92.9,62.8,26.4,22.3,83.2,5.71,232.0,rice
1263,87.7,76.8,46.8,25.2,73.6,5.78,78.6,banana
1264,29.6,59.0,23.9,21.7,22.9,6.14,56.3,kidneybeans
1265,53.4,70.7,88.6,21.1,13.9,7.05,40.3,chickpea
1266,91.6,69.5,53.6,30.7,69.8,6.2,143.1,banana
1267,20.6,55.3,23.1,24.1,17.5,6.04,70.0,kidneybeans
1268,79.7,37.3,44.7,24.6,83.0,5.75,146.4,rice
1269,99.7,68.7,32.0,16.5,78.4,6.87,106.4,cotton
1270,22.3,23.9,9.9,25.0,97.6,7.83,135.9,orange
1271,31.7,65.9,75.5,20.4,11.8,7.69,74.2,chickpea
1272,21.9,112.6,200.0,17.5,75.0,6.46,75.5,grapes
1273,118.3,86.0,36.1,27.2,86.7,6.67,122.9,banana
1274,105.9,14.6,59.1,29.4,87.1,5.68,49.3,watermelon
1275,91.8,61.4,25.4,20.2,79.1,6.37,101.9,maize
1276,82.2,91.8,53.5,27.3,74.6,5.79,111.1,banana
1277,18.9,100.8,137.9,14.3,86.1,5.87,96.4,grapes
1278,91.7,12.8,52.2,23.9,90.6,6.51,47.3,watermelon
1279,100.0,83.5,50.4,30.7,75.9,6.54,110.0,banana
1280,37.8,75.1,69.2,16.4,16.1,6.64,81.1,chickpea
1281,75.3,46.6,43.3,22.5,80.7,6.64,178.7,rice
1282,86.2,63.6,34.9,24.6,75.5,6.75,129.6,rice
1283,28.4,115.9,183.3,26.7,81.9,5.3,72.9,grapes
1284,93.6,105.8,39.3,26.6,72.6,6.02,116.8,banana
1285,9.8,116.8,191.3,26.0,80.2,6.08,86.5,grapes
1286,27.2,114.9,173.8,17.8,86.7,5.94,80.5,grapes
1287,75.2,49.6,35.4,20.7,93.3,5.94,231.4,rice
1288,95.2,29.1,47.3,28.9,89.6,5.93,38.8,watermelon
1289,20.3,89.6,200.0,23.2,59.6,5.89,76.1,grapes
1290,83.1,48.3,53.3,25.0,64.8,6.17,185.5,rice
1291,87.1,20.4,39.0,28.6,72.3,6.33,42.2,watermelon
1292,69.7,41.1,23.3,23.9,67.6,5.84,132.7,maize
1293,75.4,71.9,21.3,24.9,60.5,6.27,74.4,maize
1294,45.9,72.1,78.7,15.2,21.3,7.0,35.7,chickpea
1295,21.0,23.9,28.5,24.3,46.0,6.44,71.5,mango
1296,51.3,50.9,49.4,27.0,88.7,6.95,177.4,rice
1297,52.6,59.9,87.5,19.3,10.7,7.49,55.4,chickpea
1298,94.0,79.7,33.7,24.5,81.7,6.47,156.4,rice
1299,87.4,11.7,18.3,23.2,67.7,6.81,108.1,maize
1300,25.6,17.8,18.3,25.5,90.8,6.23,85.8,orange
1301,91.0,85.0,56.0,30.2,85.2,6.56,68.5,banana
1302,26.7,89.6,23.7,15.4,26.3,5.42,77.0,kidneybeans
1303,100.8,56.8,54.1,24.5,79.5,6.65,84.5,banana
1304,29.4,41.3,21.8,21.0,15.4,6.55,147.8,kidneybeans
1305,27.5,56.5,20.6,21.3,28.0,5.9,86.1,kidneybeans
1306,33.7,30.9,19.6,36.4,49.7,5.7,69.3,mango
1307,132.7,39.2,12.1,28.0,66.0,6.55,88.1,cotton
1308,66.7,96.3,64.7,27.6,68.4,5.79,91.6,banana
1309,146.5,119.5,53.2,33.5,67.9,5.67,104.2,banana
1310,84.0,50.8,25.2,23.4,86.8,6.47,103.5,maize
1311,101.6,81.5,59.4,26.0,81.2,6.07,125.7,banana
1312,18.7,26.2,14.3,18.9,91.0,7.04,113.4,orange
1313,56.4,58.7,17.8,25.5,79.9,6.15,190.3,rice
1314,17.7,140.5,174.1,24.1,80.4,6.33,73.2,grapes
1315,94.4,91.5,39.1,28.6,82.2,6.21,92.1,banana
1316,98.9,55.9,22.1,20.6,72.7,7.8,66.5,cotton
1317,101.8,16.0,47.0,30.0,86.2,6.76,18.6,watermelon
1318,33.5,137.6,200.0,25.2,68.6,5.65,62.0,grapes
1319,22.9,38.1,33.5,27.1,73.4,5.57,75.2,mango
1320,112.1,49.9,16.5,29.6,86.0,8.04,53.9,cotton
1321,25.4,116.0,200.0,25.1,81.7,5.52,70.6,grapes
1322,110.0,46.0,10.5,29.8,83.7,6.97,55.2,cotton
1323,106.2,46.7,55.2,23.9,72.2,6.0,178.9,rice
1324,78.1,56.2,10.7,20.8,50.4,5.8,127.9,maize
1325,12.4,60.3,31.0,21.9,27.7,6.48,109.9,kidneybeans
1326,21.3,19.9,13.3,23.0,89.3,7.15,159.4,orange
1327,66.4,55.6,33.5,24.4,76.5,6.66,198.5,rice
1328,27.2,114.1,169.0,21.2,88.1,6.33,74.5,grapes
1329,38.3,107.7,200.0,21.6,90.2,5.46,53.1,grapes
1330,101.7,33.4,19.3,26.1,78.6,7.97,91.0,cotton
1331,103.4,58.6,28.8,22.6,71.5,5.78,78.2,maize
1332,72.8,39.7,42.3,23.5,72.0,5.84,197.0,rice
1333,99.3,52.2,16.3,25.0,43.1,5.53,51.0,maize
1334,30.8,30.5,24.4,27.4,47.9,6.3,91.3,mango
1335,23.7,92.5,200.0,20.8,79.3,6.01,73.5,grapes
1336,11.5,76.4,16.5,20.7,32.7,6.24,120.2,kidneybeans
1337,70.5,35.2,42.1,25.5,78.8,5.65,275.7,rice
1338,30.3,123.7,200.0,23.2,74.9,5.67,76.9,grapes
1339,19.3,53.7,33.5,19.4,18.5,5.69,91.5,kidneybeans
1340,31.9,62.2,65.7,23.9,22.2,6.61,80.2,chickpea
1341,30.0,137.0,151.1,26.5,82.1,6.04,64.8,grapes
1342,70.9,44.3,16.2,25.8,51.7,7.23,84.5,maize
1343,91.4,48.3,15.8,22.0,50.4,6.96,103.9,maize
1344,25.2,99.5,200.0,27.2,68.4,5.68,83.5,grapes
1345,96.6,56.1,25.7,24.8,93.6,6.2,179.1,rice
1346,112.2,12.5,50.3,31.0,88.0,7.38,40.3,watermelon
1347,33.2,65.6,79.7,17.6,20.6,6.92,72.4,chickpea
1348,131.8,58.0,28.4,31.8,91.0,7.19,100.9,cotton
1349,64.2,39.8,14.9,21.7,66.2,5.57,78.5,maize
1350,109.3,49.7,22.8,23.5,87.5,7.21,112.5,cotton
1351,100.7,95.9,42.9,30.3,79.4,5.77,127.1,banana
1352,30.9,53.5,21.0,17.4,11.4,5.78,94.8,kidneybeans
1353,43.7,59.3,78.3,13.3,26.6,6.63,62.5,chickpea
1354,27.7,25.2,37.5,29.3,55.0,5.71,92.0,mango
1355,9.5,13.0,0.6,22.5,91.8,7.12,81.8,orange
1356,19.3,20.9,19.2,19.2,86.7,7.23,160.7,orange
1357,35.8,84.7,73.4,15.5,28.4,6.01,82.8,chickpea
1358,83.1,42.4,13.6,23.5,47.5,6.22,162.3,maize
1359,14.4,34.8,24.9,31.5,48.5,5.13,130.7,mango
1360,105.7,28.7,37.1,25.2,90.3,7.47,67.0,watermelon
1361,36.9,76.2,11.4,17.9,10.0,6.76,65.9,kidneybeans
1362,10.5,26.6,5.8,23.5,91.2,6.82,99.2,orange
1363,22.6,156.0,167.9,20.0,79.9,6.58,73.3,grapes
1364,123.1,10.2,31.1,27.8,75.8,6.13,28.7,watermelon
1365,82.2,59.3,35.4,25.6,74.5,6.18,221.2,rice
1366,13.5,13.9,12.3,21.0,94.7,6.43,157.8,orange
1367,83.6,49.2,23.7,29.0,77.9,5.7,254.2,rice
1368,24.5,74.3,25.3,23.6,19.6,5.55,96.1,kidneybeans
1369,82.5,53.9,14.6,22.8,59.7,6.74,77.9,maize
1370,57.5,53.9,21.0,18.0,63.5,6.54,107.7,maize
1371,24.3,62.1,38.7,20.2,27.5,5.76,60.4,kidneybeans
1372,17.0,121.4,200.0,22.5,71.7,6.76,75.1,grapes
1373,26.7,91.5,15.6,18.4,39.8,5.42,73.6,kidneybeans
1374,67.8,40.8,35.3,28.8,86.9,5.33,226.5,rice
1375,25.3,129.1,180.2,24.8,81.3,5.78,84.5,grapes
1376,34.4,75.0,65.1,22.5,19.9,6.88,70.3,chickpea
1377,47.0,69.9,89.4,21.9,18.2,6.51,79.2,chickpea
1378,81.5,57.7,25.0,22.4,69.7,6.09,66.6,maize
1379,122.5,34.3,18.2,31.8,87.0,7.18,83.6,cotton
1380,114.4,40.5,21.8,25.7,69.5,7.41,41.2,cotton
1381,39.1,73.6,58.0,20.8,26.2,7.74,56.1,chickpea
1382,10.3,27.5,2.4,20.3,88.5,7.3,69.5,orange
1383,79.8,28.3,31.9,25.8,92.8,6.57,195.8,rice
1384,56.7,60.4,65.7,20.8,10.6,7.03,62.7,chickpea
1385,26.0,18.3,39.7,33.2,41.1,5.7,69.4,mango
1386,32.5,76.4,83.4,23.6,14.4,7.34,55.1,chickpea
1387,44.4,32.3,34.7,28.7,43.8,5.77,104.5,mango
1388,38.4,101.3,173.3,19.8,88.8,5.94,91.7,grapes
1389,79.4,57.7,17.8,24.8,58.2,6.93,76.7,maize
1390,106.0,15.5,41.9,24.8,77.6,6.66,47.9,watermelon
1391,97.4,47.5,33.1,22.9,65.2,7.47,88.1,cotton
1392,116.1,23.9,48.6,25.8,95.2,6.67,26.0,watermelon
1393,71.7,40.8,22.2,25.3,54.1,6.3,88.4,maize
1394,116.0,42.8,20.3,32.6,83.0,6.97,94.2,cotton
1395,26.8,26.6,25.6,31.1,45.1,6.39,78.3,mango
1396,32.0,77.6,81.1,22.0,20.4,6.4,50.1,chickpea
1397,145.1,20.8,47.9,22.8,92.8,6.34,20.8,watermelon
1398,43.5,85.7,68.4,20.1,11.5,7.06,63.9,chickpea
1399,83.1,48.0,16.6,21.1,49.8,6.32,66.3,maize
1400,77.0,34.6,54.2,24.8,85.3,6.46,45.2,watermelon
1401,23.5,73.3,78.9,20.6,10.0,7.57,104.2,chickpea
1402,32.1,18.9,46.9,32.0,53.4,5.69,72.2,mango
1403,81.3,28.3,26.0,21.0,62.9,5.82,90.8,maize
1404,47.1,70.6,90.3,19.4,10.0,6.81,78.5,chickpea
1405,32.8,111.8,195.1,26.3,83.1,7.04,62.6,grapes
1406,87.9,49.1,18.8,22.0,63.3,6.91,114.3,maize
1407,17.6,81.3,1.8,21.6,11.1,5.33,114.1,kidneybeans
1408,95.2,27.5,62.6,23.1,80.0,7.03,35.7,watermelon
1409,19.7,28.7,12.0,24.6,92.2,7.53,110.1,orange
1410,22.7,33.2,27.0,27.2,41.4,5.57,113.7,mango
1411,115.2,28.0,47.4,25.5,86.5,6.92,64.1,watermelon
1412,96.5,93.7,57.4,25.0,63.9,6.41,130.3,banana
1413,55.3,50.7,40.6,24.8,78.5,6.58,202.2,rice
1414,133.2,45.4,11.6,27.1,72.2,7.2,83.5,cotton
1415,21.4,39.0,33.3,29.6,46.7,6.11,65.1,mango
1416,38.6,36.9,20.8,30.2,40.6,5.79,78.7,mango
1417,21.5,13.4,32.1,32.4,28.8,4.71,66.4,mango
1418,97.4,13.1,34.9,22.5,82.0,6.64,62.9,watermelon
1419,16.9,67.8,23.4,19.2,18.5,5.22,109.7,kidneybeans
1420,12.0,15.9,11.9,21.8,96.3,7.39,105.4,orange
1421,22.4,13.5,10.3,18.9,94.9,7.4,115.8,orange
1422,38.4,64.7,86.0,19.3,19.7,5.9,66.0,chickpea
1423,21.6,19.4,6.7,22.1,87.9,6.74,120.5,orange
1424,29.0,59.9,21.1,14.9,19.8,5.68,106.6,kidneybeans
1425,30.5,68.4,69.0,17.7,16.4,6.74,59.1,chickpea
1426,106.6,16.6,54.8,23.1,74.9,6.3,32.9,watermelon
1427,18.4,23.0,50.9,29.3,50.5,5.78,78.0,mango
1428,46.4,38.8,41.7,29.0,74.7,7.46,135.8,rice
1429,23.9,19.5,12.0,24.1,89.5,6.86,110.2,orange
1430,135.2,41.6,28.0,26.6,76.8,7.21,111.0,cotton
1431,130.7,35.9,29.6,23.9,89.0,7.31,107.0,cotton
1432,17.9,50.6,21.9,20.7,28.2,6.6,113.1,kidneybeans
1433,117.2,26.6,30.9,20.9,73.8,7.02,127.0,cotton
1434,102.9,74.0,52.3,25.0,66.9,6.09,90.2,banana
1435,92.6,65.3,21.3,24.3,85.3,5.34,111.4,banana
1436,98.6,45.5,28.3,27.2,76.8,6.53,210.9,rice
1437,76.7,49.5,14.2,22.4,57.9,6.8,91.1,maize
1438,48.8,71.4,88.6,14.5,17.7,7.04,56.1,chickpea
1439,29.1,132.1,163.5,26.4,80.1,5.93,62.4,grapes
1440,96.8,7.8,37.7,18.5,92.6,6.77,28.8,watermelon
1441,25.1,23.8,12.4,17.9,94.6,6.44,149.3,orange
1442,108.3,98.8,47.7,24.8,98.6,6.9,161.4,banana
1443,74.9,65.1,34.4,22.9,71.5,6.84,228.8,rice
1444,72.9,49.5,13.8,26.3,56.9,7.22,81.4,maize
1445,64.7,45.2,19.3,23.7,48.6,6.31,52.2,maize
1446,19.1,58.2,27.0,23.3,10.0,4.96,33.8,kidneybeans
1447,139.9,16.0,50.9,22.1,77.2,6.9,59.3,watermelon
1448,92.1,65.6,31.6,27.8,79.4,6.21,120.9,banana
1449,28.7,57.8,11.2,16.8,29.3,4.64,108.6,kidneybeans
1450,89.4,88.4,34.8,29.1,75.2,6.77,127.5,banana
1451,107.0,50.0,20.3,25.7,72.3,6.21,123.3,maize
1452,71.2,65.6,16.1,28.6,58.0,6.9,85.3,maize
1453,27.2,62.3,27.6,19.5,32.0,6.45,85.7,kidneybeans
1454,27.3,17.4,8.3,23.4,90.0,6.32,151.8,orange
1455,140.7,38.8,22.7,23.2,78.7,6.66,69.0,cotton
1456,94.7,91.4,42.4,29.5,80.5,7.19,77.6,banana
1457,24.7,78.7,81.3,19.5,21.2,6.49,66.8,chickpea
1458,119.7,63.6,30.3,28.9,75.3,7.61,73.9,cotton
1459,67.5,89.8,57.0,25.5,68.7,6.77,76.9,banana
1460,68.4,65.9,20.6,26.4,81.3,6.05,96.0,maize
1461,76.3,40.2,13.8,26.8,64.8,5.88,87.1,maize
1462,100.6,46.5,9.0,20.4,67.2,6.78,86.4,maize
1463,20.0,32.2,37.9,29.1,22.9,6.41,111.2,mango
1464,31.6,44.9,75.8,12.1,32.6,7.45,66.4,chickpea
1465,103.5,13.1,42.0,31.8,73.6,6.87,42.8,watermelon
1466,43.6,79.0,84.7,19.6,15.4,7.11,55.4,chickpea
1467,95.4,85.8,39.5,29.8,73.4,6.12,106.5,banana
1468,88.7,18.8,52.1,25.6,68.0,6.14,44.0,watermelon
1469,109.6,60.6,17.1,24.8,85.9,7.27,84.1,cotton
1470,73.5,24.6,55.1,22.9,88.1,6.29,64.6,watermelon
1471,135.1,57.9,20.7,31.1,79.8,6.15,35.3,cotton
1472,53.4,62.2,70.6,17.9,21.6,7.32,44.8,chickpea
1473,132.7,19.9,66.5,27.3,86.9,6.46,30.6,watermelon
1474,43.8,21.9,34.6,30.2,45.2,6.26,80.6,mango
1475,86.9,76.9,47.7,25.5,80.9,6.19,104.3,banana
1476,15.8,26.5,14.8,24.0,91.5,7.89,104.7,orange
1477,35.5,36.9,25.1,31.1,58.5,6.09,107.6,mango
1478,42.9,71.1,72.1,20.1,21.1,6.81,67.4,chickpea
1479,32.9,18.5,29.5,27.7,52.1,6.25,93.6,mango
1480,102.1,102.8,44.8,23.6,76.2,6.38,94.9,banana
1481,99.4,23.1,38.4,25.9,99.4,6.32,55.1,watermelon
1482,112.5,32.6,9.2,19.6,77.5,7.0,83.5,cotton
1483,16.2,71.4,8.5,24.0,16.0,6.09,72.2,kidneybeans
1484,40.8,65.7,66.4,24.6,20.7,6.31,102.7,chickpea
1485,102.6,27.4,37.4,28.3,73.2,6.39,30.3,watermelon
1486,101.6,52.3,25.8,34.0,79.6,6.58,67.4,cotton
1487,99.2,74.8,45.5,26.2,87.7,6.73,113.2,banana
1488,24.9,103.9,192.2,18.0,77.9,6.05,71.5,grapes
1489,32.0,26.7,42.3,25.8,43.1,5.32,70.3,mango
1490,96.0,113.4,48.1,29.5,79.4,6.57,85.7,banana
1491,19.4,86.1,17.4,24.4,28.6,5.46,68.6,kidneybeans
1492,15.4,25.4,18.3,30.6,61.4,6.77,77.8,mango
1493,35.7,37.4,34.7,25.9,57.9,5.88,109.0,mango
1494,98.6,18.2,46.6,24.0,84.4,7.42,51.6,watermelon
1495,107.0,81.9,38.0,31.1,74.8,6.05,93.5,banana
1496,112.5,74.6,43.5,25.4,81.1,7.02,91.7,banana
1497,27.5,13.6,14.3,22.9,89.3,6.32,113.8,orange
1498,109.2,26.6,39.8,28.7,79.1,6.25,38.3,watermelon
1499,17.0,139.3,200.0,23.0,74.6,5.27,58.1,grapes
1500,101.1,28.0,22.4,21.4,69.8,6.91,74.2,cotton
1501,27.5,30.7,23.3,34.3,47.8,5.64,92.4,mango
1502,100.3,9.4,42.7,29.9,87.4,7.08,64.9,watermelon
1503,100.0,51.2,21.3,26.3,97.7,7.53,55.5,cotton
1504,16.8,25.6,15.3,23.8,94.7,6.92,101.5,orange
1505,146.6,49.2,8.7,27.8,68.9,8.12,84.3,cotton
1506,103.5,27.7,44.1,25.1,82.7,5.98,66.0,watermelon
1507,21.0,25.0,43.7,29.0,62.2,5.83,119.4,mango
1508,28.5,67.3,24.8,16.9,29.6,5.12,58.4,kidneybeans
1509,42.4,58.9,55.4,12.8,10.0,6.9,82.0,chickpea
1510,80.7,83.5,48.2,31.9,75.2,5.74,103.6,banana
1511,22.9,119.1,187.4,26.9,80.2,5.65,64.2,grapes
1512,133.6,46.0,26.8,27.2,86.3,7.49,35.6,cotton
1513,114.5,42.6,19.6,22.3,69.9,7.3,74.9,cotton
1514,99.5,47.6,12.1,32.9,95.8,8.24,68.7,cotton
1515,88.8,43.3,13.0,25.5,78.1,5.63,76.1,maize
1516,109.5,11.0,66.4,27.3,88.4,6.83,62.0,watermelon
1517,105.5,96.6,52.2,28.8,84.7,6.29,110.7,banana
1518,98.9,60.2,51.0,29.5,79.6,6.19,127.4,banana
1519,49.2,44.6,11.7,24.1,49.4,6.11,84.5,maize
1520,87.0,25.0,37.0,26.5,88.2,5.9,199.7,rice
1521,99.8,46.7,16.9,24.7,88.2,7.03,80.5,cotton
1522,52.2,62.0,77.2,17.0,20.5,6.47,98.6,chickpea
1523,112.7,55.6,18.4,23.1,81.0,7.87,92.5,cotton
1524,44.6,70.9,78.0,16.6,23.5,6.9,36.5,chickpea
1525,35.9,121.5,200.0,19.3,89.4,6.65,68.2,grapes
1526,23.7,9.9,5.9,22.6,91.5,7.04,100.1,orange
1527,71.4,20.8,50.8,24.0,98.5,6.5,76.4,watermelon
1528,29.2,70.5,84.0,22.8,14.1,7.1,59.7,chickpea
1529,78.8,47.1,20.7,23.7,66.1,6.63,85.1,maize
1530,29.1,70.7,22.9,18.9,19.6,5.68,63.6,kidneybeans
1531,20.0,11.1,7.7,25.2,90.2,6.21,115.1,orange
1532,32.6,75.2,88.7,18.4,11.4,6.89,83.0,chickpea
1533,74.6,99.5,41.8,28.1,70.9,6.49,108.3,banana
1534,41.8,81.7,87.8,21.4,22.9,6.99,53.0,chickpea
1535,115.0,48.1,27.9,25.2,80.1,7.55,59.0,cotton
1536,30.7,17.8,9.7,23.9,87.7,7.34,96.0,orange
1537,118.2,19.0,56.7,26.2,89.8,7.08,61.8,watermelon
1538,20.8,68.6,17.5,22.4,22.3,6.42,126.5,kidneybeans
1539,112.7,115.0,40.3,25.0,81.6,6.32,100.2,banana
1540,86.9,104.1,62.2,20.8,89.2,5.93,131.6,banana
1541,16.0,8.0,19.5,22.3,84.4,6.8,80.6,orange
1542,18.3,11.6,10.8,24.4,97.2,7.06,126.0,orange
1543,71.1,27.8,39.8,26.3,80.6,5.79,182.5,rice
1544,34.0,82.2,57.6,22.4,12.6,6.63,63.7,chickpea
1545,5.9,27.1,12.8,24.8,96.2,6.6,129.3,orange
1546,91.4,104.3,54.0,23.5,93.9,6.03,127.2,banana
1547,35.8,119.9,185.4,26.5,74.2,5.48,72.5,grapes
1548,34.0,94.0,72.0,21.9,21.7,6.9,60.9,chickpea
1549,135.0,73.1,32.4,28.2,74.4,7.48,41.7,cotton
1550,83.0,36.8,40.5,24.5,82.3,6.04,227.6,rice
1551,16.4,116.8,192.8,21.7,82.8,6.44,42.3,grapes
1552,53.6,62.4,65.7,25.6,17.9,6.65,61.6,chickpea
1553,122.1,68.1,59.5,29.5,76.3,6.26,115.4,banana
1554,102.8,73.8,47.2,29.3,70.4,6.84,139.6,banana
1555,32.5,35.0,23.5,28.3,50.5,5.04,76.6,mango
1556,66.6,62.4,21.7,25.3,63.7,6.23,99.6,maize
1557,76.8,102.6,52.8,29.2,90.5,5.68,115.2,banana
1558,24.5,32.2,30.8,31.8,54.1,6.32,139.1,mango
1559,115.2,16.4,51.5,23.5,79.6,5.95,53.1,watermelon
1560,24.7,28.2,31.0,32.7,37.7,5.39,112.6,mango
1561,26.9,24.7,32.7,27.4,62.5,6.31,82.0,mango
1562,22.5,31.1,29.1,32.3,39.8,6.55,90.8,mango
1563,37.5,52.6,69.1,21.7,22.9,7.58,43.0,chickpea
1564,54.3,25.9,56.8,34.7,74.4,6.63,47.7,watermelon
1565,74.0,39.8,24.4,23.5,65.2,6.76,106.2,maize
1566,126.0,60.6,22.1,27.8,72.4,6.96,77.2,cotton
1567,82.2,34.9,30.8,26.0,100.0,6.4,245.9,rice
1568,88.8,59.4,24.6,20.5,58.0,5.97,57.4,maize
1569,21.2,19.3,13.2,23.3,88.8,6.84,108.4,orange
1570,115.7,95.8,44.5,26.9,73.1,5.46,116.5,banana
1571,40.2,66.0,85.3,22.4,11.3,7.16,84.7,chickpea
1572,101.3,39.6,14.0,22.2,76.9,7.61,71.9,cotton
1573,83.5,25.5,53.3,25.9,90.7,7.09,58.4,watermelon
1574,30.1,56.6,19.8,21.0,18.6,5.42,118.2,kidneybeans
1575,19.9,54.2,25.3,19.0,14.0,5.82,91.3,kidneybeans
1576,88.2,47.1,21.7,24.1,71.2,6.87,87.9,maize
1577,17.3,27.7,40.5,31.2,49.6,5.05,96.8,mango
1578,28.6,26.2,5.7,22.5,93.5,7.04,120.4,orange
1579,113.6,12.4,37.2,21.8,74.2,5.98,74.3,watermelon
1580,116.8,13.2,50.8,23.3,88.4,6.7,45.2,watermelon
1581,90.4,26.0,39.8,26.3,77.6,6.13,59.9,watermelon
1582,10.8,70.3,23.8,22.1,41.3,6.98,110.4,kidneybeans
1583,101.6,62.8,41.1,25.5,86.6,6.76,218.0,rice
1584,40.2,31.2,36.4,27.7,34.2,5.87,94.0,mango
1585,53.2,60.0,75.6,23.6,10.8,7.41,62.7,chickpea
1586,46.7,80.6,75.2,14.9,11.5,6.72,86.7,chickpea
1587,41.5,64.0,98.3,19.2,14.7,6.71,68.3,chickpea
1588,98.6,61.6,30.0,21.2,72.2,6.52,99.9,cotton
1589,103.1,81.9,48.7,30.1,84.3,6.17,143.8,banana
1590,92.7,44.6,19.0,21.5,59.6,6.19,91.8,maize
1591,38.2,38.4,47.6,31.7,53.9,5.12,91.3,mango
1592,104.4,53.8,48.8,27.8,95.3,6.31,182.8,rice
1593,21.3,20.9,10.2,16.2,89.0,6.79,123.7,orange
1594,126.6,40.3,12.4,20.8,73.2,7.59,99.2,cotton
1595,15.1,78.4,17.9,20.3,17.6,5.98,97.9,kidneybeans
1596,29.0,27.4,17.0,16.7,93.0,7.09,91.4,orange
1597,89.4,50.6,35.1,26.4,67.1,6.11,60.2,maize
1598,21.0,59.9,27.4,20.5,19.7,5.97,103.2,kidneybeans
1599,68.7,38.2,16.4,22.1,69.8,5.98,94.4,maize
1600,25.0,123.9,163.2,23.1,70.7,6.22,74.8,grapes
1601,81.4,36.5,20.0,21.0,66.9,6.87,90.7,maize
1602,112.9,58.4,22.6,28.5,86.6,6.26,90.4,cotton
1603,56.1,85.6,71.2,19.4,20.1,6.87,66.7,chickpea
1604,41.8,18.8,42.8,25.7,48.9,6.11,141.2,mango
1605,70.1,51.9,14.8,20.8,64.9,6.6,51.6,maize
1606,104.7,50.9,21.0,21.4,72.1,6.26,58.6,cotton
1607,24.5,25.4,6.1,23.8,87.7,7.14,76.2,orange
1608,45.3,58.1,76.1,19.7,13.9,6.68,67.8,chickpea
1609,118.9,22.1,59.9,24.8,88.0,7.01,45.1,watermelon
1610,59.6,10.5,53.6,25.7,90.1,7.14,60.3,watermelon
1611,25.6,91.6,23.0,18.5,15.2,5.24,70.9,kidneybeans
1612,29.0,73.4,86.1,15.3,18.8,6.51,39.5,chickpea
1613,90.1,79.9,41.0,24.4,72.2,6.52,97.8,banana
1614,16.2,126.2,200.0,26.9,87.2,5.95,66.6,grapes
1615,39.0,6.1,34.3,27.5,60.5,6.79,110.2,mango
1616,67.1,56.6,40.7,24.6,80.7,5.52,216.9,rice
1617,77.6,54.4,39.0,23.1,65.6,6.11,204.7,rice
1618,14.8,69.6,16.2,23.3,27.8,5.38,103.3,kidneybeans
1619,31.3,152.7,173.2,26.4,81.8,6.22,79.0,grapes
1620,13.4,95.1,186.2,26.1,79.4,6.24,13.6,grapes
1621,22.7,24.8,22.7,29.8,37.5,6.37,89.3,mango
1622,26.9,106.5,200.0,18.8,77.1,6.28,45.4,grapes
1623,17.2,14.8,32.1,24.9,62.8,5.62,74.9,mango
1624,66.5,92.1,72.3,26.2,85.0,5.83,173.5,banana
1625,18.2,75.3,35.2,17.0,30.7,6.36,115.5,kidneybeans
1626,63.2,53.1,65.1,18.6,26.8,6.42,84.2,chickpea
1627,126.5,63.9,31.4,28.6,82.8,6.54,122.4,banana
1628,32.7,28.1,17.1,31.4,46.6,5.4,98.9,mango
1629,134.9,25.9,20.9,34.9,95.0,7.17,48.5,cotton
1630,33.5,41.4,19.2,31.8,35.8,5.89,61.1,mango
1631,24.1,111.7,200.0,22.7,75.4,6.28,39.6,grapes
1632,73.1,35.5,16.3,19.2,61.2,6.7,30.4,maize
1633,90.1,51.5,22.5,26.6,71.9,6.47,59.8,cotton
1634,113.0,67.9,64.9,31.0,81.7,6.35,106.6,banana
1635,119.2,11.1,35.5,25.1,85.8,7.11,31.5,watermelon
1636,113.1,15.7,47.3,28.2,82.6,6.15,52.5,watermelon
1637,15.8,9.8,11.5,18.9,89.6,6.49,107.3,orange
1638,87.3,43.8,8.1,23.9,68.5,6.73,110.2,maize
1639,63.7,44.7,23.4,28.0,85.2,6.23,175.5,rice
1640,23.4,145.1,200.0,23.6,78.3,5.67,80.5,grapes
1641,70.2,74.8,60.8,25.0,69.3,6.29,57.9,banana
1642,14.3,23.3,13.2,17.9,90.4,7.63,93.3,orange
1643,21.2,79.0,20.4,21.0,22.2,6.19,98.6,kidneybeans
1644,12.4,11.7,4.2,20.8,87.1,7.42,96.5,orange
1645,79.8,82.6,46.7,28.2,78.7,6.56,112.1,banana
1646,26.0,19.0,10.8,22.4,92.0,7.49,87.2,orange
1647,28.1,66.0,27.2,17.9,17.1,5.76,144.3,kidneybeans
1648,23.3,83.7,19.5,17.3,21.3,6.8,97.2,kidneybeans
1649,29.3,70.3,30.1,15.3,25.7,5.92,85.2,kidneybeans
1650,95.1,49.2,17.6,24.8,52.9,6.27,47.6,maize
1651,12.9,14.1,8.6,19.2,92.8,6.67,115.9,orange
1652,96.8,58.9,53.1,26.9,80.7,7.02,68.0,banana
1653,45.4,59.7,85.8,20.1,19.0,6.53,53.1,chickpea
1654,70.1,57.2,25.8,21.9,57.6,5.8,84.8,maize
1655,80.0,22.9,34.1,27.2,88.8,6.14,59.8,watermelon
1656,45.5,31.1,27.1,29.6,67.7,6.27,94.9,mango
1657,118.0,91.3,51.7,30.5,90.5,6.12,121.4,banana
1658,42.4,73.8,63.7,21.7,17.8,7.04,52.1,chickpea
1659,26.3,18.1,9.3,21.8,90.1,8.1,116.8,orange
1660,74.0,42.8,27.0,27.3,56.2,6.07,68.7,maize
1661,25.2,72.5,64.8,22.3,23.1,6.36,46.2,chickpea
1662,19.7,59.4,22.8,23.2,25.4,5.57,135.0,kidneybeans
1663,56.8,76.7,71.8,21.1,17.2,7.43,47.6,chickpea
1664,18.4,90.0,72.4,16.4,10.0,6.28,70.6,chickpea
1665,61.1,41.1,42.8,30.6,92.7,6.75,194.0,rice
1666,91.9,24.2,42.4,23.8,97.2,6.54,61.0,watermelon
1667,47.3,61.8,80.1,22.0,10.0,6.44,65.7,chickpea
1668,122.3,116.6,52.9,30.9,74.8,5.69,114.9,banana
1669,110.2,30.3,38.6,25.6,92.6,6.58,95.1,watermelon
1670,24.7,37.3,13.1,16.9,92.4,6.88,102.0,orange
1671,83.5,45.4,31.3,23.3,87.4,5.45,198.4,rice
1672,90.2,63.7,47.6,26.0,75.6,6.19,80.4,banana
1673,67.2,15.2,50.8,29.2,90.7,6.51,68.7,watermelon
1674,29.9,28.4,16.3,24.0,91.3,6.85,99.8,orange
1675,124.5,46.8,5.5,29.1,78.6,6.88,70.1,cotton
1676,88.3,59.0,44.6,29.6,86.0,6.46,141.4,banana
1677,44.0,77.7,66.2,19.9,25.0,6.58,50.8,chickpea
1678,84.3,29.3,30.0,27.6,84.0,5.85,129.0,rice
1679,97.1,109.8,51.6,24.3,92.4,5.89,125.5,banana
1680,49.4,82.8,82.3,18.6,26.2,7.43,66.5,chickpea
1681,20.3,11.4,12.9,20.5,92.4,7.34,92.0,orange
1682,87.9,54.5,30.7,24.0,85.6,7.16,169.0,rice
1683,66.0,61.8,11.6,22.9,59.4,5.88,93.3,maize
1684,47.6,41.6,34.9,22.4,84.9,5.65,218.8,rice
1685,30.0,135.8,170.1,25.6,73.1,5.73,37.6,grapes
1686,81.2,57.8,14.5,21.5,65.9,5.62,92.0,maize
1687,98.4,11.8,48.1,27.4,82.9,6.17,51.7,watermelon
1688,106.0,83.5,36.6,24.3,79.7,6.25,115.9,banana
1689,31.5,97.0,200.0,24.1,75.4,5.9,100.4,grapes
1690,70.6,70.1,24.3,24.1,61.5,6.35,87.0,maize
1691,21.6,26.6,27.6,34.4,39.5,4.95,114.1,mango
1692,69.3,44.4,17.5,24.4,58.6,6.53,95.1,maize
1693,80.3,55.8,56.5,31.5,85.8,6.2,210.6,rice
1694,27.4,24.4,30.9,28.3,53.0,5.15,75.4,mango
1695,62.3,62.1,29.5,26.2,56.3,6.01,89.1,maize
1696,28.6,34.6,28.1,26.7,51.6,6.39,115.6,mango
1697,20.8,14.8,14.8,22.0,94.9,7.06,137.6,orange
1698,18.8,19.2,10.7,25.4,92.0,7.29,99.6,orange
1699,18.7,13.1,18.3,23.8,95.4,6.55,69.2,orange
1700,67.1,43.5,37.6,28.1,82.4,6.26,181.2,rice
1701,33.7,69.4,18.3,23.6,28.4,6.18,88.1,kidneybeans
1702,25.3,124.3,200.0,23.1,88.5,5.84,44.5,grapes
1703,39.5,160.6,200.0,17.4,71.7,6.06,71.9,grapes
1704,14.3,18.9,20.0,26.0,98.5,7.4,110.9,orange
1705,96.4,10.6,37.4,24.0,87.3,6.51,50.0,watermelon
1706,103.7,55.8,16.1,18.2,66.6,8.22,86.5,cotton
1707,75.8,21.8,68.0,26.2,86.5,5.84,27.8,watermelon
1708,94.0,70.9,17.6,26.4,88.0,7.41,48.4,cotton
1709,90.5,101.7,46.5,27.0,80.3,6.75,131.9,banana
1710,19.0,158.4,180.3,19.9,69.7,5.36,96.5,grapes
1711,110.2,87.7,50.7,23.3,78.1,6.89,123.9,banana
1712,116.5,5.9,61.4,30.4,90.2,6.84,52.9,watermelon
1713,129.7,40.5,11.8,21.6,70.7,6.76,53.0,cotton
1714,154.6,42.5,20.0,23.9,74.0,6.68,60.1,cotton
1715,31.1,15.1,44.7,29.2,46.1,5.96,132.2,mango
1716,84.5,38.4,40.2,27.7,52.5,6.51,64.0,maize
1717,44.8,59.6,81.6,19.6,21.2,7.29,54.1,chickpea
1718,56.5,67.6,101.5,19.0,29.1,6.97,43.3,chickpea
1719,98.1,69.9,61.8,26.0,86.8,6.78,113.2,banana
1720,118.9,26.8,29.8,25.7,84.8,5.96,58.6,watermelon
1721,15.7,71.4,19.2,26.5,26.1,6.38,80.9,kidneybeans
1722,124.3,71.7,44.4,31.0,78.4,6.11,130.4,banana
1723,44.2,34.3,27.9,17.9,49.4,7.19,60.7,maize
1724,10.1,10.2,20.3,19.7,93.9,7.29,113.9,orange
1725,39.7,62.3,15.5,17.8,27.8,6.27,65.3,kidneybeans
1726,18.5,21.7,4.2,23.6,81.5,7.45,107.7,orange
1727,15.0,132.8,163.8,19.8,82.9,5.51,77.4,grapes
1728,123.0,101.2,43.3,26.7,68.5,6.92,85.7,banana
1729,109.9,60.2,44.7,26.7,69.8,6.29,88.3,banana
1730,19.5,14.0,13.0,19.4,84.0,6.36,141.6,orange
1731,68.5,40.6,44.9,22.2,84.1,6.23,198.5,rice
1732,8.5,28.4,6.2,22.0,90.6,6.66,174.3,orange
1733,23.8,87.0,19.4,22.3,31.1,5.56,79.6,kidneybeans
1734,37.9,67.4,101.0,19.7,23.1,7.5,76.9,chickpea
1735,83.5,57.5,21.9,23.7,72.2,6.69,77.0,maize
1736,89.7,31.4,0.5,26.7,85.1,7.3,80.0,cotton
1737,21.2,20.5,4.7,25.3,97.7,6.98,116.8,orange
1738,28.3,52.9,24.1,21.3,28.5,6.42,98.6,kidneybeans
1739,23.4,41.5,24.0,29.2,46.8,5.81,122.3,mango
1740,116.0,42.5,27.8,31.8,84.1,7.37,50.7,cotton
1741,89.0,7.7,41.0,27.2,85.3,7.03,78.7,watermelon
1742,30.7,118.9,170.8,27.2,81.2,5.86,116.6,grapes
1743,27.6,25.6,14.3,18.5,90.9,7.56,139.0,orange
1744,57.2,43.8,5.0,19.1,80.8,7.13,70.3,maize
1745,113.6,72.0,22.8,26.5,84.2,7.77,87.5,cotton
1746,18.3,66.5,27.8,16.5,25.3,5.31,108.5,kidneybeans
1747,21.9,121.0,200.0,27.3,78.1,5.82,44.9,grapes
1748,90.2,30.0,23.0,26.5,94.6,7.9,114.2,cotton
1749,19.2,46.3,15.2,15.9,23.8,6.63,80.6,kidneybeans
1750,91.4,39.7,19.2,28.3,92.9,6.17,72.0,cotton
1751,66.8,83.8,43.0,31.3,73.6,6.34,108.7,banana
1752,28.9,67.2,109.9,14.1,23.7,7.51,82.8,chickpea
1753,98.6,56.0,20.3,23.2,69.0,6.44,86.7,maize
1754,90.3,87.5,44.7,23.5,73.9,6.29,116.5,banana
1755,112.4,36.8,21.5,29.5,94.6,6.38,50.4,cotton
1756,87.0,56.1,41.7,22.3,80.6,5.6,265.2,rice
1757,100.8,18.1,61.0,25.1,91.0,5.56,39.9,watermelon
1758,19.9,136.6,200.0,21.8,72.0,5.9,76.6,grapes
1759,86.9,41.1,14.6,22.7,62.9,6.21,114.7,maize
1760,114.5,33.2,21.3,23.0,70.7,6.45,112.0,cotton
1761,65.4,44.1,25.2,24.5,81.0,5.61,227.4,rice
1762,26.8,75.2,27.6,15.7,14.7,5.16,100.6,kidneybeans
1763,72.0,53.3,34.3,31.4,89.0,5.93,206.4,rice
1764,111.6,54.0,32.9,20.7,77.6,7.65,63.4,cotton
1765,82.0,80.9,59.8,26.0,69.8,6.27,109.6,banana
1766,33.2,21.7,9.2,24.0,93.7,7.37,110.6,orange
1767,24.2,134.8,151.4,23.8,89.3,6.0,91.5,grapes
1768,68.1,76.2,56.0,30.2,82.3,5.7,100.4,banana
1769,34.1,19.3,33.8,32.0,55.5,5.24,123.5,mango
1770,97.2,67.7,45.6,26.6,72.9,6.31,232.3,rice
1771,17.3,28.0,8.6,23.1,88.2,6.94,99.8,orange
1772,99.6,57.3,34.4,29.3,73.6,7.03,49.6,cotton
1773,16.9,38.6,43.4,28.4,41.9,5.09,84.1,mango
1774,46.3,66.5,83.1,16.0,21.2,7.33,46.7,chickpea
1775,19.7,16.5,17.1,24.9,48.0,6.31,74.3,mango
1776,34.7,77.8,62.8,15.5,17.9,6.9,77.0,chickpea
1777,36.5,137.0,183.6,25.4,94.6,6.37,88.3,grapes
1778,76.8,34.4,29.3,26.7,78.0,7.17,170.8,rice
1779,11.0,74.5,19.2,16.1,10.0,5.86,86.9,kidneybeans
1780,27.8,149.1,200.0,21.9,71.6,6.31,84.1,grapes
1781,163.6,44.1,13.0,29.5,60.3,7.78,60.4,cotton
1782,150.4,52.6,27.5,26.7,74.4,7.37,103.8,cotton
1783,17.1,77.9,16.1,16.2,21.2,6.52,144.3,kidneybeans
1784,114.4,33.0,24.3,23.7,68.4,7.51,64.4,cotton
1785,26.2,7.8,12.3,22.7,92.5,7.11,121.2,orange
1786,76.8,92.2,36.7,27.6,79.0,5.51,90.2,banana
1787,63.2,50.6,21.2,24.5,66.0,6.36,80.4,maize
1788,19.4,117.7,192.2,23.6,100.0,6.13,61.9,grapes
1789,12.9,17.5,13.9,27.0,93.1,8.12,100.4,orange
1790,89.6,19.9,53.4,22.9,82.9,5.78,20.3,watermelon
1791,51.5,71.3,68.0,14.6,17.9,6.48,52.4,chickpea
1792,10.3,13.1,7.4,28.7,84.7,7.28,118.5,orange
1793,120.5,40.9,15.5,29.4,82.4,7.37,93.4,cotton
1794,84.4,22.4,45.6,23.1,76.5,5.99,38.9,watermelon
1795,28.1,56.0,82.4,19.8,16.1,7.06,67.9,chickpea
1796,27.3,25.5,14.7,23.6,83.9,5.96,61.2,orange
1797,101.7,63.4,47.0,28.7,65.0,5.61,150.6,banana
1798,130.9,58.8,24.2,24.3,78.1,7.49,103.6,cotton
1799,25.6,80.2,30.2,16.5,19.4,5.62,97.4,kidneybeans
1800,74.9,24.0,26.3,19.6,50.2,6.1,95.5,maize
1801,20.3,16.6,16.2,22.5,92.2,6.66,35.9,orange
1802,27.1,24.1,20.9,26.0,47.9,5.39,134.0,mango
1803,81.1,40.9,10.6,24.7,67.3,6.33,85.6,maize
1804,145.3,35.6,15.7,27.8,52.6,7.47,66.4,cotton
1805,21.8,49.3,29.8,17.1,23.6,5.79,91.3,kidneybeans
1806,22.9,80.8,27.2,16.1,34.0,5.76,83.0,kidneybeans
1807,21.8,25.7,38.1,31.9,35.6,5.66,100.1,mango
1808,94.0,79.1,41.0,25.7,87.2,5.69,113.7,banana
1809,145.1,47.8,12.3,33.3,78.1,7.92,98.3,cotton
1810,88.2,3.4,21.6,26.8,91.3,7.16,28.4,watermelon
1811,26.6,62.9,30.4,17.6,24.9,5.22,108.9,kidneybeans
1812,82.8,82.5,59.2,24.4,73.1,6.73,102.1,banana
1813,72.2,27.1,2.9,24.6,72.9,6.51,88.4,maize
1814,11.8,25.3,51.1,27.8,46.4,4.91,73.2,mango
1815,19.6,19.8,22.1,25.8,44.3,5.94,69.8,mango
1816,17.6,111.3,180.3,22.8,82.1,6.38,48.6,grapes
1817,66.9,54.3,9.0,29.0,71.7,7.24,235.9,rice
1818,73.2,51.9,35.7,24.5,87.9,6.05,185.8,rice
1819,16.5,11.3,3.4,17.6,93.5,7.15,127.1,orange
1820,15.9,12.4,5.2,26.1,86.5,6.64,105.2,orange
1821,78.7,10.6,49.8,23.0,73.9,6.71,49.6,watermelon
1822,51.2,82.4,76.3,21.7,20.6,6.61,59.0,chickpea
1823,45.7,72.1,76.5,20.7,16.9,6.91,65.1,chickpea
1824,25.8,101.3,130.1,24.5,77.3,6.27,89.3,grapes
1825,16.4,2.6,14.5,23.7,96.8,7.94,115.2,orange
1826,27.3,65.6,9.9,16.8,13.0,6.42,131.4,kidneybeans
1827,57.7,41.9,36.9,24.0,85.3,6.11,227.9,rice
1828,79.9,27.6,45.1,24.8,61.0,6.28,45.6,watermelon
1829,96.3,90.0,49.7,25.7,69.2,6.28,100.9,banana
1830,16.7,39.5,23.4,35.7,53.7,5.65,48.2,mango
1831,126.0,29.1,7.5,22.1,58.0,7.91,63.5,cotton
1832,21.6,65.5,21.5,21.0,16.1,6.59,114.8,kidneybeans
1833,92.2,48.4,44.4,26.8,86.7,6.34,160.2,rice
1834,32.2,19.9,31.0,33.0,51.8,5.82,66.4,mango
1835,96.9,21.7,59.7,27.3,78.2,7.22,37.2,watermelon
1836,103.4,44.5,21.4,24.6,66.0,7.49,59.2,cotton
1837,28.0,42.8,28.8,30.4,46.2,5.68,104.4,mango
1838,117.9,43.4,26.0,27.7,77.8,7.8,71.1,cotton
1839,82.6,79.5,50.4,23.5,70.2,6.18,125.5,banana
1840,23.3,15.5,11.3,19.9,89.7,6.85,134.8,orange
1841,94.2,42.2,24.4,19.2,50.9,6.46,64.0,maize
1842,27.3,79.0,105.6,24.0,16.6,6.97,53.1,chickpea
1843,14.0,15.5,7.3,20.0,91.1,7.6,74.1,orange
1844,27.6,22.8,11.7,21.2,88.4,8.16,135.4,orange
1845,17.0,18.2,12.2,21.7,88.0,6.95,90.0,orange
1846,28.6,32.6,45.7,30.7,42.6,5.24,96.6,mango
1847,26.2,41.7,35.8,35.6,48.0,5.16,137.1,mango
1848,64.7,52.8,28.6,29.2,78.4,6.35,222.2,rice
1849,67.9,44.5,4.5,21.9,73.4,6.64,91.1,maize
1850,26.3,116.8,187.5,21.1,80.7,5.76,66.4,grapes
1851,82.9,40.0,44.0,25.4,82.9,5.99,168.1,rice
1852,38.2,71.4,71.2,15.3,20.6,6.82,50.9,chickpea
1853,26.5,79.6,16.9,20.2,19.1,6.09,87.8,kidneybeans
1854,28.8,65.6,6.4,19.1,31.4,5.42,131.6,kidneybeans
1855,20.4,120.9,200.0,18.6,69.4,6.66,79.2,grapes
1856,21.2,7.5,4.4,19.7,92.3,6.84,121.9,orange
1857,35.4,49.1,31.0,29.3,43.8,6.12,93.8,mango
1858,16.4,63.1,76.3,14.9,13.0,7.01,96.7,chickpea
1859,14.2,46.6,23.1,21.8,18.9,5.36,78.4,kidneybeans
1860,81.9,21.1,46.3,29.3,88.3,6.65,81.0,watermelon
1861,130.9,55.9,34.3,26.0,75.2,5.97,124.3,banana
1862,107.6,57.9,2.1,27.3,73.7,7.0,77.6,cotton
1863,24.4,140.2,157.0,21.3,85.9,5.48,78.4,grapes
1864,35.5,64.3,65.0,22.0,13.5,7.07,53.3,chickpea
1865,90.5,39.9,29.1,30.2,67.6,6.79,56.8,maize
1866,109.2,29.5,57.9,25.7,85.2,6.49,46.9,watermelon
1867,107.6,12.9,53.5,28.0,75.8,6.52,54.8,watermelon
1868,106.1,23.1,53.3,26.4,83.0,7.31,34.0,watermelon
1869,21.0,169.0,200.0,23.0,82.3,6.29,59.6,grapes
1870,87.2,34.7,19.6,24.0,64.0,5.91,92.0,maize
1871,75.9,56.2,23.4,22.3,84.3,6.58,219.8,rice
1872,99.6,25.3,35.9,30.0,85.8,8.01,71.7,cotton
1873,73.6,45.2,25.8,22.6,60.8,7.06,94.5,maize
1874,25.4,63.5,12.1,19.1,20.4,6.36,103.6,kidneybeans
1875,112.4,79.9,37.8,29.0,81.3,6.36,98.5,banana
1876,95.5,59.1,44.6,21.3,79.1,5.59,182.5,rice
1877,42.8,113.8,200.0,27.5,80.4,6.35,39.5,grapes
1878,144.5,38.3,16.0,34.3,87.7,7.1,47.5,cotton
1879,80.5,15.2,47.3,31.5,84.8,6.54,52.7,watermelon
1880,20.9,61.9,22.8,18.1,24.1,5.6,123.8,kidneybeans
1881,136.0,35.0,9.6,24.8,92.5,7.16,101.8,cotton
1882,61.3,56.6,27.8,20.6,57.6,6.04,64.3,maize
1883,82.0,81.1,37.3,25.0,77.7,6.11,113.3,banana
1884,50.8,13.2,55.3,23.5,72.4,5.86,48.7,watermelon
1885,106.6,16.5,42.2,30.0,71.8,7.31,46.2,watermelon
1886,76.4,25.1,30.9,27.3,81.1,6.1,41.2,watermelon
1887,20.0,20.2,49.1,29.7,52.3,6.15,60.0,mango
1888,20.9,135.3,157.7,26.2,82.5,5.96,80.8,grapes
1889,19.2,151.3,200.0,33.8,78.7,6.07,72.9,grapes
1890,113.1,72.3,51.6,21.2,74.9,6.29,107.7,banana
1891,42.4,64.8,80.5,21.0,11.8,7.03,76.3,chickpea
1892,103.8,87.6,57.1,34.0,80.2,6.53,106.7,banana
1893,26.6,73.6,16.3,22.4,23.5,4.97,84.2,kidneybeans
1894,106.0,71.2,55.4,26.7,85.2,6.52,139.0,banana
1895,28.1,68.6,28.0,21.4,24.1,5.42,102.2,kidneybeans
1896,109.2,89.8,42.5,21.2,75.0,5.62,127.3,banana
1897,20.2,20.4,9.0,21.7,99.0,6.97,83.8,orange
1898,22.2,23.3,29.0,31.7,32.3,6.63,50.5,mango
1899,60.0,35.9,46.4,25.3,94.2,6.07,180.8,rice
1900,29.3,25.5,42.5,26.4,49.5,5.15,93.8,mango
1901,42.3,66.2,71.4,19.2,28.2,7.06,48.3,chickpea
1902,8.9,41.5,7.3,22.7,22.8,6.18,118.5,kidneybeans
1903,68.8,84.6,39.2,30.3,67.5,6.48,140.3,banana
1904,67.5,55.6,12.5,23.3,73.2,7.01,76.4,maize
1905,73.8,67.8,49.5,23.9,93.2,5.85,257.5,rice
1906,28.9,124.1,181.0,21.4,81.5,6.26,37.4,grapes
1907,26.5,68.8,30.0,18.8,26.0,5.45,78.0,kidneybeans
1908,88.8,64.3,30.0,27.0,87.4,5.88,223.8,rice
1909,109.3,29.9,58.8,25.6,75.9,6.42,56.0,watermelon
1910,19.4,11.5,12.9,22.1,87.3,6.66,161.8,orange
1911,21.4,22.0,35.2,27.7,39.3,5.8,134.0,mango
1912,16.6,129.9,173.8,23.0,69.4,6.31,68.8,grapes
1913,58.4,39.4,42.9,26.4,81.4,5.3,215.8,rice
1914,11.5,0.0,10.3,18.0,90.4,6.07,105.8,orange
1915,58.9,50.4,39.1,26.4,85.0,6.7,224.2,rice
1916,98.7,15.0,58.0,25.2,96.9,6.49,69.4,watermelon
1917,24.3,57.8,65.9,20.3,20.3,6.56,68.8,chickpea
1918,96.4,24.0,43.6,20.7,78.0,7.76,41.9,watermelon
1919,50.6,55.9,18.7,24.0,56.7,6.48,104.3,maize
1920,35.4,79.6,69.2,20.0,18.8,7.79,70.3,chickpea
1921,14.5,33.2,24.0,32.6,48.8,5.23,68.8,mango
1922,82.5,51.9,25.7,21.9,60.5,6.36,85.0,maize
1923,27.1,52.1,70.9,19.5,10.0,7.04,90.9,chickpea
1924,32.0,30.0,27.9,26.0,47.9,4.95,94.5,mango
1925,18.8,127.9,200.0,25.8,95.0,6.0,70.2,grapes
1926,72.3,93.1,58.0,25.2,72.0,6.62,101.0,banana
1927,77.8,57.3,21.5,21.8,93.8,5.56,223.7,rice
1928,122.9,34.0,26.4,23.6,84.8,7.17,48.8,cotton
1929,118.1,87.1,41.8,30.2,67.1,4.99,94.5,banana
1930,93.7,87.3,57.4,27.7,85.4,5.48,133.1,banana
1931,55.8,43.4,15.8,24.4,74.8,6.25,88.3,maize
1932,135.7,56.1,26.1,25.0,86.3,7.69,89.6,cotton
1933,25.1,23.3,3.5,20.2,99.4,6.78,132.5,orange
1934,7.7,27.0,27.1,25.2,32.1,5.98,128.8,mango
1935,93.1,14.8,57.8,25.7,73.0,6.82,56.8,watermelon
1936,36.5,70.0,78.3,13.5,10.0,7.05,69.6,chickpea
1937,80.5,64.2,17.5,26.8,73.3,5.93,100.6,maize
1938,2.7,25.9,3.5,18.2,84.3,6.16,107.6,orange
1939,61.0,47.3,40.0,25.7,92.5,6.3,246.7,rice
1940,30.8,139.3,200.0,24.9,78.1,5.95,70.8,grapes
1941,55.9,42.1,16.1,27.3,57.9,5.79,83.6,maize
1942,18.0,9.9,1.3,22.0,92.3,7.05,97.4,orange
1943,38.4,89.6,77.8,22.9,11.6,7.05,40.7,chickpea
1944,101.9,59.9,16.1,22.6,72.7,5.78,91.0,maize
1945,24.9,22.1,10.5,20.6,96.8,6.15,116.7,orange
1946,92.1,1.5,52.9,19.4,84.0,6.79,48.3,watermelon
1947,89.3,14.7,32.3,27.1,82.6,6.27,58.7,watermelon
1948,54.7,84.7,38.4,31.0,70.7,6.79,147.5,banana
1949,113.2,45.4,27.7,25.0,89.8,6.47,79.6,cotton
1950,93.2,25.2,56.5,26.5,81.9,5.91,71.2,watermelon
1951,15.4,71.6,28.5,21.6,30.3,6.6,80.4,kidneybeans
1952,23.1,164.4,157.5,19.4,79.7,6.91,70.6,grapes
1953,22.5,55.9,14.9,17.7,24.4,5.77,98.3,kidneybeans
1954,24.5,134.3,200.0,26.6,69.9,6.03,52.8,grapes
1955,111.5,12.2,49.1,26.6,86.2,6.18,39.4,watermelon
1956,7.8,63.2,34.1,12.7,27.8,5.35,134.1,kidneybeans
1957,22.4,152.7,168.8,21.4,87.3,5.62,112.3,grapes
1958,26.3,131.3,174.4,24.3,93.3,5.82,61.1,grapes
1959,39.6,19.9,26.6,27.6,43.2,6.04,56.9,mango
1960,61.7,27.0,48.4,29.9,100.0,6.61,271.9,rice
1961,40.1,79.9,72.8,24.2,17.6,7.37,86.5,chickpea
1962,111.4,42.3,16.4,21.4,79.6,8.21,65.1,cotton
1963,122.5,29.8,15.0,29.0,84.9,7.39,78.5,cotton
1964,26.0,126.6,152.0,17.5,70.8,5.69,71.2,grapes
1965,13.2,28.1,43.9,31.8,51.9,5.2,79.4,mango
1966,9.2,44.5,35.8,28.0,65.6,5.99,79.1,mango
1967,68.5,62.6,22.2,30.4,71.6,6.03,199.2,rice
1968,57.7,53.5,25.7,23.1,72.4,7.15,81.6,cotton
1969,28.7,24.8,32.1,24.0,42.6,5.63,98.7,mango
1970,22.0,134.3,200.0,20.6,78.0,5.52,63.9,grapes
1971,73.7,41.2,20.0,28.6,80.0,6.22,220.3,rice
1972,83.8,50.1,29.8,25.9,85.8,5.08,239.6,rice
1973,27.7,129.4,187.9,22.9,74.2,5.96,61.2,grapes
1974,77.3,61.7,35.6,28.2,80.2,5.65,187.5,rice
1975,79.3,39.7,33.9,27.0,98.7,5.48,160.2,rice
1976,57.3,24.4,45.4,27.7,83.6,5.8,199.8,rice
1977,102.5,90.5,37.7,21.5,88.5,6.51,85.9,banana
1978,31.1,113.0,200.0,19.5,72.1,6.63,57.6,grapes
1979,25.6,48.0,82.0,18.5,10.0,6.62,65.6,chickpea
1980,39.6,54.9,81.1,21.5,12.9,7.27,64.5,chickpea
1981,18.3,26.1,6.5,16.6,90.9,6.81,120.7,orange
1982,11.8,20.8,17.0,20.9,91.9,6.27,106.6,orange
1983,27.6,21.3,8.9,25.2,90.1,6.53,141.8,orange
1984,24.9,61.7,20.9,19.8,24.1,6.15,104.1,kidneybeans
1985,91.6,60.6,19.2,27.7,66.9,6.41,116.6,maize
1986,76.1,49.0,56.8,26.9,78.8,4.8,168.2,rice
1987,87.7,36.3,44.3,25.0,72.1,6.13,215.4,rice
1988,25.5,16.7,12.9,24.0,87.8,7.78,94.8,orange
1989,34.3,70.6,91.2,14.3,10.0,7.43,53.7,chickpea
1990,43.4,68.4,101.9,21.7,20.9,6.87,106.6,chickpea
1991,29.5,33.2,36.7,34.1,44.2,5.97,116.9,mango
1992,85.6,44.7,30.1,27.6,87.6,6.99,72.2,cotton
1993,100.9,40.2,8.8,22.0,88.9,7.52,67.0,cotton
1994,76.7,46.0,21.7,21.9,64.8,6.39,84.7,maize
1995,29.7,115.3,200.0,20.5,87.1,6.55,75.6,grapes
1996,125.7,39.1,10.4,23.5,90.0,6.6,66.8,cotton
1997,97.9,18.6,39.2,23.8,89.7,6.76,43.3,watermelon
1998,96.5,53.3,53.5,28.2,81.8,6.47,123.1,banana
1999,74.6,54.6,43.8,28.8,81.7,5.75,259.6,rice
2000,30.2,46.7,21.8,20.5,29.0,5.28,85.5,kidneybeans
2001,80.5,45.4,30.6,22.2,74.2,6.66,104.9,maize
2002,10.5,21.5,20.2,30.5,68.5,6.48,59.0,mango
2003,18.7,59.0,10.8,18.6,26.8,5.48,42.0,kidneybeans
2004,36.4,109.7,200.0,24.1,67.8,5.98,90.7,grapes
2005,28.0,30.4,24.6,29.4,40.0,4.87,127.6,mango
2006,22.9,29.2,22.5,28.6,55.7,5.96,51.1,mango
2007,131.7,38.4,13.9,18.9,77.8,6.57,61.2,cotton
2008,78.9,84.7,67.1,24.9,77.2,7.26,130.1,banana
2009,7.6,12.9,2.0,20.1,94.9,7.74,100.8,orange
2010,34.3,9.9,17.6,23.5,92.9,7.08,116.1,orange
2011,68.4,53.3,15.9,25.5,64.7,6.78,81.4,maize
2012,25.6,19.7,13.1,18.3,87.1,6.53,91.3,orange
2013,113.8,26.0,61.7,27.0,78.9,6.81,54.2,watermelon
2014,28.4,19.9,19.7,31.9,59.1,5.84,110.8,mango
2015,106.6,21.8,40.5,22.5,84.7,6.49,61.7,watermelon
2016,26.4,112.8,179.3,21.0,80.3,5.8,74.0,grapes
2017,79.2,44.2,31.7,29.8,90.8,6.13,212.0,rice
2018,90.5,20.8,45.1,25.7,76.3,7.35,66.0,watermelon
2019,41.7,75.6,95.5,18.3,10.8,7.02,66.2,chickpea
2020,55.5,4.5,60.4,28.8,80.8,6.66,33.9,watermelon
2021,40.3,80.7,55.0,15.1,15.4,7.52,95.2,chickpea
2022,26.1,14.0,12.8,20.4,90.9,7.7,77.5,orange
2023,35.5,68.2,76.2,17.5,12.1,7.38,53.4,chickpea
2024,23.8,13.4,11.5,22.7,91.1,7.58,143.8,orange
2025,114.2,51.9,7.4,24.1,76.7,7.56,92.8,cotton
2026,87.4,53.0,14.7,26.1,60.4,6.67,114.0,maize
2027,37.2,150.5,200.0,17.7,79.1,6.26,62.5,grapes
2028,82.6,93.6,58.6,29.9,81.0,5.37,113.7,banana
2029,81.6,43.1,26.5,25.4,57.6,6.4,70.1,maize
2030,91.1,60.4,33.2,30.1,81.0,6.36,248.8,rice
2031,88.9,14.7,54.4,27.7,72.7,6.15,69.8,watermelon
2032,23.5,21.7,1.0,20.4,95.7,6.87,68.6,orange
2033,29.9,15.3,15.3,21.5,87.5,7.06,120.2,orange
2034,20.7,36.3,34.9,29.8,48.0,5.15,128.1,mango
2035,27.0,65.6,12.5,17.5,24.5,6.08,60.0,kidneybeans
2036,70.7,41.4,8.6,23.4,56.5,5.47,108.7,maize
2037,40.9,94.2,82.9,22.2,16.0,7.42,74.9,chickpea
2038,114.7,12.3,40.9,25.0,72.7,7.02,13.8,watermelon
2039,97.7,69.4,56.7,27.5,75.8,5.96,109.7,banana
2040,89.7,22.6,44.2,26.1,88.2,6.46,199.0,rice
2041,97.6,75.5,53.9,31.4,89.1,6.9,113.3,banana
2042,28.0,57.2,89.6,19.7,10.0,7.41,86.5,chickpea
2043,45.3,83.7,63.8,24.3,22.3,6.57,63.4,chickpea
2044,20.6,16.5,11.8,24.1,95.3,6.46,90.9,orange
2045,73.1,45.7,48.9,29.1,82.0,6.09,185.4,rice
2046,75.6,71.4,35.1,29.6,71.5,6.14,136.2,rice
2047,22.9,25.4,35.4,30.4,39.6,5.74,85.1,mango
2048,23.7,106.7,178.1,19.5,75.7,5.67,67.6,grapes
2049,93.1,111.5,49.7,29.4,78.9,6.35,129.3,banana
2050,22.7,72.1,26.0,17.7,12.4,5.83,54.4,kidneybeans
2051,93.4,103.9,35.8,26.0,50.4,6.24,109.6,banana
2052,99.5,53.7,15.4,23.1,71.4,8.06,100.0,cotton
2053,23.9,25.6,30.5,33.3,39.4,5.09,109.4,mango
2054,122.7,27.3,17.1,23.0,73.7,7.04,54.3,cotton
2055,8.9,11.8,3.2,24.4,83.9,6.89,79.7,orange
2056,19.6,55.8,13.2,20.9,24.8,5.24,93.2,kidneybeans
2057,32.9,107.2,195.9,18.8,81.7,5.11,78.8,grapes
2058,94.3,61.5,7.1,26.5,55.0,6.2,51.2,maize
2059,88.2,34.6,24.9,20.5,94.2,6.34,101.4,maize
2060,33.0,39.4,31.2,23.3,19.8,6.03,57.8,kidneybeans
2061,21.6,76.3,24.1,15.4,27.0,6.07,101.7,kidneybeans
2062,85.0,60.1,17.6,24.4,82.4,8.17,59.4,cotton
2063,31.9,77.3,73.3,21.0,22.1,7.55,75.4,chickpea
2064,27.8,15.2,8.5,19.1,94.2,6.98,108.2,orange
2065,127.0,68.8,44.6,26.3,88.2,6.52,124.7,banana
2066,25.7,16.6,5.9,25.8,88.9,7.12,156.1,orange
2067,78.1,29.3,53.6,27.8,96.1,5.86,186.8,rice
2068,92.0,49.6,54.7,26.7,74.0,5.92,247.9,rice
2069,98.3,10.9,55.6,26.6,85.1,6.38,57.5,watermelon
2070,37.9,62.2,76.4,26.1,18.2,6.87,74.2,chickpea
2071,78.1,68.0,37.2,26.7,87.6,6.26,219.6,rice
2072,40.1,61.6,86.5,21.1,18.5,7.65,60.1,chickpea
2073,41.5,105.6,186.3,26.8,78.6,5.66,78.8,grapes
2074,62.9,39.7,18.7,26.5,78.4,6.37,111.4,maize
2075,92.7,4.8,62.4,32.9,72.2,5.53,34.8,watermelon
2076,96.4,47.1,44.5,25.6,76.8,4.99,228.2,rice
2077,17.5,166.2,200.0,20.5,73.8,5.78,83.3,grapes
2078,16.6,9.8,12.7,19.5,90.3,7.31,96.7,orange
2079,112.2,16.9,34.1,17.1,83.5,6.19,68.6,watermelon
2080,125.8,24.4,46.9,25.8,81.7,5.82,47.7,watermelon
2081,79.0,44.7,13.1,26.8,68.7,6.38,74.8,maize
2082,142.7,20.6,46.2,29.4,70.9,6.54,31.4,watermelon
2083,110.4,23.8,59.1,23.3,82.2,6.37,66.8,watermelon
2084,14.7,51.4,9.6,17.8,21.1,5.51,89.1,kidneybeans
2085,104.5,70.0,52.0,25.0,83.6,6.03,84.9,banana
2086,18.4,84.9,23.8,20.9,25.5,5.1,96.0,kidneybeans
2087,22.7,14.5,15.0,18.8,93.7,7.12,77.1,orange
2088,82.8,38.9,28.9,24.6,83.2,6.41,64.9,cotton
2089,65.0,92.3,53.3,28.0,71.1,6.06,118.9,banana
2090,24.4,57.2,24.6,17.5,30.6,6.38,78.9,kidneybeans
2091,16.6,88.6,21.3,17.2,28.8,5.53,83.7,kidneybeans
2092,135.8,50.7,13.9,28.9,83.0,6.39,51.0,cotton
2093,76.8,42.9,60.9,30.6,82.3,6.47,186.2,rice
2094,19.5,75.1,26.7,20.0,20.6,5.29,141.4,kidneybeans
2095,19.1,20.5,32.1,31.0,56.6,6.29,86.8,mango
2096,20.5,131.9,200.0,27.6,75.5,5.44,84.6,grapes
2097,90.8,12.7,47.4,27.2,91.2,6.93,49.6,watermelon
2098,69.5,45.8,27.6,25.4,86.0,7.5,74.9,maize
2099,35.4,17.9,39.1,29.7,45.3,5.42,111.3,mango
2100,34.2,54.3,77.2,18.4,13.4,7.55,103.7,chickpea
2101,105.1,77.2,50.4,27.6,76.0,6.52,77.5,banana
2102,61.7,36.9,46.6,22.0,80.0,6.27,228.6,rice
2103,76.0,24.8,35.3,24.2,76.3,6.24,194.6,rice
2104,108.6,44.2,49.4,25.4,70.7,6.21,244.1,rice
2105,141.6,52.3,12.7,29.7,68.5,7.8,64.9,cotton
2106,9.7,61.1,25.9,22.0,16.4,6.1,115.8,kidneybeans
2107,27.5,54.3,22.7,20.4,22.6,5.8,69.7,kidneybeans
2108,77.0,51.2,30.8,29.0,82.8,4.45,224.5,rice
2109,43.8,65.0,86.1,20.0,10.0,6.32,54.1,chickpea
2110,106.5,32.9,14.6,24.6,58.2,7.19,98.4,maize
2111,84.5,29.6,22.9,21.1,98.0,5.96,211.3,rice
2112,82.4,72.0,43.9,24.9,75.6,5.61,60.1,banana
2113,38.1,46.2,78.4,23.0,10.0,7.86,82.9,chickpea
2114,40.6,58.5,79.6,20.1,25.2,7.76,84.7,chickpea
2115,90.8,21.4,57.7,34.1,71.7,6.48,36.3,watermelon
2116,14.0,56.7,20.4,17.4,29.5,5.63,136.8,kidneybeans
2117,111.6,52.7,39.3,27.5,77.2,6.14,127.1,banana
2118,31.4,112.7,190.3,27.9,83.4,5.53,52.7,grapes
2119,110.9,53.9,7.8,25.9,85.1,7.12,97.5,cotton
2120,40.3,77.4,87.0,22.7,20.9,6.46,45.9,chickpea
2121,65.6,24.9,33.3,23.4,72.7,6.1,205.3,rice
2122,24.2,60.6,9.3,22.4,14.8,5.43,104.3,kidneybeans
2123,106.1,15.2,50.4,20.5,85.0,6.32,25.7,watermelon
2124,44.2,68.1,81.5,18.6,24.7,7.54,63.8,chickpea
2125,66.5,23.6,56.3,29.0,80.5,6.58,59.7,watermelon
2126,14.7,14.4,12.3,25.2,97.1,6.61,122.4,orange
2127,26.4,81.7,18.2,17.0,16.1,5.63,39.8,kidneybeans
2128,24.0,24.9,31.7,31.3,38.8,5.75,106.2,mango
2129,121.5,95.0,52.0,25.4,88.0,5.29,120.5,banana
2130,27.0,138.3,173.5,21.2,87.1,6.07,95.3,grapes
2131,23.1,140.0,200.0,24.6,81.3,6.11,101.2,grapes
2132,52.1,69.0,109.7,14.9,15.1,7.4,62.1,chickpea
2133,34.1,47.7,33.4,19.9,15.9,5.7,121.3,kidneybeans
2134,11.5,26.7,6.2,18.4,86.2,7.39,123.1,orange
2135,15.7,23.6,7.5,24.3,87.5,6.2,93.6,orange
2136,19.0,25.9,25.6,29.6,47.6,5.23,118.6,mango
2137,35.0,31.2,24.4,27.3,60.3,5.2,85.8,mango
2138,87.7,67.1,53.5,25.8,75.9,5.82,122.1,banana
2139,104.2,75.0,46.8,27.9,81.0,6.99,72.4,banana
2140,18.5,14.8,1.7,20.7,92.1,6.28,107.2,orange
2141,26.3,155.0,167.8,22.6,76.3,6.76,48.4,grapes
2142,30.3,76.1,96.5,16.2,19.8,6.55,61.5,chickpea
2143,69.6,44.7,15.1,23.2,63.9,6.65,74.3,maize
2144,84.7,106.0,57.4,23.8,87.2,6.55,82.2,banana
2145,96.0,22.7,50.6,28.1,80.1,6.51,74.2,watermelon
2146,37.9,66.2,47.7,18.9,15.2,7.11,68.2,chickpea
2147,11.8,57.9,31.9,23.0,38.1,6.08,60.3,kidneybeans
2148,63.3,55.3,56.8,25.2,76.6,6.62,217.8,rice
2149,94.6,48.9,34.9,28.9,60.8,7.07,99.3,maize
2150,24.2,30.7,18.2,31.4,65.1,5.77,61.2,mango
2151,23.9,78.9,51.1,18.7,20.9,6.81,89.0,chickpea
2152,20.2,17.0,13.3,21.2,91.0,6.93,107.0,orange
2153,117.9,52.7,19.0,27.4,71.4,6.85,101.1,cotton
2154,33.7,29.5,33.6,29.9,48.3,5.62,105.9,mango
2155,24.1,74.6,24.4,19.0,23.1,5.82,53.2,kidneybeans
2156,36.7,32.6,27.4,31.0,50.3,5.44,87.6,mango
2157,26.2,5.4,6.1,24.1,93.8,7.15,94.5,orange
2158,34.1,74.8,28.2,23.8,18.6,6.69,98.6,kidneybeans
2159,26.8,62.3,0.0,18.7,21.4,5.9,102.4,kidneybeans
2160,20.0,29.2,4.8,23.1,94.0,6.61,141.8,orange
2161,59.7,16.7,71.9,27.8,87.9,6.93,40.5,watermelon
2162,76.2,51.3,25.8,24.9,51.1,6.0,125.3,maize
2163,40.0,85.6,50.4,18.7,27.2,7.0,91.0,chickpea
2164,21.5,118.1,200.0,21.4,77.5,5.42,69.5,grapes
2165,79.1,18.1,27.1,24.8,81.5,7.14,27.6,watermelon
2166,106.8,29.2,58.1,28.4,81.3,6.44,32.6,watermelon
2167,27.3,154.2,200.0,27.5,76.5,5.97,76.7,grapes
2168,96.0,17.8,50.2,25.4,69.5,7.12,62.2,watermelon
2169,67.5,72.5,27.6,28.5,62.4,6.78,91.3,maize
2170,21.3,124.6,200.0,22.2,64.4,6.55,38.1,grapes
2171,9.6,26.3,16.0,20.1,93.3,6.98,120.6,orange
2172,79.7,49.6,24.1,22.2,87.6,5.41,148.4,rice
2173,81.7,61.5,19.8,25.8,72.1,5.53,86.7,maize
2174,30.9,115.7,200.0,18.4,89.6,6.28,83.4,grapes
2175,89.9,21.4,57.7,19.1,81.5,6.44,41.1,watermelon
2176,105.7,48.5,22.5,27.5,69.3,6.56,68.8,maize
2177,59.6,39.8,27.7,27.6,97.8,6.36,154.5,rice
2178,28.7,23.4,28.8,28.4,58.6,5.09,79.8,mango
2179,33.7,137.2,200.0,22.8,79.6,6.16,57.0,grapes
2180,22.3,4.3,19.1,20.8,94.9,7.86,100.9,orange
2181,27.7,84.4,61.1,18.7,15.8,7.55,54.2,chickpea
2182,98.4,59.8,26.3,16.6,59.6,7.03,86.9,maize
2183,23.0,84.1,36.6,17.7,37.9,6.06,79.3,kidneybeans
2184,118.1,79.8,36.9,23.6,90.6,6.86,87.4,banana
2185,113.9,41.0,25.1,21.4,66.7,6.74,112.8,cotton
2186,35.3,21.0,24.9,25.7,43.0,4.91,65.5,mango
2187,93.0,23.3,35.4,25.1,96.7,6.88,60.4,watermelon
2188,21.1,95.5,164.7,22.6,74.3,5.73,50.0,grapes
2189,25.8,65.2,89.3,20.3,11.0,6.45,48.4,chickpea
2190,85.4,44.7,23.0,22.0,78.1,6.4,65.8,maize
2191,18.9,71.8,13.8,18.7,16.8,5.93,96.8,kidneybeans
2192,121.2,40.3,21.8,24.2,74.6,7.17,79.8,cotton
2193,76.2,46.9,59.4,24.8,83.2,5.81,179.0,rice
2194,28.0,96.0,145.6,24.6,85.6,5.84,70.9,grapes
2195,87.2,45.3,23.2,25.3,67.7,6.57,93.2,maize
2196,39.1,53.8,73.2,19.6,10.0,7.89,72.3,chickpea
2197,40.0,69.0,55.8,18.5,14.9,7.13,70.5,chickpea
2198,11.4,36.6,23.7,31.1,67.6,5.95,110.4,mango
2199,93.4,23.2,46.8,29.2,73.2,6.29,65.7,watermelon
2200,22.0,107.7,185.1,22.4,79.3,6.09,76.3,grapes
2201,32.4,63.6,60.6,21.6,23.1,7.5,63.5,chickpea
2202,112.4,60.5,53.1,27.4,73.7,6.13,103.5,banana
2203,92.4,23.9,57.0,22.0,74.7,5.59,62.5,watermelon
2204,73.9,51.1,50.6,24.5,83.3,6.24,187.6,rice
2205,94.3,38.0,43.2,22.1,74.2,5.49,192.2,rice
2206,38.9,52.9,61.2,14.1,21.6,6.91,50.3,chickpea
2207,12.2,18.7,16.0,22.0,92.2,7.68,81.1,orange
2208,25.9,12.0,7.4,25.0,88.7,6.64,141.8,orange
2209,41.2,61.3,71.0,13.0,17.2,7.04,51.8,chickpea
2210,23.8,182.6,169.2,27.7,91.9,5.86,74.2,grapes
2211,36.1,78.4,89.9,17.9,10.0,7.01,60.9,chickpea
2212,98.0,41.8,8.3,27.3,80.8,7.08,68.7,cotton
2213,105.3,78.3,45.9,26.0,70.5,6.33,102.6,banana
2214,26.5,19.0,7.4,23.5,93.0,7.64,48.3,orange
2215,92.5,65.8,45.2,23.5,73.9,6.76,126.5,banana
2216,17.9,15.0,10.6,20.2,92.7,7.46,106.6,orange
2217,126.5,41.3,24.9,25.9,85.4,7.0,72.1,cotton
2218,84.8,37.4,20.0,28.5,63.3,5.33,115.2,maize
2219,69.1,105.4,53.0,28.0,70.5,5.72,110.5,banana
2220,86.5,44.9,43.7,22.8,72.0,7.17,219.7,rice
2221,119.0,16.1,51.7,22.1,94.6,6.68,49.2,watermelon
2222,60.6,42.1,32.0,27.3,76.5,5.66,291.7,rice
2223,131.5,36.5,13.8,24.7,77.8,6.81,90.6,cotton
2224,101.1,100.4,52.5,24.2,72.6,6.59,134.0,banana
2225,104.0,79.5,36.0,26.9,76.8,6.55,100.2,banana
2226,140.4,30.7,20.2,24.4,67.7,6.46,80.5,cotton
2227,38.1,130.6,194.1,19.3,87.6,5.84,75.9,grapes
2228,147.6,50.2,24.0,28.8,66.6,7.11,125.9,cotton
2229,15.4,35.3,25.7,29.9,39.3,6.02,70.4,mango
2230,7.1,13.6,12.7,25.7,96.3,6.54,154.9,orange
2231,118.0,40.4,10.9,22.9,64.1,7.19,68.9,cotton
2232,31.4,57.5,6.6,19.3,20.4,7.16,82.6,kidneybeans
2233,15.2,149.1,200.0,23.1,87.7,6.31,70.0,grapes
2234,72.1,63.5,56.1,25.4,74.5,6.99,134.0,banana
2235,120.9,16.2,42.9,23.3,84.6,7.01,34.0,watermelon
2236,25.0,141.8,200.0,21.1,81.6,6.32,130.9,grapes
2237,113.4,100.2,53.3,27.5,80.3,6.63,121.0,banana
2238,43.7,33.2,27.5,30.0,40.5,6.24,106.3,mango
2239,16.5,148.0,187.2,16.9,89.1,5.77,64.8,grapes
2240,69.0,66.5,24.2,23.6,82.9,5.44,159.8,rice
2241,5.5,23.4,15.8,15.4,94.0,6.2,112.9,orange
2242,83.0,79.0,49.9,27.5,86.0,6.37,107.3,banana
2243,96.5,43.4,19.3,22.0,58.8,6.09,53.2,maize
2244,66.6,54.2,42.9,23.4,72.4,6.91,191.4,rice
2245,33.2,57.7,78.6,19.7,17.0,7.54,71.9,chickpea
2246,13.0,36.8,30.3,31.1,47.1,5.86,80.5,mango
2247,24.8,136.7,182.3,22.4,69.8,6.16,95.4,grapes
2248,14.8,10.3,12.7,20.5,94.4,6.91,78.8,orange
2249,75.0,39.1,41.7,26.3,84.0,5.8,220.8,rice
2250,44.2,86.8,65.8,21.4,24.1,7.25,88.8,chickpea
2251,31.8,49.2,33.7,19.6,17.1,5.97,95.9,kidneybeans
2252,64.2,38.3,18.4,28.1,83.8,7.26,133.4,cotton
2253,36.8,124.0,200.0,18.3,77.8,5.56,70.5,grapes
2254,23.8,16.5,11.1,22.0,90.1,6.92,126.3,orange
2255,32.0,117.8,200.0,26.8,73.4,6.08,83.6,grapes
2256,83.9,50.3,13.4,19.8,72.6,6.23,114.0,maize
2257,97.5,54.1,49.7,22.0,72.8,5.95,115.4,banana
2258,91.0,48.4,15.8,18.5,66.3,7.15,66.0,maize
2259,18.2,161.7,182.5,24.4,86.2,5.85,112.9,grapes
2260,27.3,69.7,97.2,21.1,16.9,6.97,95.9,chickpea
2261,13.2,93.8,11.5,19.5,14.2,6.12,77.8,kidneybeans
2262,34.7,15.1,18.9,17.8,90.2,6.79,124.9,orange
2263,32.4,24.3,24.3,33.4,58.0,5.92,86.0,mango
2264,19.2,13.6,8.3,22.3,88.8,6.01,100.3,orange
2265,90.8,68.0,47.3,25.4,68.5,6.43,71.6,banana
2266,85.8,51.5,11.5,23.1,77.8,6.87,82.2,maize
2267,38.2,39.7,40.8,32.1,50.5,5.57,85.0,mango
2268,135.5,46.3,11.7,24.8,68.0,7.15,101.5,cotton
2269,106.7,47.7,16.7,32.9,91.8,7.3,89.7,cotton
2270,25.9,25.0,20.6,31.8,53.3,5.92,111.7,mango
2271,74.6,39.5,23.6,17.5,75.7,6.91,94.3,maize
2272,29.7,68.2,28.5,14.7,27.5,5.46,108.7,kidneybeans
2273,30.9,48.8,54.8,19.9,13.2,7.06,34.3,chickpea
2274,30.3,35.7,33.9,30.7,50.2,5.79,77.0,mango
2275,21.7,58.4,22.2,21.4,15.4,5.07,105.4,kidneybeans
2276,32.0,22.3,4.3,21.1,92.1,6.74,94.0,orange
2277,117.1,37.0,13.8,28.3,75.7,7.52,102.6,cotton
2278,25.8,17.4,15.7,21.8,98.5,6.55,103.4,orange
2279,84.2,56.4,27.2,21.5,55.9,5.68,113.1,maize
2280,82.4,36.0,31.9,26.1,93.7,5.99,200.5,rice
2281,27.6,120.4,169.0,25.7,82.5,6.28,49.8,grapes
2282,95.9,59.5,30.5,24.3,71.6,6.21,213.8,rice
2283,10.7,29.4,13.6,16.7,92.3,7.49,154.4,orange
2284,96.4,17.7,43.3,25.9,78.9,6.91,63.9,watermelon
2285,18.3,47.0,23.6,21.4,18.1,6.57,118.5,kidneybeans
2286,73.2,53.0,21.1,19.2,60.7,6.16,56.2,maize
2287,85.7,9.6,36.8,25.0,91.1,6.88,55.5,watermelon
2288,14.4,15.1,6.6,26.1,100.0,6.91,74.2,orange
2289,30.9,144.9,200.0,23.0,77.2,5.88,30.1,grapes
2290,76.6,19.0,47.5,31.1,83.1,7.22,61.7,watermelon
2291,8.5,57.4,33.9,17.5,20.2,5.65,80.9,kidneybeans
2292,114.6,58.8,24.1,29.6,75.5,7.72,74.6,cotton
2293,23.9,15.3,34.9,31.8,37.9,5.35,112.1,mango
2294,85.6,63.0,19.2,21.2,59.7,6.5,75.9,maize
2295,19.6,5.6,10.7,20.6,96.3,6.61,91.3,orange
2296,19.1,130.4,199.0,19.0,87.5,6.1,88.4,grapes
2297,15.6,77.5,174.7,25.5,82.5,5.02,98.2,grapes
2298,75.5,30.3,42.0,24.0,84.5,6.03,236.4,rice
2299,48.2,61.2,47.7,15.3,10.0,7.36,53.2,chickpea
2300,56.3,52.8,25.5,21.4,67.1,5.87,70.2,maize
2301,66.7,33.5,37.2,23.2,83.4,5.4,163.8,rice
2302,27.3,23.3,14.1,27.8,42.7,5.54,84.5,mango
2303,42.1,23.6,28.9,31.9,47.4,6.38,66.8,mango
2304,90.5,44.4,21.6,23.7,63.7,6.24,109.1,maize
2305,95.6,58.1,10.7,25.4,68.6,6.67,100.4,maize
2306,20.1,134.5,182.6,24.7,85.7,5.65,75.8,grapes
2307,67.8,50.0,38.7,21.3,91.8,5.99,191.9,rice
2308,45.2,90.9,64.3,21.0,18.0,7.5,55.4,chickpea
2309,139.1,28.5,9.5,23.0,71.3,6.87,68.6,cotton
2310,123.7,15.7,46.0,23.8,79.0,6.64,52.8,watermelon
2311,98.0,85.8,59.2,24.5,79.8,5.8,118.4,banana
2312,22.6,12.4,8.2,19.4,88.1,6.72,96.4,orange
2313,106.9,47.2,16.1,27.3,71.3,7.72,57.6,cotton
2314,32.8,52.3,75.5,20.9,23.2,7.23,78.1,chickpea
2315,89.5,87.1,50.2,27.0,75.8,6.53,51.7,banana
2316,7.6,30.2,47.7,24.6,35.1,6.14,105.4,mango
2317,94.7,15.4,41.3,29.6,75.9,6.09,41.0,watermelon
2318,25.9,134.3,186.6,25.7,82.3,5.95,63.2,grapes
2319,25.2,20.9,7.9,24.9,90.5,7.99,92.0,orange
2320,29.0,11.2,13.7,31.8,56.2,5.82,81.6,mango
2321,17.8,65.6,35.1,22.2,10.0,5.97,97.1,kidneybeans
2322,103.3,74.4,30.7,32.5,67.6,5.62,58.4,banana
2323,126.6,56.0,15.8,23.4,75.6,7.22,86.3,cotton
2324,91.8,11.2,24.6,27.5,64.9,6.58,47.1,watermelon
2325,31.4,76.6,25.3,24.0,23.9,5.7,93.8,kidneybeans
2326,25.1,13.3,36.2,29.9,57.7,6.5,74.3,mango
2327,26.3,142.8,200.0,25.7,69.8,6.35,66.5,grapes
2328,80.0,21.5,36.3,32.3,79.0,6.83,228.2,rice
2329,89.3,23.2,49.8,22.6,95.0,6.19,66.8,watermelon
2330,81.0,58.6,6.1,26.5,45.0,6.56,79.5,maize
2331,83.5,73.0,69.5,23.4,76.4,6.36,95.1,banana
2332,17.1,21.0,31.2,29.1,47.2,5.46,91.3,mango
2333,11.8,32.1,36.3,31.0,45.8,6.28,88.6,mango
2334,79.8,28.4,48.6,27.2,80.7,6.84,54.4,watermelon
2335,28.6,128.1,197.4,27.2,80.9,6.36,72.0,grapes
2336,28.2,112.1,200.0,20.0,77.2,6.14,66.5,grapes
2337,87.1,30.2,29.2,24.6,73.4,7.2,214.5,rice
2338,89.7,46.2,18.1,27.0,59.5,7.42,114.3,maize
2339,6.9,21.9,7.0,23.3,93.8,6.12,86.2,orange
2340,84.2,32.2,22.1,18.6,86.4,6.07,243.9,rice
2341,111.8,87.4,43.0,30.5,76.3,6.44,102.5,banana
2342,63.2,31.4,18.3,14.5,74.0,6.05,66.0,maize
2343,27.5,39.4,24.2,17.6,25.4,5.64,104.1,kidneybeans
2344,27.2,113.7,200.0,23.4,71.8,6.06,64.1,grapes
2345,74.5,14.5,67.3,25.1,83.0,6.45,57.1,watermelon
2346,78.6,36.1,54.6,23.0,80.9,6.39,185.8,rice
2347,115.8,51.3,16.6,24.3,62.8,8.11,61.4,cotton
2348,97.8,16.9,47.1,25.0,81.8,6.42,41.7,watermelon
2349,127.4,49.2,16.0,20.5,82.9,6.92,62.5,cotton
2350,33.8,95.3,83.5,20.8,14.5,7.62,64.3,chickpea
2351,19.7,118.9,185.3,23.3,81.7,5.65,62.7,grapes
2352,30.6,73.9,24.0,20.9,27.7,6.47,125.2,kidneybeans
2353,18.1,22.1,11.0,18.2,95.8,7.27,50.3,orange
2354,61.3,58.3,82.1,21.9,13.0,6.34,79.2,chickpea
2355,20.3,131.7,200.0,23.8,82.8,5.91,100.0,grapes
2356,126.6,50.4,19.1,24.6,81.7,6.57,92.0,cotton
2357,20.3,19.3,10.4,27.2,89.1,7.15,44.8,orange
2358,19.2,135.6,200.0,19.7,94.8,4.97,87.2,grapes
2359,23.4,29.2,9.8,16.8,89.4,7.05,89.7,orange
2360,88.6,40.3,11.4,25.1,60.1,6.49,45.7,maize
2361,12.2,13.0,8.2,19.6,89.6,7.74,131.5,orange
2362,61.9,22.0,47.1,26.5,85.4,7.24,30.9,watermelon
2363,77.2,55.8,34.9,25.7,80.3,6.32,180.3,rice
2364,136.7,28.5,8.2,29.9,76.3,7.11,57.8,cotton
2365,39.6,26.8,25.5,34.2,48.9,5.56,57.3,mango
2366,133.9,5.6,37.5,25.0,82.7,6.84,53.4,watermelon
2367,40.7,78.7,59.5,18.1,28.0,6.7,82.0,chickpea
2368,81.0,83.8,47.5,20.9,81.4,6.17,114.4,banana
2369,34.3,53.2,27.1,19.1,23.5,4.98,62.7,kidneybeans
2370,122.8,12.9,74.9,31.2,77.1,5.85,40.7,watermelon
2371,72.3,43.7,44.4,26.8,76.7,4.99,230.7,rice
2372,143.7,22.4,42.6,24.6,72.2,6.36,47.0,watermelon
2373,104.6,24.9,45.0,26.5,85.2,7.29,32.7,watermelon
2374,60.4,57.1,14.3,22.0,60.6,6.05,86.0,maize
2375,94.1,61.9,33.0,22.4,94.2,5.48,224.2,rice
2376,40.3,59.5,83.0,16.0,15.0,6.77,85.3,chickpea
2377,43.2,66.9,71.3,19.7,15.9,7.0,56.4,chickpea
2378,77.5,52.0,15.2,22.2,53.8,7.03,84.4,maize
2379,89.6,50.2,34.1,24.1,57.4,6.54,90.5,maize
2380,91.4,55.1,29.1,28.5,72.6,7.1,62.8,cotton
2381,22.1,24.3,18.9,31.8,43.9,5.05,77.8,mango
2382,37.0,49.8,79.0,22.0,18.5,6.08,25.9,chickpea
2383,43.8,78.2,76.2,21.1,12.1,6.7,72.9,chickpea
2384,128.1,47.9,5.5,24.4,82.0,7.7,61.9,cotton
2385,109.8,119.9,35.6,23.5,85.3,5.67,121.2,banana
2386,79.2,42.6,22.5,23.1,63.6,7.03,55.1,maize
2387,34.3,35.9,14.5,23.0,22.8,6.13,101.4,kidneybeans
2388,77.9,87.9,44.0,24.7,84.6,5.69,104.9,banana
2389,83.1,44.3,35.4,19.8,68.2,5.99,250.2,rice
2390,80.5,52.5,14.5,25.6,70.5,6.48,83.3,maize
2391,79.2,15.5,68.7,28.0,82.8,6.63,49.2,watermelon
2392,89.6,55.9,46.9,25.2,95.9,5.95,201.8,rice
2393,33.4,29.1,13.7,27.6,59.0,6.3,80.7,mango
2394,122.7,53.8,13.1,28.6,75.6,7.89,92.9,cotton
2395,16.9,69.5,20.2,18.5,35.8,5.46,86.7,kidneybeans
2396,13.3,22.3,43.3,28.0,31.1,5.51,103.9,mango
2397,27.5,74.5,21.0,22.2,19.0,5.28,89.6,kidneybeans
2398,91.2,19.9,8.7,25.8,82.5,7.59,86.0,cotton
2399,101.6,73.3,39.3,27.9,91.4,6.87,108.7,banana
2400,95.3,56.0,10.6,32.4,85.6,7.21,86.2,cotton
2401,86.8,18.6,37.8,26.7,83.7,6.73,83.8,watermelon
2402,71.5,61.1,35.0,25.8,87.1,7.68,157.2,rice
2403,89.9,47.1,65.6,27.0,77.3,6.41,214.5,rice
2404,21.5,49.8,9.0,20.6,22.9,5.68,48.0,kidneybeans
2405,64.5,66.3,17.1,25.6,58.4,5.29,91.3,maize
2406,130.8,8.9,59.1,22.7,91.9,7.51,37.8,watermelon
2407,99.2,37.7,10.8,22.4,71.6,6.16,82.4,maize
2408,75.5,21.6,39.6,25.7,78.1,6.49,50.6,watermelon
2409,30.7,8.5,20.9,19.8,91.6,6.71,107.5,orange
2410,29.3,86.2,25.1,21.7,20.2,6.17,77.7,kidneybeans
2411,99.5,58.2,53.7,24.7,71.4,5.17,177.5,rice
2412,83.9,45.1,17.4,19.1,100.0,8.32,43.4,cotton
2413,87.1,91.7,43.9,28.5,77.5,5.53,115.2,banana
2414,19.2,116.5,189.9,18.8,80.1,5.25,77.0,grapes
2415,92.0,33.3,49.7,25.8,82.8,6.73,183.0,rice
2416,36.0,79.6,198.6,21.8,92.3,4.91,59.8,grapes
2417,126.2,1.0,55.6,25.0,76.9,7.78,26.9,watermelon
2418,83.2,42.3,49.6,20.0,77.0,5.77,201.8,rice
2419,81.2,55.6,17.1,21.3,66.6,6.53,64.1,maize
2420,79.2,70.9,40.2,29.4,96.2,6.55,138.0,banana
2421,14.2,12.7,14.1,21.9,89.1,6.49,142.6,orange
2422,69.8,36.8,7.8,21.1,66.6,6.46,85.8,maize
2423,47.8,62.7,92.4,24.3,15.9,7.5,43.3,chickpea
2424,26.5,21.8,11.5,22.0,95.3,6.79,60.1,orange
2425,77.2,50.3,42.1,21.0,81.9,5.75,219.8,rice
2426,28.7,29.4,30.5,27.8,44.5,5.85,84.3,mango
2427,17.5,18.3,22.0,29.7,46.4,5.68,61.5,mango
2428,114.8,65.3,51.2,21.0,62.4,6.29,112.0,banana
2429,123.5,29.2,26.5,15.2,81.2,7.11,82.6,cotton
2430,17.0,87.1,200.0,22.8,66.9,6.29,82.1,grapes
2431,81.5,52.2,22.2,28.7,38.9,6.83,74.4,maize
2432,109.1,19.5,64.7,16.6,77.7,6.94,42.5,watermelon
2433,87.5,59.0,20.7,22.4,36.5,6.11,80.3,maize
2434,89.0,33.7,17.6,16.5,74.1,5.94,68.0,maize
2435,22.7,131.1,156.4,27.1,80.8,6.1,64.8,grapes
2436,19.9,5.0,3.1,18.7,90.0,7.07,99.2,orange
2437,67.8,45.6,26.3,24.3,74.9,6.65,215.0,rice
2438,47.5,81.7,96.4,24.6,10.0,6.85,54.1,chickpea
2439,126.3,96.4,58.4,26.9,82.5,6.45,50.4,banana
2440,53.5,74.0,75.9,17.2,21.6,6.94,85.4,chickpea
2441,76.1,35.3,7.8,23.3,72.1,5.8,97.6,maize
2442,22.1,25.2,24.1,30.4,43.5,5.77,99.2,mango
2443,123.2,46.9,8.8,20.9,64.5,7.94,68.9,cotton
2444,51.1,59.9,92.2,20.5,17.9,7.52,99.4,chickpea
2445,22.6,17.5,10.5,22.4,89.9,7.33,63.7,orange
2446,137.4,42.1,40.8,26.4,89.8,7.0,109.6,cotton
2447,29.3,134.4,200.0,27.4,92.5,6.66,86.5,grapes
2448,103.2,77.5,36.9,26.2,80.4,6.13,149.8,banana
2449,23.2,62.5,27.8,15.6,11.4,6.12,75.8,kidneybeans
2450,80.6,39.9,20.8,24.7,62.3,6.34,93.5,maize
2451,110.2,52.2,26.6,24.9,79.8,6.43,113.7,cotton
2452,76.0,48.3,10.4,25.5,71.4,5.89,83.0,maize
2453,28.5,138.6,198.0,22.8,91.6,5.76,88.1,grapes
2454,20.8,7.6,18.0,25.2,90.9,6.47,137.8,orange
2455,30.9,27.8,21.4,26.9,73.9,5.84,73.7,mango
2456,98.5,34.5,28.7,24.4,75.9,6.98,75.6,cotton
2457,49.1,75.8,91.3,20.8,16.7,6.74,52.9,chickpea
2458,28.3,127.3,200.0,18.0,83.4,7.07,83.1,grapes
2459,118.6,49.0,19.4,29.6,83.5,7.19,106.6,cotton
2460,59.8,56.7,59.5,18.9,10.0,6.37,66.6,chickpea
2461,23.7,39.1,34.4,31.7,29.5,6.12,100.2,mango
2462,71.7,81.4,66.8,24.3,79.1,6.16,129.8,banana
2463,59.4,49.8,31.7,28.5,78.2,5.77,214.2,rice
2464,80.0,53.3,49.8,26.8,77.6,6.05,171.8,rice
2465,25.8,58.5,62.7,23.5,15.3,7.6,84.4,chickpea
2466,94.2,58.7,24.4,24.4,76.0,5.49,237.2,rice
2467,22.0,55.4,17.3,22.9,16.5,5.63,82.1,kidneybeans
2468,54.2,70.9,91.3,14.2,25.4,7.2,40.7,chickpea
2469,32.4,107.9,156.8,20.1,80.0,5.66,108.4,grapes
2470,23.4,3.3,4.6,20.1,87.0,6.8,90.7,orange
2471,36.1,114.8,172.3,23.8,89.6,6.34,104.1,grapes
2472,19.7,142.2,176.6,22.7,82.2,5.59,79.1,grapes
2473,41.0,63.4,94.9,20.3,17.1,6.97,32.1,chickpea
2474,20.0,111.4,190.1,27.4,86.6,5.66,76.6,grapes
2475,118.2,45.3,18.2,22.9,80.6,7.22,79.0,cotton
2476,23.4,62.8,83.1,19.5,24.1,6.96,55.8,chickpea
2477,31.3,55.4,70.0,20.5,15.7,7.05,56.1,chickpea
2478,69.5,37.0,19.2,26.7,63.1,6.17,76.3,maize
2479,153.0,47.3,16.8,22.8,77.1,7.32,96.6,cotton
2480,123.1,33.5,25.1,21.8,82.7,7.09,83.9,cotton
2481,110.3,56.1,47.2,24.9,75.9,6.54,93.6,banana
2482,34.6,30.4,42.2,25.6,57.0,5.84,77.6,mango
2483,89.8,95.0,50.1,29.0,75.5,6.86,128.2,banana
2484,96.1,44.5,21.5,27.3,70.6,7.24,64.0,cotton
2485,115.1,41.8,26.3,29.7,80.8,7.1,72.9,cotton
2486,106.2,78.8,34.3,25.3,73.1,6.23,88.2,banana
2487,84.7,46.3,52.4,27.6,87.5,6.43,238.0,rice
2488,87.0,12.5,61.6,24.8,81.8,6.78,63.1,watermelon
2489,118.8,31.1,18.2,19.5,87.0,6.95,41.4,cotton
2490,36.0,17.4,11.5,21.8,88.3,7.55,94.1,orange
2491,43.8,69.8,65.6,16.4,10.0,6.9,59.9,chickpea
2492,23.2,27.5,23.6,32.2,29.6,6.2,114.8,mango
2493,53.8,53.4,11.2,25.2,85.6,6.21,236.1,rice
2494,23.4,9.3,9.9,28.4,91.8,6.86,131.3,orange
2495,34.9,12.4,9.3,18.4,94.8,6.47,74.9,orange
2496,129.7,10.2,33.1,28.2,75.0,6.21,43.1,watermelon
2497,128.2,77.9,61.1,27.1,68.3,6.49,98.2,banana
2498,26.8,129.3,200.0,19.2,85.8,6.76,89.4,grapes
2499,27.0,120.5,200.0,23.9,89.4,5.16,49.4,grapes
2500,33.4,122.2,193.7,29.8,79.6,5.88,81.1,grapes
2501,33.9,85.9,58.0,20.2,16.5,7.63,87.5,chickpea
2502,128.8,12.0,52.2,23.7,74.4,6.85,58.5,watermelon
2503,24.6,129.0,186.2,26.5,80.8,6.72,34.2,grapes
2504,15.1,98.8,159.7,24.3,86.6,6.9,83.2,grapes
2505,18.7,24.8,25.2,25.8,59.5,5.58,100.5,mango
2506,45.5,74.0,47.6,16.7,20.5,7.64,54.4,chickpea
2507,91.4,11.7,79.7,19.9,86.7,6.15,98.9,watermelon
2508,118.0,11.3,50.2,28.3,88.6,5.81,39.3,watermelon
2509,120.1,49.6,17.8,25.7,73.4,7.32,52.1,cotton
2510,17.1,23.6,10.3,20.5,89.1,6.39,98.1,orange
2511,21.2,126.1,197.6,23.9,73.7,6.39,83.9,grapes
2512,34.7,146.1,200.0,26.7,84.2,6.46,66.2,grapes
2513,19.9,117.5,200.0,20.1,83.4,5.65,56.4,grapes
2514,84.1,52.1,42.3,29.1,74.0,6.32,249.6,rice
2515,33.4,37.1,23.4,25.3,55.8,5.85,92.9,mango
2516,12.8,27.5,12.3,20.3,88.7,6.28,138.3,orange
2517,27.6,20.1,6.7,21.8,92.4,7.39,162.7,orange
2518,19.4,15.2,22.3,31.0,53.7,5.62,61.7,mango
2519,20.4,48.8,23.0,17.7,19.5,6.39,82.0,kidneybeans
2520,110.6,77.5,54.5,27.3,73.7,5.93,136.0,banana
2521,43.5,53.6,19.2,20.4,32.3,6.08,101.8,kidneybeans
2522,108.5,50.8,31.5,24.5,62.7,6.48,84.4,maize
2523,38.3,53.0,77.2,25.1,16.7,7.39,72.7,chickpea
2524,65.7,47.9,11.6,27.9,67.3,6.46,108.3,maize
2525,16.6,33.1,30.1,30.4,47.0,6.51,74.3,mango
2526,28.6,68.9,20.5,20.2,24.7,6.4,98.2,kidneybeans
2527,46.6,48.3,87.2,14.9,20.2,7.42,37.0,chickpea
2528,92.5,95.2,64.8,27.6,88.3,5.75,58.0,banana
2529,88.8,32.2,13.2,23.6,56.1,6.46,42.9,maize
2530,11.0,33.0,15.4,26.3,43.2,6.19,132.5,mango
2531,18.2,16.8,7.3,17.6,94.7,6.9,116.6,orange
2532,73.8,9.6,46.9,28.8,79.6,6.13,56.0,watermelon
2533,75.0,32.8,9.8,26.2,77.2,6.82,118.5,maize
2534,107.2,77.0,49.0,26.1,74.7,5.77,81.1,banana
2535,37.2,21.3,36.7,27.4,52.5,6.13,91.7,mango
2536,86.5,59.6,17.1,26.4,70.1,6.87,92.6,maize
2537,32.7,19.5,12.1,27.8,89.5,6.96,100.0,orange
2538,25.5,113.4,200.0,22.0,77.1,6.43,56.3,grapes
2539,107.1,63.5,57.2,25.6,75.9,5.84,106.5,banana
2540,91.9,58.4,8.1,30.7,80.1,6.73,100.6,maize
2541,95.0,46.6,38.4,24.9,83.7,5.85,130.5,rice
2542,38.0,21.9,37.4,29.4,58.8,5.32,157.2,mango
2543,29.1,34.3,25.9,22.8,15.4,5.92,135.0,kidneybeans
2544,24.2,78.9,27.0,19.8,17.2,5.52,80.6,kidneybeans
2545,13.3,14.7,35.5,32.5,47.5,6.65,137.0,mango
2546,34.6,30.7,32.8,27.1,42.6,5.21,65.5,mango
2547,22.7,24.7,0.0,23.1,88.4,5.9,58.5,orange
2548,88.6,21.2,57.7,27.0,93.6,6.34,75.7,watermelon
2549,32.1,69.4,16.6,21.7,33.3,6.15,61.1,kidneybeans
2550,31.0,33.4,27.5,29.3,40.9,5.71,81.2,mango
2551,68.8,34.9,20.5,18.4,72.6,5.5,97.1,maize
2552,47.0,64.1,66.6,21.6,17.8,7.57,50.2,chickpea
2553,104.2,7.8,48.7,24.2,86.2,6.05,49.5,watermelon
2554,16.2,78.9,22.0,18.5,21.5,5.94,95.7,kidneybeans
2555,105.4,73.7,44.2,28.1,78.3,6.76,98.9,banana
2556,55.0,58.7,21.1,27.3,82.4,5.92,86.0,maize
2557,96.9,19.3,57.8,28.6,80.4,6.56,47.6,watermelon
2558,101.6,63.1,16.5,28.0,73.3,6.78,54.7,cotton
2559,104.5,84.6,46.4,27.4,71.8,7.02,78.8,banana
2560,134.1,55.9,21.4,28.3,58.1,6.92,68.1,cotton
2561,104.2,72.8,17.1,28.4,83.3,7.99,42.7,cotton
2562,57.9,39.1,43.9,21.1,80.6,5.6,201.8,rice
2563,123.0,29.1,50.7,25.6,84.0,6.92,52.6,watermelon
2564,89.1,54.4,33.4,20.8,80.6,5.91,62.0,maize
2565,114.3,48.8,18.8,25.0,84.5,6.71,77.4,cotton
2566,38.3,47.2,73.6,15.6,29.8,7.22,64.0,chickpea
2567,24.3,71.6,30.5,20.3,24.8,6.59,127.3,kidneybeans
2568,28.6,148.4,121.6,19.2,72.1,5.64,59.5,grapes
2569,30.3,21.1,9.9,16.1,95.1,6.92,100.9,orange
2570,48.7,45.8,21.0,17.2,83.9,6.33,236.3,rice
2571,18.6,22.4,36.6,29.6,62.6,5.24,95.5,mango
2572,107.6,80.9,57.4,24.2,74.5,6.57,95.3,banana
2573,25.9,35.5,29.2,27.4,29.3,6.45,111.0,mango
2574,30.7,141.2,200.0,27.3,81.2,5.62,60.7,grapes
2575,115.2,79.2,55.7,21.7,92.8,5.78,109.6,banana
2576,44.2,28.2,35.4,28.9,34.2,5.16,120.9,mango
2577,99.4,71.0,44.4,26.0,71.3,6.33,132.5,banana
2578,76.4,42.8,35.0,27.5,73.4,5.16,212.2,rice
2579,11.0,10.5,17.1,20.8,98.4,6.71,125.9,orange
2580,101.8,65.5,47.3,24.7,72.2,5.93,104.7,banana
2581,89.4,43.1,19.6,31.2,82.1,6.17,175.7,rice
2582,103.0,79.2,45.1,32.2,72.6,5.76,114.5,banana
2583,125.7,12.8,36.2,27.8,74.9,5.83,52.6,watermelon
2584,74.6,37.8,32.3,23.5,57.7,6.52,55.4,maize
2585,30.2,33.4,37.2,29.9,50.8,6.43,111.3,mango
2586,17.2,71.2,32.7,16.8,36.5,5.77,60.3,kidneybeans
2587,19.4,14.9,29.5,33.4,70.8,5.79,117.7,mango
2588,24.0,82.5,100.4,20.7,13.8,6.88,59.9,chickpea
2589,98.5,42.4,22.4,25.3,57.4,6.58,85.0,maize
2590,115.6,45.7,15.9,25.4,71.8,6.61,97.4,cotton
2591,40.6,54.7,84.6,16.6,13.4,6.58,39.4,chickpea
2592,30.0,56.8,16.5,19.6,10.5,6.72,93.8,kidneybeans
2593,97.0,55.0,57.9,29.4,61.8,6.52,134.2,banana
2594,21.3,37.5,31.4,31.9,62.2,5.83,95.5,mango
2595,93.4,89.2,43.6,31.5,72.9,6.27,146.8,banana
2596,22.4,73.6,45.8,19.0,15.0,7.1,70.2,chickpea
2597,21.9,23.9,39.5,33.6,60.1,6.12,75.8,mango
2598,95.2,69.0,59.6,30.9,83.5,6.89,115.4,banana
2599,23.0,120.4,200.0,25.6,76.3,5.97,86.4,grapes
2600,28.9,131.2,166.9,19.8,85.1,5.89,80.8,grapes
2601,90.9,50.5,35.7,26.2,75.6,5.65,124.1,rice
2602,72.5,55.1,15.0,30.5,67.7,5.76,65.6,maize
2603,62.0,25.0,37.4,26.8,84.6,7.16,34.6,watermelon
2604,46.4,59.0,105.2,20.0,29.3,7.63,37.6,chickpea
2605,126.1,51.7,15.1,33.1,76.0,7.39,92.3,cotton
2606,19.8,72.7,19.8,14.7,26.1,6.56,65.6,kidneybeans
2607,20.9,152.0,169.6,26.8,83.5,5.97,73.0,grapes
2608,20.0,47.4,38.0,18.2,19.8,6.67,97.1,kidneybeans
2609,24.0,17.1,7.8,17.7,95.0,7.44,68.3,orange
2610,8.9,51.2,32.9,24.3,21.6,5.75,82.3,kidneybeans
2611,15.7,18.7,5.9,24.0,86.7,6.57,92.1,orange
2612,70.1,49.4,40.2,33.3,87.7,5.96,201.5,rice
2613,25.7,57.9,49.3,20.7,24.4,7.0,65.3,chickpea
2614,122.4,42.5,14.2,27.7,70.0,7.51,77.1,cotton
2615,71.7,53.0,39.0,23.3,77.3,5.75,194.7,rice
2616,115.0,71.4,39.6,25.6,74.2,5.26,102.0,banana
2617,106.2,12.2,44.5,29.4,76.9,5.52,67.5,watermelon
2618,55.0,64.4,88.9,19.2,14.2,6.76,59.1,chickpea
2619,50.4,37.8,40.8,25.0,92.7,6.07,234.5,rice
2620,24.2,61.2,18.7,21.9,12.6,5.98,133.7,kidneybeans
2621,104.2,79.7,42.7,29.2,66.4,6.03,112.2,banana
2622,36.5,14.8,11.0,20.0,88.9,6.61,142.6,orange
2623,97.1,14.9,51.1,28.9,70.5,6.16,45.6,watermelon
2624,115.4,108.2,37.9,30.8,86.8,5.65,74.0,banana
2625,14.3,17.7,9.8,24.0,94.3,7.26,119.2,orange
2626,63.9,39.5,23.6,21.1,81.1,6.28,114.2,maize
2627,60.5,58.3,69.9,25.0,86.1,5.74,183.3,rice
2628,18.5,11.1,15.9,23.1,90.7,6.84,114.7,orange
2629,103.9,29.6,51.3,30.0,77.3,6.57,63.9,watermelon
2630,3.3,54.7,18.6,20.7,24.5,6.68,105.4,kidneybeans
2631,23.3,132.3,200.0,23.4,77.3,6.03,82.0,grapes
2632,23.8,57.8,27.5,22.0,10.0,5.7,99.1,kidneybeans
2633,23.7,42.0,98.1,16.4,10.0,6.95,79.5,chickpea
2634,98.7,58.1,36.3,25.2,84.6,4.99,180.8,rice
2635,23.4,25.2,7.0,20.4,79.1,6.14,92.5,orange
2636,107.1,10.2,49.1,35.2,91.7,5.81,51.3,watermelon
2637,94.8,15.0,43.5,23.9,81.3,7.48,42.7,watermelon
2638,83.7,49.5,49.9,23.0,87.6,6.9,250.1,rice
2639,86.0,48.4,19.9,23.7,58.4,6.61,62.9,maize
2640,69.1,46.2,36.6,25.4,83.5,5.67,170.2,rice
2641,71.3,62.8,25.9,23.9,80.2,6.56,245.0,rice
2642,89.1,47.4,35.4,22.0,90.9,6.06,197.2,rice
2643,22.6,70.2,67.4,27.5,20.6,7.06,50.8,chickpea
2644,81.2,31.4,19.2,24.6,46.8,6.17,98.8,maize
2645,132.1,19.3,70.1,27.5,88.0,5.96,41.2,watermelon
2646,139.7,52.0,18.1,25.3,77.9,7.96,71.7,cotton
2647,109.7,46.4,17.5,26.5,85.3,7.25,37.0,cotton
2648,95.3,52.1,56.9,27.8,80.7,6.89,104.5,banana
2649,124.5,50.2,30.3,24.0,81.1,5.8,207.2,rice
2650,21.6,20.9,6.8,20.9,97.1,7.09,68.7,orange
2651,85.8,47.7,18.3,22.6,79.0,5.93,112.8,maize
2652,26.5,16.6,11.6,22.7,90.2,7.88,120.6,orange
2653,141.2,57.0,28.3,28.2,91.7,7.49,74.2,cotton
2654,120.2,46.1,25.1,30.7,68.7,7.13,102.4,cotton
2655,27.8,59.8,9.6,21.2,31.5,6.27,122.4,kidneybeans
2656,22.7,43.4,27.7,20.9,16.7,5.68,84.8,kidneybeans
2657,118.7,100.6,54.7,30.4,76.1,5.97,98.8,banana
2658,79.9,48.4,19.9,27.2,70.1,5.95,96.2,maize
2659,78.7,37.8,28.5,20.0,88.3,5.86,233.2,rice
2660,30.0,117.7,143.7,21.7,89.8,6.25,76.4,grapes
2661,66.9,99.0,63.4,23.4,62.4,5.97,81.5,banana
2662,32.8,41.3,34.1,31.1,54.1,4.75,121.8,mango
2663,89.5,19.8,72.3,27.3,77.9,5.45,51.0,watermelon
2664,15.6,33.1,38.8,33.6,46.2,6.21,131.6,mango
2665,17.9,74.8,18.1,20.0,22.6,5.12,105.6,kidneybeans
2666,26.5,108.3,153.9,15.6,79.0,5.84,63.6,grapes
2667,112.6,64.2,29.3,24.8,70.5,7.99,77.8,cotton
2668,22.2,54.7,22.0,18.1,17.5,5.71,73.0,kidneybeans
2669,29.2,134.4,200.0,30.6,77.1,5.92,78.4,grapes
2670,103.1,21.5,54.7,26.7,83.9,6.23,80.6,watermelon
2671,106.6,43.3,18.6,32.8,74.3,7.47,74.4,cotton
2672,42.3,63.6,72.5,22.4,25.8,7.2,82.6,chickpea
2673,15.6,112.5,190.6,26.1,74.7,6.3,73.3,grapes
2674,87.0,45.0,16.7,25.1,53.9,6.92,100.3,maize
2675,68.5,40.6,6.6,24.4,73.4,6.7,47.9,maize
2676,27.9,101.6,156.0,25.2,73.6,5.63,55.7,grapes
2677,27.0,33.7,32.2,32.7,43.0,5.66,102.2,mango
2678,27.6,128.4,200.0,26.4,78.7,5.5,47.7,grapes
2679,99.5,44.7,12.3,20.7,74.1,6.32,51.0,maize
2680,17.5,23.0,42.0,28.8,33.7,5.85,94.3,mango
2681,91.1,40.9,34.6,22.9,76.5,5.59,72.4,maize
2682,96.5,18.4,54.6,17.8,87.5,6.27,33.8,watermelon
2683,63.7,47.3,50.6,21.9,80.1,6.82,172.4,rice
2684,31.3,29.7,39.2,28.1,56.7,4.98,106.0,mango
2685,23.2,27.8,36.8,30.2,46.7,5.39,146.3,mango
2686,78.0,30.4,57.6,29.3,70.8,6.53,52.5,watermelon
2687,99.4,15.7,51.5,21.0,82.2,6.95,54.1,watermelon
2688,108.6,47.8,37.7,25.7,94.9,5.36,191.4,rice
2689,96.2,41.9,13.6,22.1,92.4,6.34,73.2,cotton
2690,27.7,14.4,12.6,14.3,96.0,6.98,132.2,orange
2691,40.0,26.1,36.4,27.6,43.7,5.53,89.6,mango
2692,129.9,21.8,56.3,32.4,81.1,7.04,66.1,watermelon
2693,28.4,133.0,160.8,22.6,77.8,5.37,35.4,grapes
2694,123.8,20.5,43.8,20.9,66.9,6.11,71.8,watermelon
2695,105.7,25.0,76.8,24.7,72.5,7.66,43.3,watermelon
2696,109.4,44.8,52.0,19.4,85.5,6.03,216.8,rice
2697,32.2,84.7,94.5,14.8,21.9,6.96,47.9,chickpea
2698,23.3,26.4,7.0,25.9,93.4,7.24,132.8,orange
2699,95.1,78.1,53.6,26.5,73.7,6.19,123.4,banana
2700,88.2,101.2,41.5,23.5,75.6,5.69,124.9,banana
2701,136.5,38.9,23.4,28.5,86.8,6.83,81.9,cotton
2702,14.0,56.1,5.5,21.6,29.6,5.82,80.7,kidneybeans
2703,23.1,91.8,23.9,25.5,20.8,5.38,62.3,kidneybeans
2704,2.2,52.0,25.4,19.3,22.4,6.19,38.3,kidneybeans
2705,84.4,55.1,23.5,23.1,59.5,7.14,71.7,maize
2706,30.7,62.1,16.1,16.8,28.6,5.63,155.4,kidneybeans
2707,133.8,49.8,22.0,21.4,88.7,7.15,59.2,cotton
2708,71.7,43.0,25.5,24.1,67.3,6.18,63.8,maize
2709,61.2,62.9,67.3,18.6,15.2,6.61,53.3,chickpea
2710,24.4,98.0,181.5,23.2,81.6,6.63,86.3,grapes
2711,80.9,41.0,38.8,27.9,85.9,5.79,212.2,rice
2712,22.9,59.5,19.8,22.4,20.6,5.91,135.7,kidneybeans
2713,94.4,15.3,45.1,22.6,87.0,6.21,69.8,watermelon
2714,69.8,86.6,57.9,29.9,59.4,6.15,79.7,banana
2715,59.5,51.7,17.0,22.1,56.4,6.54,86.2,maize
2716,62.5,33.7,7.5,20.0,68.4,6.92,105.9,maize
2717,87.5,83.9,39.8,29.3,72.1,5.86,95.8,banana
2718,78.4,48.0,25.1,24.3,76.8,6.56,93.3,maize
2719,20.1,23.5,23.8,27.8,62.0,5.94,59.4,mango
2720,34.3,13.5,3.1,20.2,90.0,7.47,101.9,orange
2721,14.8,18.5,23.5,16.9,97.2,7.53,115.2,orange
2722,9.4,147.4,200.0,24.2,90.8,5.76,92.9,grapes
2723,94.1,11.4,48.6,25.4,79.5,6.6,53.8,watermelon
2724,16.6,9.0,13.2,21.0,94.3,6.32,131.9,orange
2725,28.2,27.6,28.9,36.2,40.4,5.61,126.8,mango
2726,35.6,50.9,13.9,20.8,23.4,6.84,89.6,kidneybeans
2727,111.3,50.6,12.8,29.6,85.9,7.25,80.0,cotton
2728,20.9,29.2,5.6,18.9,85.2,7.66,107.2,orange
2729,120.3,104.8,69.7,31.1,89.1,6.67,114.5,banana
2730,18.9,32.6,31.1,29.3,40.8,6.24,107.6,mango
2731,96.1,11.8,62.1,26.7,76.0,6.99,17.2,watermelon
2732,23.2,26.6,35.8,29.2,43.7,5.79,117.0,mango
2733,24.7,151.4,200.0,19.4,77.8,5.21,66.8,grapes
2734,29.8,67.8,16.9,18.5,23.3,6.08,101.1,kidneybeans
2735,18.1,22.6,9.8,20.0,87.9,7.45,115.4,orange
2736,106.6,6.7,46.3,27.2,80.8,5.35,51.0,watermelon
2737,42.8,57.3,66.9,23.6,25.8,6.91,56.0,chickpea
2738,70.8,51.6,10.0,28.5,60.1,6.67,86.5,maize
2739,40.8,30.9,26.9,27.7,35.6,5.48,51.0,mango
2740,86.3,31.3,57.7,30.9,66.3,6.98,158.1,rice
2741,114.9,38.1,14.1,26.9,73.7,7.07,63.4,cotton
2742,20.1,141.4,191.0,20.5,79.0,6.01,43.6,grapes
2743,85.6,48.2,43.6,27.9,81.5,7.01,181.9,rice
2744,23.8,26.4,30.5,31.8,55.2,5.84,93.5,mango
2745,77.1,44.4,24.2,19.3,63.3,6.31,119.2,maize
2746,33.3,26.3,22.4,32.6,37.6,6.04,135.9,mango
2747,82.1,21.6,66.5,29.7,80.3,5.9,53.0,watermelon
2748,31.6,84.3,84.3,18.3,10.0,6.58,97.3,chickpea
2749,21.3,51.5,19.0,23.1,38.9,5.55,106.7,kidneybeans
2750,47.9,45.2,75.7,18.2,26.2,7.19,70.5,chickpea
2751,106.1,93.2,35.2,28.4,92.7,6.31,85.4,banana
2752,24.4,28.4,23.3,30.4,46.0,5.48,87.9,mango
2753,97.4,55.9,21.8,24.1,66.3,7.12,72.8,cotton
2754,82.1,55.5,31.0,21.8,69.9,5.7,97.3,maize
2755,21.3,82.6,18.7,23.2,18.6,5.72,139.8,kidneybeans
2756,17.4,27.9,25.2,27.6,46.0,5.33,118.9,mango
2757,24.8,48.9,22.2,23.3,10.8,5.86,102.1,kidneybeans
2758,65.5,40.8,25.6,21.3,61.4,6.61,114.5,maize
2759,84.2,67.2,38.9,27.8,73.2,6.38,203.8,rice
2760,38.7,129.4,148.2,18.5,83.6,6.47,49.5,grapes
2761,7.1,49.0,14.0,19.1,13.1,5.34,116.7,kidneybeans
2762,17.0,33.4,25.9,24.8,54.4,5.58,73.7,mango
2763,37.5,74.5,97.0,16.0,10.0,6.73,61.3,chickpea
2764,93.1,86.1,43.8,26.3,86.5,6.62,63.9,banana
2765,14.0,100.3,164.6,22.1,67.6,6.41,79.0,grapes
2766,87.3,48.4,30.7,27.9,82.8,5.65,278.4,rice
2767,19.9,33.7,21.2,32.0,52.4,5.98,73.9,mango
2768,142.0,15.0,14.4,24.9,82.1,7.49,102.2,cotton
2769,20.2,18.0,2.8,25.5,85.3,7.07,135.7,orange
2770,72.8,64.2,53.7,27.6,83.3,5.59,173.2,rice
2771,98.6,17.7,46.7,20.1,74.5,6.84,41.4,watermelon
2772,33.6,75.0,86.0,17.4,11.4,7.39,95.8,chickpea
2773,30.5,80.3,18.7,21.2,30.5,5.51,74.6,kidneybeans
2774,88.1,76.7,51.0,32.6,77.0,5.82,96.5,banana
2775,26.1,10.3,7.9,22.7,94.2,7.4,110.0,orange
2776,40.3,58.7,70.3,18.7,10.0,6.63,64.9,chickpea
2777,36.1,102.8,200.0,19.8,78.6,6.55,49.7,grapes
2778,26.6,58.8,11.6,15.7,21.3,6.32,71.8,kidneybeans
2779,27.0,12.0,14.7,24.5,93.4,6.62,133.0,orange
2780,16.3,16.9,24.6,19.0,87.1,6.55,188.1,orange
2781,20.6,10.5,4.5,23.2,92.5,6.64,150.9,orange
2782,95.1,53.2,26.4,21.3,75.2,8.05,46.3,cotton
2783,31.5,18.3,27.6,34.6,46.3,5.9,90.2,mango
2784,24.4,25.9,27.7,29.1,67.0,5.53,99.1,mango
2785,110.6,45.1,8.0,21.6,74.5,6.28,74.4,cotton
2786,131.7,48.0,2.3,30.6,72.5,7.15,64.9,cotton
2787,25.2,73.7,17.7,21.2,20.7,5.48,55.9,kidneybeans
2788,75.9,56.0,35.3,25.6,72.2,6.54,196.2,rice
2789,28.8,12.2,11.4,25.3,91.8,7.11,111.2,orange
2790,25.9,27.9,40.8,29.1,33.7,5.18,81.7,mango
2791,70.6,43.0,13.5,26.4,60.5,6.01,85.3,maize
2792,58.9,31.8,34.7,31.8,91.8,5.98,198.4,rice
2793,141.4,7.5,65.4,24.9,82.9,6.85,63.2,watermelon
2794,23.1,25.2,39.8,25.2,55.3,5.99,105.1,mango
2795,121.5,79.3,51.4,28.7,83.8,5.69,107.2,banana
2796,92.1,43.1,42.4,23.4,95.8,6.41,226.5,rice
2797,6.4,60.6,30.4,20.9,17.4,5.94,92.4,kidneybeans
2798,72.7,43.0,12.5,24.6,62.8,6.78,69.8,maize
2799,28.0,107.2,181.4,22.4,78.2,5.34,90.4,grapes
2800,104.3,38.1,17.6,30.2,64.8,6.42,109.7,maize
2801,42.8,48.1,92.6,21.9,20.3,6.72,56.7,chickpea
2802,75.0,52.2,24.5,21.7,49.4,6.79,130.3,maize
2803,16.7,69.5,9.3,17.8,28.6,5.95,103.8,kidneybeans
2804,81.4,57.4,22.9,25.4,90.0,6.93,183.9,rice
2805,8.8,19.5,13.1,22.2,97.8,7.22,106.3,orange
2806,63.2,43.1,9.3,24.1,50.4,5.79,89.4,maize
2807,48.2,19.0,27.0,31.9,56.7,5.8,75.1,mango
2808,60.2,39.4,11.8,26.6,74.7,6.83,85.1,maize
2809,21.1,52.5,21.5,18.7,19.6,5.46,87.8,kidneybeans
2810,88.4,61.1,38.6,28.3,68.9,6.21,196.2,rice
2811,20.4,64.7,89.7,13.3,19.4,7.76,50.6,chickpea
2812,17.0,19.6,11.6,22.7,97.0,6.92,117.4,orange
2813,110.8,78.2,46.5,27.3,76.9,5.95,107.0,banana
2814,14.5,9.8,5.5,21.6,93.1,7.48,67.7,orange
2815,94.2,3.3,46.9,22.1,82.3,6.67,53.8,watermelon
2816,101.4,89.9,49.7,28.0,79.4,5.32,159.1,banana
2817,122.9,73.1,51.1,25.9,77.0,6.91,69.1,banana
2818,44.0,65.8,70.7,17.1,16.4,7.5,78.6,chickpea
2819,49.4,68.2,76.0,22.6,18.9,6.59,54.9,chickpea
2820,97.1,63.4,47.7,23.4,87.4,5.76,172.9,rice
2821,127.1,37.5,25.1,33.2,90.0,7.0,100.0,cotton
2822,20.6,66.0,23.8,18.3,19.8,5.49,95.8,kidneybeans
2823,39.7,29.1,31.4,27.0,41.5,6.61,97.5,mango
2824,71.4,42.7,31.7,22.9,84.4,7.48,165.2,rice
2825,60.2,43.6,25.6,19.7,50.8,6.27,83.7,maize
2826,90.6,15.5,50.8,22.7,82.5,6.7,57.1,watermelon
2827,15.7,104.4,199.0,18.1,84.1,6.03,81.6,grapes
2828,122.6,15.6,54.1,27.8,74.7,6.34,35.3,watermelon
2829,52.5,72.6,91.6,21.3,15.2,6.83,48.0,chickpea
2830,102.4,44.6,19.1,21.8,69.0,7.63,101.1,cotton
2831,25.2,23.1,29.7,30.5,27.3,6.0,121.7,mango
2832,140.6,37.8,13.7,24.3,80.5,7.32,76.5,cotton
2833,125.0,61.5,16.0,23.5,85.2,6.93,88.3,cotton
2834,79.7,48.5,8.1,20.1,55.9,6.74,83.1,maize
2835,120.7,41.1,15.1,18.5,81.5,7.11,60.2,cotton
2836,44.0,58.5,69.1,20.0,11.1,7.25,72.5,chickpea
2837,73.7,50.7,32.3,25.5,85.9,5.04,209.9,rice
2838,74.8,47.5,8.4,22.7,71.6,7.19,61.2,maize
2839,105.3,24.6,43.7,28.3,79.2,6.63,30.6,watermelon
2840,24.3,158.4,200.0,20.7,72.1,6.68,59.6,grapes
2841,109.4,23.0,18.4,26.2,74.7,7.17,118.9,cotton
2842,96.8,51.5,27.7,23.5,95.7,7.11,81.9,cotton
2843,20.0,48.4,22.4,25.7,23.8,5.17,107.6,kidneybeans
2844,107.2,78.6,70.7,31.3,85.1,5.68,103.6,banana
2845,37.1,36.6,32.2,30.3,50.8,5.22,154.7,mango
2846,9.8,9.1,13.3,24.9,94.2,7.19,119.8,orange
2847,33.8,24.1,21.8,29.7,45.8,6.3,121.3,mango
2848,10.0,11.6,24.2,33.5,47.7,5.72,112.3,mango
2849,91.1,40.7,23.2,28.8,87.2,6.33,208.9,rice
2850,71.1,53.5,21.0,22.9,79.0,5.77,196.3,rice
2851,34.6,65.0,86.8,20.5,12.2,7.19,71.5,chickpea
2852,83.7,45.2,60.7,27.2,79.4,5.76,218.3,rice
2853,32.5,140.6,200.0,16.3,77.5,5.83,67.5,grapes
2854,97.1,45.7,24.8,24.7,79.3,7.27,246.5,rice
2855,28.9,24.8,35.8,26.9,52.6,5.42,114.3,mango
2856,86.2,56.7,30.8,24.5,75.2,5.69,146.6,rice
2857,26.3,69.8,66.7,17.9,16.6,7.53,61.2,chickpea
2858,25.8,49.0,22.0,24.7,10.0,5.68,108.2,kidneybeans
2859,76.4,33.8,46.8,25.3,85.7,6.03,242.3,rice
2860,17.8,34.9,38.3,32.4,42.3,5.76,74.2,mango
2861,37.8,32.3,18.8,30.6,55.5,6.71,104.9,mango
2862,28.8,40.2,17.2,24.8,52.1,5.23,142.3,mango
2863,18.2,41.0,38.1,28.8,50.6,5.88,65.4,mango
2864,26.8,6.0,6.4,21.0,86.8,6.28,120.1,orange
2865,103.1,50.5,9.1,27.4,77.8,7.01,92.4,cotton
2866,123.2,47.3,26.6,20.2,79.7,7.51,65.5,cotton
2867,107.4,31.0,21.7,25.8,67.9,7.1,112.2,cotton
2868,69.5,40.7,29.3,19.8,66.9,6.43,39.9,maize
2869,102.2,18.7,37.1,25.6,86.3,7.22,61.6,watermelon
2870,55.0,44.1,35.6,23.4,88.2,6.83,209.4,rice
2871,80.6,30.0,16.9,27.4,64.3,6.66,71.5,maize
2872,20.0,55.6,27.6,19.0,10.0,5.49,115.6,kidneybeans
2873,78.3,53.8,24.2,30.8,70.4,5.74,61.5,maize
2874,36.7,146.9,158.7,16.7,78.4,5.65,64.9,grapes
2875,27.1,31.3,27.6,33.8,52.4,5.85,68.1,mango
2876,72.1,54.9,22.5,28.1,64.2,6.38,60.4,maize
2877,10.3,12.0,12.7,19.5,95.5,6.77,115.0,orange
2878,101.7,107.5,68.5,29.5,69.3,6.4,112.8,banana
2879,87.6,82.2,36.5,28.5,83.2,6.67,122.1,banana
2880,15.6,116.4,200.0,24.8,81.8,6.21,74.6,grapes
2881,81.2,19.0,63.0,22.7,81.2,6.94,58.6,watermelon
2882,69.3,78.1,9.0,26.5,51.8,6.64,117.7,maize
2883,24.0,147.0,179.0,19.4,83.1,5.62,58.7,grapes
2884,9.3,110.4,164.7,28.4,83.0,6.28,58.4,grapes
2885,25.3,25.8,9.1,21.1,92.8,6.6,119.9,orange
2886,19.8,11.2,8.7,27.3,90.5,6.87,143.7,orange
2887,116.6,41.6,17.7,30.2,80.9,6.94,50.2,cotton
2888,80.3,67.4,51.2,30.9,75.8,5.98,80.1,banana
2889,103.1,15.2,52.6,21.9,83.6,6.72,36.8,watermelon
2890,14.9,16.7,7.3,29.6,94.3,7.04,119.4,orange
2891,89.4,37.1,28.1,28.6,77.1,6.62,68.2,cotton
2892,20.7,30.1,36.5,26.2,62.6,4.99,101.4,mango
2893,107.8,29.4,53.4,25.5,84.5,6.74,50.8,watermelon
2894,22.8,125.5,171.7,22.4,71.5,6.16,71.0,grapes
2895,34.6,58.9,76.9,22.0,10.0,7.28,51.7,chickpea
2896,140.7,39.6,22.3,25.4,82.6,7.08,88.4,cotton
2897,71.3,44.8,36.2,21.2,91.0,5.71,208.5,rice
2898,157.2,55.8,18.0,21.1,71.7,8.47,90.6,cotton
2899,17.9,85.1,29.0,23.1,34.5,5.82,65.8,kidneybeans
2900,21.2,129.5,200.0,23.0,83.3,5.87,60.2,grapes
2901,24.1,27.5,15.0,26.1,90.6,7.15,69.1,orange
2902,76.5,90.3,38.6,23.8,72.8,5.69,60.7,banana
2903,95.0,34.8,35.2,25.7,78.9,5.99,188.0,rice
2904,117.7,41.9,51.7,23.4,82.2,5.32,276.1,rice
2905,26.1,140.9,200.0,29.1,70.0,6.66,60.1,grapes
2906,109.1,44.9,52.9,24.1,84.9,6.55,235.8,rice
2907,37.5,80.4,20.1,19.6,22.2,6.42,91.3,kidneybeans
2908,19.5,17.1,13.9,23.7,92.4,7.7,130.8,orange
2909,28.1,166.1,200.0,24.1,85.7,5.62,81.7,grapes
2910,15.2,81.4,21.7,19.3,30.2,5.03,74.3,kidneybeans
2911,25.8,119.6,191.2,15.6,85.2,5.77,100.9,grapes
2912,28.9,111.1,167.0,20.0,93.8,5.81,53.1,grapes
2913,12.5,143.7,146.0,28.7,85.8,6.58,41.7,grapes
2914,108.5,84.0,55.9,27.5,85.5,6.67,110.9,banana
2915,87.6,82.8,26.4,29.9,79.3,7.1,86.7,banana
2916,99.5,68.7,51.1,26.0,84.9,6.47,95.4,banana
2917,40.5,66.4,100.3,17.9,24.2,6.89,58.8,chickpea
2918,16.0,106.6,186.4,26.8,79.5,5.52,86.1,grapes
2919,134.8,34.0,16.1,26.9,76.8,7.35,67.9,cotton
2920,8.8,45.9,19.6,19.2,23.8,5.7,91.3,kidneybeans
2921,20.7,140.0,200.0,18.9,71.7,5.86,51.0,grapes
2922,91.3,88.3,51.2,29.4,68.2,5.82,91.0,banana
2923,20.7,33.5,25.3,27.4,42.2,6.09,111.7,mango
2924,67.9,51.1,35.8,24.9,84.3,5.24,238.0,rice
2925,28.6,35.5,20.5,29.2,51.1,5.65,54.6,mango
2926,50.7,87.4,61.0,18.1,22.3,6.71,55.9,chickpea
2927,7.6,20.1,11.0,25.4,87.8,6.61,96.9,orange
2928,85.6,33.2,46.2,20.6,74.5,5.94,57.3,watermelon
2929,17.5,21.8,1.0,18.8,95.8,7.32,123.9,orange
2930,102.2,15.3,67.1,24.6,75.7,6.94,37.6,watermelon
2931,33.0,118.8,200.0,18.7,69.2,6.3,74.2,grapes
2932,114.5,48.1,29.7,23.7,74.3,7.47,80.7,cotton
2933,14.9,77.0,27.2,23.6,22.3,5.2,96.6,kidneybeans
2934,91.6,77.3,75.6,27.0,82.9,6.1,94.8,banana
2935,29.1,13.7,5.1,20.6,95.3,7.0,115.3,orange
2936,25.3,87.4,11.9,20.4,30.1,5.97,123.7,kidneybeans
2937,111.9,62.8,23.6,28.2,82.2,7.63,81.6,cotton
2938,31.9,92.4,89.1,23.9,24.2,7.03,76.9,chickpea
2939,89.4,88.7,47.8,26.3,73.6,6.21,99.1,banana
2940,14.5,104.4,200.0,19.8,68.3,5.27,76.8,grapes
2941,57.0,62.2,91.4,21.9,16.1,7.08,73.6,chickpea
2942,15.4,13.9,37.6,34.7,50.6,5.66,100.9,mango
2943,94.7,51.3,45.2,24.3,88.6,5.86,189.4,rice
2944,67.6,77.6,49.9,28.7,78.9,7.5,182.7,rice
2945,16.2,29.3,0.0,18.4,88.2,7.26,82.0,orange
2946,23.0,53.9,29.4,19.1,22.9,6.0,125.5,kidneybeans
2947,20.0,62.5,26.4,22.2,25.8,5.6,76.2,kidneybeans
2948,16.0,135.2,168.4,23.0,91.0,6.46,56.4,grapes
2949,24.0,75.6,29.8,19.2,31.7,5.97,96.9,kidneybeans
2950,14.2,28.3,7.1,18.2,91.6,6.87,95.7,orange
2951,27.6,21.9,9.2,26.7,83.3,6.84,132.4,orange
2952,123.0,37.8,15.1,23.1,77.8,6.33,89.8,cotton
2953,40.8,81.2,69.4,16.8,12.0,6.7,64.2,chickpea
2954,7.0,117.4,200.0,26.0,87.6,6.45,72.7,grapes
2955,27.3,82.7,66.3,19.7,14.6,6.64,20.1,chickpea
2956,90.3,52.6,20.0,25.9,54.7,6.92,52.2,maize
2957,85.1,59.9,28.5,22.9,80.5,6.0,71.8,maize
2958,21.7,15.8,15.9,25.7,91.9,7.85,93.2,orange
2959,11.2,33.6,30.0,28.5,59.5,6.03,94.9,mango
2960,71.7,63.4,13.0,28.5,63.6,6.07,82.3,maize
2961,55.8,86.7,87.2,20.4,20.2,7.86,48.2,chickpea
2962,62.5,60.0,14.6,19.1,60.6,5.24,83.2,maize
2963,90.0,34.9,31.1,25.8,65.7,5.49,108.5,maize
2964,33.0,63.6,31.3,16.9,17.4,5.53,92.5,kidneybeans
2965,126.2,50.9,20.8,24.9,87.3,8.05,36.9,cotton
2966,99.7,74.1,43.9,24.0,82.2,5.99,96.5,banana
2967,80.3,38.8,40.1,29.3,76.8,6.7,205.8,rice
2968,94.5,36.9,48.3,25.1,97.8,7.0,75.2,watermelon
2969,29.7,8.4,23.9,32.3,36.0,6.61,89.5,mango
2970,76.8,10.5,61.9,26.4,93.6,5.92,36.5,watermelon
2971,53.8,48.2,78.4,17.0,16.8,7.12,44.4,chickpea
2972,21.5,133.1,198.0,25.0,64.7,5.8,88.0,grapes
2973,96.2,102.3,45.3,30.2,68.8,6.56,106.6,banana
2974,21.6,50.7,30.8,22.7,22.9,5.21,86.2,kidneybeans
2975,70.3,46.0,13.1,23.4,66.1,6.4,107.5,maize
2976,79.8,39.4,17.6,25.1,56.7,5.94,110.0,maize
2977,18.7,25.9,21.9,30.9,35.0,5.81,95.2,mango
2978,75.4,42.8,52.5,27.6,78.0,5.61,225.7,rice
2979,97.4,60.1,16.0,23.0,68.8,6.94,88.2,maize
2980,20.4,70.4,64.0,19.8,16.7,6.98,46.3,chickpea
2981,25.8,114.0,200.0,22.8,73.9,5.66,62.2,grapes
2982,29.1,81.5,77.0,15.0,25.5,6.84,71.2,chickpea
2983,76.7,53.3,62.3,32.9,81.3,6.14,212.4,rice
2984,82.4,20.0,49.3,22.8,89.0,6.64,58.5,watermelon
2985,29.2,39.9,32.2,23.9,55.5,5.67,84.4,mango
2986,95.7,31.3,55.4,20.5,69.1,6.83,64.1,watermelon
2987,87.5,32.1,24.1,29.8,79.6,7.36,70.9,cotton
2988,88.6,16.6,56.5,32.8,77.2,6.85,33.4,watermelon
2989,28.9,148.3,200.0,20.9,86.2,5.47,74.8,grapes
2990,29.1,43.7,17.8,26.9,39.2,6.05,32.2,mango
2991,24.9,25.2,15.9,23.9,90.9,6.3,106.7,orange
2992,73.2,58.1,33.9,25.7,90.1,6.58,208.6,rice
2993,16.1,58.1,27.7,20.2,19.9,6.15,140.6,kidneybeans
2994,31.8,91.4,18.3,23.4,26.3,6.03,92.1,kidneybeans
2995,110.8,30.8,62.0,28.1,77.6,5.95,42.6,watermelon
2996,137.8,15.3,55.0,31.4,68.4,7.24,44.7,watermelon
2997,39.7,38.6,36.0,28.3,46.5,5.31,127.8,mango
2998,27.1,30.4,36.1,30.0,43.1,5.69,99.3,mango
2999,27.4,53.2,24.9,19.5,29.9,5.47,107.0,kidneybeans
3000,62.0,48.6,16.1,22.0,54.3,7.2,112.8,maize
