article_id,article,category
1,Officials said Kylian Mbappe recorded a century during an international football match. The coach praised the player's fitness and tactical performance. Fans discussed the result after the final whistle.,Sports
2,A recent report said the Prime Minister announced a new policy at an election rally. The proposal will be discussed by elected representatives. The decision is expected to become an important public issue.,Political
3,"In the latest update, LeBron James recorded a century after a closely fought contest. The coach praised the player's fitness and tactical performance. Fans discussed the result after the final whistle.",Sports
4,"According to a new report, NASA launched a spacecraft during a space mission. Scientists said the observations could improve understanding of the universe. The mission is expected to provide valuable scientific data.",Space
5,"In a latest development, crime branch officers arrested a suspect following an arrest. Police said the investigation is continuing. Investigators are examining evidence and questioning people connected with the case.",Crime
6,Officials said SpaceX engineers announced a lunar mission during a space mission. Scientists said the observations could improve understanding of the universe. The mission is expected to provide valuable scientific data.,Space
7,Officials said urban planners examined soil distribution across southern India. Researchers said the findings could help regional planning. Scientists used maps and field observations for the analysis.,Geography
8,Officials said the foreign minister discussed bilateral relations during a parliamentary session. The proposal will be discussed by elected representatives. The decision is expected to become an important public issue.,Political
9,A recent report said ISRO scientists prepared astronauts for a mission during a rocket launch. Scientists said the observations could improve understanding of the universe. The mission is expected to provide valuable scientific data.,Space
10,"According to a new report, MS Dhoni was selected for the squad during an international football match. The coach praised the player's fitness and tactical performance. Fans discussed the result after the final whistle.",Sports
11,"According to a new report, geographers mapped a river basin across southern India. Researchers said the findings could help regional planning. Scientists used maps and field observations for the analysis.",Geography
12,A recent report said the Mars exploration team studied an asteroid during a rocket launch. Scientists said the observations could improve understanding of the universe. The mission is expected to provide valuable scientific data.,Space
13,"In the latest update, Kamal Haasan shared details about the screenplay at the audio launch. The announcement generated strong interest among movie audiences. Fans discussed the trailer and upcoming release.",Cinema
14,A recent report said the ruling party addressed parliament at an election rally. The proposal will be discussed by elected representatives. The decision is expected to become an important public issue.,Political
15,Officials said the cyber crime unit examined CCTV footage after a robbery was reported. Police said the investigation is continuing. Investigators are examining evidence and questioning people connected with the case.,Crime
16,A recent report said Lionel Messi recorded a century after a closely fought contest. The coach praised the player's fitness and tactical performance. Fans discussed the result after the final whistle.,Sports
17,"In the latest update, Vijay shared details about the screenplay at the audio launch. The announcement generated strong interest among movie audiences. Fans discussed the trailer and upcoming release.",Cinema
18,"In a latest development, climate researchers examined coastal changes in a rapidly growing city. Researchers said the findings could help regional planning. Scientists used maps and field observations for the analysis.",Geography
19,"In a latest development, Rohit Sharma signed a new contract after a closely fought contest. The coach praised the player's fitness and tactical performance. Fans discussed the result after the final whistle.",Sports
20,"In a latest development, Nayanthara promoted the upcoming movie at the audio launch. The announcement generated strong interest among movie audiences. Fans discussed the trailer and upcoming release.",Cinema
21,A recent report said Indian space scientists announced a lunar mission during a rocket launch. Scientists said the observations could improve understanding of the universe. The mission is expected to provide valuable scientific data.,Space
22,A recent report said the coastal research team examined coastal changes in a rapidly growing city. Researchers said the findings could help regional planning. Scientists used maps and field observations for the analysis.,Geography
23,"In the latest update, the geographical survey team studied land use patterns in a rapidly growing city. Researchers said the findings could help regional planning. Scientists used maps and field observations for the analysis.",Geography
24,Officials said Real Madrid was selected for the squad during an international football match. The coach praised the player's fitness and tactical performance. Fans discussed the result after the final whistle.,Sports
25,A recent report said environmental scientists examined soil distribution in a rapidly growing city. Researchers said the findings could help regional planning. Scientists used maps and field observations for the analysis.,Geography
26,A recent report said ISRO scientists prepared astronauts for a mission during a rocket launch. Scientists said the observations could improve understanding of the universe. The mission is expected to provide valuable scientific data.,Space
27,Officials said the opposition party announced a new policy during a parliamentary session. The proposal will be discussed by elected representatives. The decision is expected to become an important public issue.,Political
28,New information shows that Shah Rukh Khan received praise for the performance for the upcoming Tamil film. The announcement generated strong interest among movie audiences. Fans discussed the trailer and upcoming release.,Cinema
29,"In a latest development, Manchester City scored a decisive goal after a closely fought contest. The coach praised the player's fitness and tactical performance. Fans discussed the result after the final whistle.",Sports
30,Officials said Deepika Padukone announced a new movie for the upcoming Tamil film. The announcement generated strong interest among movie audiences. Fans discussed the trailer and upcoming release.,Cinema
31,"According to a new report, government officials presented a budget proposal during a parliamentary session. The proposal will be discussed by elected representatives. The decision is expected to become an important public issue.",Political
32,"In the latest update, NASA scientists launched a spacecraft during a rocket launch. Scientists said the observations could improve understanding of the universe. The mission is expected to provide valuable scientific data.",Space
33,New information shows that the finance minister presented a budget proposal during a parliamentary session. The proposal will be discussed by elected representatives. The decision is expected to become an important public issue.,Political
34,New information shows that Cristiano Ronaldo scored a decisive goal during an international football match. The coach praised the player's fitness and tactical performance. Fans discussed the result after the final whistle.,Sports
35,A recent report said the ruling party addressed parliament at an election rally. The proposal will be discussed by elected representatives. The decision is expected to become an important public issue.,Political
36,"In the latest update, Vijay promoted the upcoming movie at the audio launch. The announcement generated strong interest among movie audiences. Fans discussed the trailer and upcoming release.",Cinema
37,Officials said the prosecution uncovered a fraud operation after a robbery was reported. Police said the investigation is continuing. Investigators are examining evidence and questioning people connected with the case.,Crime
38,"According to a new report, Deepika Padukone promoted the upcoming movie for the upcoming Tamil film. The announcement generated strong interest among movie audiences. Fans discussed the trailer and upcoming release.",Cinema
39,"According to a new report, the Prime Minister announced a new policy during a parliamentary session. The proposal will be discussed by elected representatives. The decision is expected to become an important public issue.",Political
40,A recent report said Mumbai Indians was selected for the squad after a closely fought contest. The coach praised the player's fitness and tactical performance. Fans discussed the result after the final whistle.,Sports
41,Officials said NASA scientists launched a spacecraft during a space mission. Scientists said the observations could improve understanding of the universe. The mission is expected to provide valuable scientific data.,Space
42,Officials said the geographical survey team studied land use patterns across southern India. Researchers said the findings could help regional planning. Scientists used maps and field observations for the analysis.,Geography
43,A recent report said the district police recovered stolen property following an arrest. Police said the investigation is continuing. Investigators are examining evidence and questioning people connected with the case.,Crime
44,"In the latest update, Rohit Sharma signed a new contract after a closely fought contest. The coach praised the player's fitness and tactical performance. Fans discussed the result after the final whistle.",Sports
45,A recent report said Aamir Khan announced a new movie at the audio launch. The announcement generated strong interest among movie audiences. Fans discussed the trailer and upcoming release.,Cinema
46,New information shows that astronauts prepared astronauts for a mission during a space mission. Scientists said the observations could improve understanding of the universe. The mission is expected to provide valuable scientific data.,Space
47,"In a latest development, the lead actor announced a new movie at the audio launch. The announcement generated strong interest among movie audiences. Fans discussed the trailer and upcoming release.",Cinema
48,New information shows that Rajinikanth promoted the upcoming movie for the upcoming Tamil film. The announcement generated strong interest among movie audiences. Fans discussed the trailer and upcoming release.,Cinema
49,A recent report said members of parliament discussed bilateral relations at an election rally. The proposal will be discussed by elected representatives. The decision is expected to become an important public issue.,Political
50,A recent report said the Election Commission reviewed government programmes at an election rally. The proposal will be discussed by elected representatives. The decision is expected to become an important public issue.,Political
51,A recent report said the Mars exploration team studied an asteroid during a rocket launch. Scientists said the observations could improve understanding of the universe. The mission is expected to provide valuable scientific data.,Space
52,"According to a new report, PV Sindhu scored a decisive goal during an international football match. The coach praised the player's fitness and tactical performance. Fans discussed the result after the final whistle.",Sports
53,"According to a new report, Shah Rukh Khan received praise for the performance for the upcoming Tamil film. The announcement generated strong interest among movie audiences. Fans discussed the trailer and upcoming release.",Cinema
54,Officials said Kylian Mbappe recorded a century during an international football match. The coach praised the player's fitness and tactical performance. Fans discussed the result after the final whistle.,Sports
55,"In a latest development, astronomers completed a spaceflight test during a rocket launch. Scientists said the observations could improve understanding of the universe. The mission is expected to provide valuable scientific data.",Space
56,"In a latest development, the Himalayan research group studied land use patterns in a rapidly growing city. Researchers said the findings could help regional planning. Scientists used maps and field observations for the analysis.",Geography
57,A recent report said Lionel Messi recorded a century after a closely fought contest. The coach praised the player's fitness and tactical performance. Fans discussed the result after the final whistle.,Sports
58,"According to a new report, government officials presented a budget proposal during a parliamentary session. The proposal will be discussed by elected representatives. The decision is expected to become an important public issue.",Political
59,A recent report said Manchester City scored a decisive goal after a closely fought contest. The coach praised the player's fitness and tactical performance. Fans discussed the result after the final whistle.,Sports
60,"According to a new report, the district police recovered stolen property after a robbery was reported. Police said the investigation is continuing. Investigators are examining evidence and questioning people connected with the case.",Crime
61,"In the latest update, NASA scientists launched a spacecraft during a rocket launch. Scientists said the observations could improve understanding of the universe. The mission is expected to provide valuable scientific data.",Space
62,"In a latest development, the river basin study team mapped a river basin in a rapidly growing city. Researchers said the findings could help regional planning. Scientists used maps and field observations for the analysis.",Geography
63,A recent report said the Mars exploration team studied an asteroid during a rocket launch. Scientists said the observations could improve understanding of the universe. The mission is expected to provide valuable scientific data.,Space
64,"In a latest development, Brazil football team set a new record after a closely fought contest. The coach praised the player's fitness and tactical performance. Fans discussed the result after the final whistle.",Sports
65,New information shows that MS Dhoni was selected for the squad during an international football match. The coach praised the player's fitness and tactical performance. Fans discussed the result after the final whistle.,Sports
66,"In a latest development, Manchester City scored a decisive goal after a closely fought contest. The coach praised the player's fitness and tactical performance. Fans discussed the result after the final whistle.",Sports
67,"In a latest development, astronomers completed a spaceflight test during a rocket launch. Scientists said the observations could improve understanding of the universe. The mission is expected to provide valuable scientific data.",Space
68,"In the latest update, Arsenal signed a new contract after a closely fought contest. The coach praised the player's fitness and tactical performance. Fans discussed the result after the final whistle.",Sports
69,"In the latest update, Suriya announced a new movie at the audio launch. The announcement generated strong interest among movie audiences. Fans discussed the trailer and upcoming release.",Cinema
70,Officials said earth scientists examined coastal changes across southern India. Researchers said the findings could help regional planning. Scientists used maps and field observations for the analysis.,Geography
71,"In the latest update, Mumbai Indians was selected for the squad after a closely fought contest. The coach praised the player's fitness and tactical performance. Fans discussed the result after the final whistle.",Sports
72,"In a latest development, astronomers completed a spaceflight test during a rocket launch. Scientists said the observations could improve understanding of the universe. The mission is expected to provide valuable scientific data.",Space
73,"In a latest development, court officials uncovered a fraud operation following an arrest. Police said the investigation is continuing. Investigators are examining evidence and questioning people connected with the case.",Crime
74,A recent report said the Prime Minister announced a new policy at an election rally. The proposal will be discussed by elected representatives. The decision is expected to become an important public issue.,Political
75,New information shows that astronomers completed a spaceflight test during a space mission. Scientists said the observations could improve understanding of the universe. The mission is expected to provide valuable scientific data.,Space
76,"In a latest development, law enforcement officials recovered stolen property following an arrest. Police said the investigation is continuing. Investigators are examining evidence and questioning people connected with the case.",Crime
77,"According to a new report, Rajinikanth announced a new movie for the upcoming Tamil film. The announcement generated strong interest among movie audiences. Fans discussed the trailer and upcoming release.",Cinema
78,New information shows that astronomers completed a spaceflight test during a space mission. Scientists said the observations could improve understanding of the universe. The mission is expected to provide valuable scientific data.,Space
79,A recent report said the local police department launched an investigation following an arrest. Police said the investigation is continuing. Investigators are examining evidence and questioning people connected with the case.,Crime
80,A recent report said Novak Djokovic set a new record after a closely fought contest. The coach praised the player's fitness and tactical performance. Fans discussed the result after the final whistle.,Sports
81,A recent report said the local police department launched an investigation following an arrest. Police said the investigation is continuing. Investigators are examining evidence and questioning people connected with the case.,Crime
82,"In the latest update, SpaceX engineers announced a lunar mission during a rocket launch. Scientists said the observations could improve understanding of the universe. The mission is expected to provide valuable scientific data.",Space
83,"In a latest development, astronomers completed a spaceflight test during a rocket launch. Scientists said the observations could improve understanding of the universe. The mission is expected to provide valuable scientific data.",Space
84,New information shows that the climate monitoring team examined soil distribution across southern India. Researchers said the findings could help regional planning. Scientists used maps and field observations for the analysis.,Geography
85,"In the latest update, Arsenal signed a new contract after a closely fought contest. The coach praised the player's fitness and tactical performance. Fans discussed the result after the final whistle.",Sports
86,A recent report said ESA completed a spaceflight test during a rocket launch. Scientists said the observations could improve understanding of the universe. The mission is expected to provide valuable scientific data.,Space
87,New information shows that political leaders reviewed government programmes during a parliamentary session. The proposal will be discussed by elected representatives. The decision is expected to become an important public issue.,Political
88,New information shows that the film production team revealed the first look for the upcoming Tamil film. The announcement generated strong interest among movie audiences. Fans discussed the trailer and upcoming release.,Cinema
89,"In a latest development, the Chief Minister addressed parliament at an election rally. The proposal will be discussed by elected representatives. The decision is expected to become an important public issue.",Political
90,Officials said Chennai Super Kings signed a new contract during an international football match. The coach praised the player's fitness and tactical performance. Fans discussed the result after the final whistle.,Sports
91,"In the latest update, the prosecution uncovered a fraud operation following an arrest. Police said the investigation is continuing. Investigators are examining evidence and questioning people connected with the case.",Crime
92,"In the latest update, Novak Djokovic set a new record after a closely fought contest. The coach praised the player's fitness and tactical performance. Fans discussed the result after the final whistle.",Sports
93,"According to a new report, Allu Arjun revealed the first look for the upcoming Tamil film. The announcement generated strong interest among movie audiences. Fans discussed the trailer and upcoming release.",Cinema
94,"In the latest update, earth scientists examined coastal changes in a rapidly growing city. Researchers said the findings could help regional planning. Scientists used maps and field observations for the analysis.",Geography
95,A recent report said environmental scientists examined soil distribution in a rapidly growing city. Researchers said the findings could help regional planning. Scientists used maps and field observations for the analysis.,Geography
96,New information shows that political leaders reviewed government programmes during a parliamentary session. The proposal will be discussed by elected representatives. The decision is expected to become an important public issue.,Political
97,"In a latest development, Brazil football team set a new record after a closely fought contest. The coach praised the player's fitness and tactical performance. Fans discussed the result after the final whistle.",Sports
98,Officials said the anti-narcotics team arrested a suspect after a robbery was reported. Police said the investigation is continuing. Investigators are examining evidence and questioning people connected with the case.,Crime
99,New information shows that Carlos Alcaraz signed a new contract during an international football match. The coach praised the player's fitness and tactical performance. Fans discussed the result after the final whistle.,Sports
100,"According to a new report, geographic information scientists analyzed geographic features across southern India. Researchers said the findings could help regional planning. Scientists used maps and field observations for the analysis.",Geography
101,"According to a new report, MS Dhoni was selected for the squad during an international football match. The coach praised the player's fitness and tactical performance. Fans discussed the result after the final whistle.",Sports
102,A recent report said Prabhas shared details about the screenplay at the audio launch. The announcement generated strong interest among movie audiences. Fans discussed the trailer and upcoming release.,Cinema
103,"According to a new report, regional researchers studied land use patterns across southern India. Researchers said the findings could help regional planning. Scientists used maps and field observations for the analysis.",Geography
104,New information shows that Ajith Kumar promoted the upcoming movie for the upcoming Tamil film. The announcement generated strong interest among movie audiences. Fans discussed the trailer and upcoming release.,Cinema
105,New information shows that crime branch officers arrested a suspect after a robbery was reported. Police said the investigation is continuing. Investigators are examining evidence and questioning people connected with the case.,Crime
106,"In a latest development, astronauts prepared astronauts for a mission during a rocket launch. Scientists said the observations could improve understanding of the universe. The mission is expected to provide valuable scientific data.",Space
107,"In the latest update, Mumbai Indians was selected for the squad after a closely fought contest. The coach praised the player's fitness and tactical performance. Fans discussed the result after the final whistle.",Sports
108,"In the latest update, the foreign minister discussed bilateral relations at an election rally. The proposal will be discussed by elected representatives. The decision is expected to become an important public issue.",Political
109,New information shows that Rajinikanth promoted the upcoming movie for the upcoming Tamil film. The announcement generated strong interest among movie audiences. Fans discussed the trailer and upcoming release.,Cinema
110,Officials said Rajinikanth received praise for the performance for the upcoming Tamil film. The announcement generated strong interest among movie audiences. Fans discussed the trailer and upcoming release.,Cinema
111,Officials said Chennai Super Kings signed a new contract during an international football match. The coach praised the player's fitness and tactical performance. Fans discussed the result after the final whistle.,Sports
112,New information shows that investigators launched an investigation after a robbery was reported. Police said the investigation is continuing. Investigators are examining evidence and questioning people connected with the case.,Crime
113,New information shows that the Himalayan research group studied land use patterns across southern India. Researchers said the findings could help regional planning. Scientists used maps and field observations for the analysis.,Geography
114,"According to a new report, MS Dhoni was selected for the squad during an international football match. The coach praised the player's fitness and tactical performance. Fans discussed the result after the final whistle.",Sports
115,New information shows that the state government discussed bilateral relations during a parliamentary session. The proposal will be discussed by elected representatives. The decision is expected to become an important public issue.,Political
116,A recent report said the Prime Minister announced a new policy at an election rally. The proposal will be discussed by elected representatives. The decision is expected to become an important public issue.,Political
117,New information shows that astronomers completed a spaceflight test during a space mission. Scientists said the observations could improve understanding of the universe. The mission is expected to provide valuable scientific data.,Space
118,"In the latest update, Mani Ratnam announced a new movie at the audio launch. The announcement generated strong interest among movie audiences. Fans discussed the trailer and upcoming release.",Cinema
119,"According to a new report, ESA completed a spaceflight test during a space mission. Scientists said the observations could improve understanding of the universe. The mission is expected to provide valuable scientific data.",Space
120,New information shows that the Himalayan research group studied land use patterns across southern India. Researchers said the findings could help regional planning. Scientists used maps and field observations for the analysis.,Geography
121,"According to a new report, the Prime Minister announced a new policy during a parliamentary session. The proposal will be discussed by elected representatives. The decision is expected to become an important public issue.",Political
122,"In a latest development, ISRO announced a lunar mission during a rocket launch. Scientists said the observations could improve understanding of the universe. The mission is expected to provide valuable scientific data.",Space
123,A recent report said investigators examined CCTV footage following an arrest. Police said the investigation is continuing. Investigators are examining evidence and questioning people connected with the case.,Crime
124,A recent report said government officials presented a budget proposal at an election rally. The proposal will be discussed by elected representatives. The decision is expected to become an important public issue.,Political
125,"According to a new report, Stephen Curry set a new record during an international football match. The coach praised the player's fitness and tactical performance. Fans discussed the result after the final whistle.",Sports
126,Officials said security officers recovered stolen property after a robbery was reported. Police said the investigation is continuing. Investigators are examining evidence and questioning people connected with the case.,Crime
127,"According to a new report, detectives uncovered a fraud operation after a robbery was reported. Police said the investigation is continuing. Investigators are examining evidence and questioning people connected with the case.",Crime
128,New information shows that the climate monitoring team examined soil distribution across southern India. Researchers said the findings could help regional planning. Scientists used maps and field observations for the analysis.,Geography
129,"In a latest development, law enforcement officials recovered stolen property following an arrest. Police said the investigation is continuing. Investigators are examining evidence and questioning people connected with the case.",Crime
130,"In a latest development, Jude Bellingham scored a decisive goal after a closely fought contest. The coach praised the player's fitness and tactical performance. Fans discussed the result after the final whistle.",Sports
131,Officials said the European Space Agency studied an asteroid during a space mission. Scientists said the observations could improve understanding of the universe. The mission is expected to provide valuable scientific data.,Space
132,New information shows that climate researchers examined coastal changes across southern India. Researchers said the findings could help regional planning. Scientists used maps and field observations for the analysis.,Geography
133,New information shows that Shah Rukh Khan promoted the upcoming movie for the upcoming Tamil film. The announcement generated strong interest among movie audiences. Fans discussed the trailer and upcoming release.,Cinema
134,New information shows that the James Webb Space Telescope studied an asteroid during a space mission. Scientists said the observations could improve understanding of the universe. The mission is expected to provide valuable scientific data.,Space
135,New information shows that the climate monitoring team examined soil distribution across southern India. Researchers said the findings could help regional planning. Scientists used maps and field observations for the analysis.,Geography
136,"In the latest update, Nayanthara revealed the first look at the audio launch. The announcement generated strong interest among movie audiences. Fans discussed the trailer and upcoming release.",Cinema
137,"In the latest update, the anti-narcotics team arrested a suspect following an arrest. Police said the investigation is continuing. Investigators are examining evidence and questioning people connected with the case.",Crime
138,"In a latest development, Novak Djokovic set a new record after a closely fought contest. The coach praised the player's fitness and tactical performance. Fans discussed the result after the final whistle.",Sports
139,"In the latest update, NASA scientists launched a spacecraft during a rocket launch. Scientists said the observations could improve understanding of the universe. The mission is expected to provide valuable scientific data.",Space
140,"In a latest development, Neeraj Chopra was selected for the squad after a closely fought contest. The coach praised the player's fitness and tactical performance. Fans discussed the result after the final whistle.",Sports
141,Officials said the cyber crime unit examined CCTV footage after a robbery was reported. Police said the investigation is continuing. Investigators are examining evidence and questioning people connected with the case.,Crime
142,Officials said mapping experts mapped a river basin across southern India. Researchers said the findings could help regional planning. Scientists used maps and field observations for the analysis.,Geography
143,A recent report said the Mars exploration team studied an asteroid during a rocket launch. Scientists said the observations could improve understanding of the universe. The mission is expected to provide valuable scientific data.,Space
144,"In a latest development, researchers analyzed geographic features in a rapidly growing city. Researchers said the findings could help regional planning. Scientists used maps and field observations for the analysis.",Geography
145,Officials said Allu Arjun shared details about the screenplay for the upcoming Tamil film. The announcement generated strong interest among movie audiences. Fans discussed the trailer and upcoming release.,Cinema
146,"In a latest development, the James Webb Space Telescope studied an asteroid during a rocket launch. Scientists said the observations could improve understanding of the universe. The mission is expected to provide valuable scientific data.",Space
147,"In the latest update, the opposition party announced a new policy at an election rally. The proposal will be discussed by elected representatives. The decision is expected to become an important public issue.",Political
148,A recent report said investigators examined CCTV footage following an arrest. Police said the investigation is continuing. Investigators are examining evidence and questioning people connected with the case.,Crime
149,"In the latest update, Suriya revealed the first look at the audio launch. The announcement generated strong interest among movie audiences. Fans discussed the trailer and upcoming release.",Cinema
150,"In a latest development, law enforcement officials recovered stolen property following an arrest. Police said the investigation is continuing. Investigators are examining evidence and questioning people connected with the case.",Crime
151,"In the latest update, SpaceX prepared astronauts for a mission during a rocket launch. Scientists said the observations could improve understanding of the universe. The mission is expected to provide valuable scientific data.",Space
152,A recent report said government officials presented a budget proposal at an election rally. The proposal will be discussed by elected representatives. The decision is expected to become an important public issue.,Political
153,A recent report said LeBron James recorded a century after a closely fought contest. The coach praised the player's fitness and tactical performance. Fans discussed the result after the final whistle.,Sports
154,A recent report said geographers mapped a river basin in a rapidly growing city. Researchers said the findings could help regional planning. Scientists used maps and field observations for the analysis.,Geography
155,New information shows that the Himalayan research group studied land use patterns across southern India. Researchers said the findings could help regional planning. Scientists used maps and field observations for the analysis.,Geography
156,A recent report said Prabhas received praise for the performance at the audio launch. The announcement generated strong interest among movie audiences. Fans discussed the trailer and upcoming release.,Cinema
157,"In the latest update, the opposition party announced a new policy at an election rally. The proposal will be discussed by elected representatives. The decision is expected to become an important public issue.",Political
158,"In a latest development, the finance minister presented a budget proposal at an election rally. The proposal will be discussed by elected representatives. The decision is expected to become an important public issue.",Political
159,Officials said Virat Kohli set a new record during an international football match. The coach praised the player's fitness and tactical performance. Fans discussed the result after the final whistle.,Sports
160,Officials said the anti-narcotics team arrested a suspect after a robbery was reported. Police said the investigation is continuing. Investigators are examining evidence and questioning people connected with the case.,Crime
161,A recent report said city police arrested a suspect following an arrest. Police said the investigation is continuing. Investigators are examining evidence and questioning people connected with the case.,Crime
162,"In the latest update, Mumbai Indians was selected for the squad after a closely fought contest. The coach praised the player's fitness and tactical performance. Fans discussed the result after the final whistle.",Sports
163,"According to a new report, members of parliament discussed bilateral relations during a parliamentary session. The proposal will be discussed by elected representatives. The decision is expected to become an important public issue.",Political
164,"In a latest development, ISRO announced a lunar mission during a rocket launch. Scientists said the observations could improve understanding of the universe. The mission is expected to provide valuable scientific data.",Space
165,"In a latest development, astronauts prepared astronauts for a mission during a rocket launch. Scientists said the observations could improve understanding of the universe. The mission is expected to provide valuable scientific data.",Space
166,"In a latest development, forensic investigators examined CCTV footage following an arrest. Police said the investigation is continuing. Investigators are examining evidence and questioning people connected with the case.",Crime
167,"According to a new report, Indian space scientists announced a lunar mission during a space mission. Scientists said the observations could improve understanding of the universe. The mission is expected to provide valuable scientific data.",Space
168,New information shows that Shah Rukh Khan revealed the first look for the upcoming Tamil film. The announcement generated strong interest among movie audiences. Fans discussed the trailer and upcoming release.,Cinema
169,"In the latest update, the Parliament presented a budget proposal at an election rally. The proposal will be discussed by elected representatives. The decision is expected to become an important public issue.",Political
170,"According to a new report, detectives uncovered a fraud operation after a robbery was reported. Police said the investigation is continuing. Investigators are examining evidence and questioning people connected with the case.",Crime
171,Officials said the election campaign addressed parliament during a parliamentary session. The proposal will be discussed by elected representatives. The decision is expected to become an important public issue.,Political
172,A recent report said the local police department launched an investigation following an arrest. Police said the investigation is continuing. Investigators are examining evidence and questioning people connected with the case.,Crime
173,"In the latest update, the election campaign addressed parliament at an election rally. The proposal will be discussed by elected representatives. The decision is expected to become an important public issue.",Political
174,"In the latest update, the lunar mission team completed a spaceflight test during a rocket launch. Scientists said the observations could improve understanding of the universe. The mission is expected to provide valuable scientific data.",Space
175,A recent report said the local police department launched an investigation following an arrest. Police said the investigation is continuing. Investigators are examining evidence and questioning people connected with the case.,Crime
176,A recent report said Mani Ratnam revealed the first look at the audio launch. The announcement generated strong interest among movie audiences. Fans discussed the trailer and upcoming release.,Cinema
177,"According to a new report, city police arrested a suspect after a robbery was reported. Police said the investigation is continuing. Investigators are examining evidence and questioning people connected with the case.",Crime
178,New information shows that PV Sindhu scored a decisive goal during an international football match. The coach praised the player's fitness and tactical performance. Fans discussed the result after the final whistle.,Sports
179,"In the latest update, the cyber crime unit examined CCTV footage following an arrest. Police said the investigation is continuing. Investigators are examining evidence and questioning people connected with the case.",Crime
180,"In a latest development, Prabhas shared details about the screenplay at the audio launch. The announcement generated strong interest among movie audiences. Fans discussed the trailer and upcoming release.",Cinema
181,New information shows that ISRO announced a lunar mission during a space mission. Scientists said the observations could improve understanding of the universe. The mission is expected to provide valuable scientific data.,Space
182,Officials said Lokesh Kanagaraj received praise for the performance for the upcoming Tamil film. The announcement generated strong interest among movie audiences. Fans discussed the trailer and upcoming release.,Cinema
183,New information shows that investigators launched an investigation after a robbery was reported. Police said the investigation is continuing. Investigators are examining evidence and questioning people connected with the case.,Crime
184,"In the latest update, the cabinet reviewed government programmes at an election rally. The proposal will be discussed by elected representatives. The decision is expected to become an important public issue.",Political
185,Officials said security officers recovered stolen property after a robbery was reported. Police said the investigation is continuing. Investigators are examining evidence and questioning people connected with the case.,Crime
186,"In a latest development, Mani Ratnam promoted the upcoming movie at the audio launch. The announcement generated strong interest among movie audiences. Fans discussed the trailer and upcoming release.",Cinema
187,A recent report said Arsenal signed a new contract after a closely fought contest. The coach praised the player's fitness and tactical performance. Fans discussed the result after the final whistle.,Sports
188,Officials said SpaceX engineers announced a lunar mission during a space mission. Scientists said the observations could improve understanding of the universe. The mission is expected to provide valuable scientific data.,Space
189,A recent report said members of parliament discussed bilateral relations at an election rally. The proposal will be discussed by elected representatives. The decision is expected to become an important public issue.,Political
190,"In the latest update, Neeraj Chopra was selected for the squad after a closely fought contest. The coach praised the player's fitness and tactical performance. Fans discussed the result after the final whistle.",Sports
191,"In a latest development, Suriya promoted the upcoming movie at the audio launch. The announcement generated strong interest among movie audiences. Fans discussed the trailer and upcoming release.",Cinema
192,"In a latest development, forensic investigators examined CCTV footage following an arrest. Police said the investigation is continuing. Investigators are examining evidence and questioning people connected with the case.",Crime
193,New information shows that Allu Arjun announced a new movie for the upcoming Tamil film. The announcement generated strong interest among movie audiences. Fans discussed the trailer and upcoming release.,Cinema
194,"In the latest update, Brazil football team set a new record after a closely fought contest. The coach praised the player's fitness and tactical performance. Fans discussed the result after the final whistle.",Sports
195,"In the latest update, the lead actor announced a new movie at the audio launch. The announcement generated strong interest among movie audiences. Fans discussed the trailer and upcoming release.",Cinema
196,A recent report said Manchester City scored a decisive goal after a closely fought contest. The coach praised the player's fitness and tactical performance. Fans discussed the result after the final whistle.,Sports
197,"In the latest update, Nayanthara announced a new movie at the audio launch. The announcement generated strong interest among movie audiences. Fans discussed the trailer and upcoming release.",Cinema
198,"In a latest development, ISRO announced a lunar mission during a rocket launch. Scientists said the observations could improve understanding of the universe. The mission is expected to provide valuable scientific data.",Space
199,Officials said the lunar mission team completed a spaceflight test during a space mission. Scientists said the observations could improve understanding of the universe. The mission is expected to provide valuable scientific data.,Space
200,"According to a new report, Stephen Curry set a new record during an international football match. The coach praised the player's fitness and tactical performance. Fans discussed the result after the final whistle.",Sports
201,"In the latest update, the anti-narcotics team arrested a suspect following an arrest. Police said the investigation is continuing. Investigators are examining evidence and questioning people connected with the case.",Crime
202,New information shows that Deepika Padukone received praise for the performance for the upcoming Tamil film. The announcement generated strong interest among movie audiences. Fans discussed the trailer and upcoming release.,Cinema
203,A recent report said the Mars exploration team studied an asteroid during a rocket launch. Scientists said the observations could improve understanding of the universe. The mission is expected to provide valuable scientific data.,Space
204,Officials said earth scientists examined coastal changes across southern India. Researchers said the findings could help regional planning. Scientists used maps and field observations for the analysis.,Geography
205,A recent report said Rohit Sharma signed a new contract after a closely fought contest. The coach praised the player's fitness and tactical performance. Fans discussed the result after the final whistle.,Sports
206,New information shows that the state government discussed bilateral relations during a parliamentary session. The proposal will be discussed by elected representatives. The decision is expected to become an important public issue.,Political
207,"In a latest development, the James Webb Space Telescope studied an asteroid during a rocket launch. Scientists said the observations could improve understanding of the universe. The mission is expected to provide valuable scientific data.",Space
208,"In the latest update, the opposition party announced a new policy at an election rally. The proposal will be discussed by elected representatives. The decision is expected to become an important public issue.",Political
209,Officials said cartographers analyzed geographic features across southern India. Researchers said the findings could help regional planning. Scientists used maps and field observations for the analysis.,Geography
210,"According to a new report, city police arrested a suspect after a robbery was reported. Police said the investigation is continuing. Investigators are examining evidence and questioning people connected with the case.",Crime
211,Officials said the opposition party announced a new policy during a parliamentary session. The proposal will be discussed by elected representatives. The decision is expected to become an important public issue.,Political
212,New information shows that the Himalayan research group studied land use patterns across southern India. Researchers said the findings could help regional planning. Scientists used maps and field observations for the analysis.,Geography
213,"In a latest development, the James Webb Space Telescope studied an asteroid during a rocket launch. Scientists said the observations could improve understanding of the universe. The mission is expected to provide valuable scientific data.",Space
214,"In a latest development, the legislative assembly announced a new policy at an election rally. The proposal will be discussed by elected representatives. The decision is expected to become an important public issue.",Political
215,New information shows that ISRO announced a lunar mission during a space mission. Scientists said the observations could improve understanding of the universe. The mission is expected to provide valuable scientific data.,Space
216,"In a latest development, Rohit Sharma signed a new contract after a closely fought contest. The coach praised the player's fitness and tactical performance. Fans discussed the result after the final whistle.",Sports
217,A recent report said regional researchers studied land use patterns in a rapidly growing city. Researchers said the findings could help regional planning. Scientists used maps and field observations for the analysis.,Geography
218,New information shows that crime branch officers arrested a suspect after a robbery was reported. Police said the investigation is continuing. Investigators are examining evidence and questioning people connected with the case.,Crime
219,"In the latest update, the lunar mission team completed a spaceflight test during a rocket launch. Scientists said the observations could improve understanding of the universe. The mission is expected to provide valuable scientific data.",Space
220,"In the latest update, LeBron James recorded a century after a closely fought contest. The coach praised the player's fitness and tactical performance. Fans discussed the result after the final whistle.",Sports
221,Officials said the prosecution uncovered a fraud operation after a robbery was reported. Police said the investigation is continuing. Investigators are examining evidence and questioning people connected with the case.,Crime
222,"In a latest development, Suriya shared details about the screenplay at the audio launch. The announcement generated strong interest among movie audiences. Fans discussed the trailer and upcoming release.",Cinema
223,"In a latest development, forensic investigators examined CCTV footage following an arrest. Police said the investigation is continuing. Investigators are examining evidence and questioning people connected with the case.",Crime
224,"In a latest development, court officials uncovered a fraud operation following an arrest. Police said the investigation is continuing. Investigators are examining evidence and questioning people connected with the case.",Crime
225,"According to a new report, the Election Commission reviewed government programmes during a parliamentary session. The proposal will be discussed by elected representatives. The decision is expected to become an important public issue.",Political
226,New information shows that the satellite launch team launched a spacecraft during a space mission. Scientists said the observations could improve understanding of the universe. The mission is expected to provide valuable scientific data.,Space
227,New information shows that crime branch officers arrested a suspect after a robbery was reported. Police said the investigation is continuing. Investigators are examining evidence and questioning people connected with the case.,Crime
228,A recent report said the coastal research team examined coastal changes in a rapidly growing city. Researchers said the findings could help regional planning. Scientists used maps and field observations for the analysis.,Geography
229,Officials said Virat Kohli set a new record during an international football match. The coach praised the player's fitness and tactical performance. Fans discussed the result after the final whistle.,Sports
230,"In a latest development, investigators launched an investigation following an arrest. Police said the investigation is continuing. Investigators are examining evidence and questioning people connected with the case.",Crime
231,Officials said Chennai Super Kings signed a new contract during an international football match. The coach praised the player's fitness and tactical performance. Fans discussed the result after the final whistle.,Sports
232,New information shows that forensic investigators examined CCTV footage after a robbery was reported. Police said the investigation is continuing. Investigators are examining evidence and questioning people connected with the case.,Crime
233,A recent report said Vijay shared details about the screenplay at the audio launch. The announcement generated strong interest among movie audiences. Fans discussed the trailer and upcoming release.,Cinema
234,New information shows that Stephen Curry set a new record during an international football match. The coach praised the player's fitness and tactical performance. Fans discussed the result after the final whistle.,Sports
235,"According to a new report, Real Madrid was selected for the squad during an international football match. The coach praised the player's fitness and tactical performance. Fans discussed the result after the final whistle.",Sports
236,"According to a new report, city police arrested a suspect after a robbery was reported. Police said the investigation is continuing. Investigators are examining evidence and questioning people connected with the case.",Crime
237,"In the latest update, customs officials launched an investigation following an arrest. Police said the investigation is continuing. Investigators are examining evidence and questioning people connected with the case.",Crime
238,"In a latest development, Aamir Khan announced a new movie at the audio launch. The announcement generated strong interest among movie audiences. Fans discussed the trailer and upcoming release.",Cinema
239,"In the latest update, Nayanthara received praise for the performance at the audio launch. The announcement generated strong interest among movie audiences. Fans discussed the trailer and upcoming release.",Cinema
240,New information shows that the river basin study team mapped a river basin across southern India. Researchers said the findings could help regional planning. Scientists used maps and field observations for the analysis.,Geography
241,Officials said cartographers analyzed geographic features across southern India. Researchers said the findings could help regional planning. Scientists used maps and field observations for the analysis.,Geography
242,Officials said the opposition party announced a new policy during a parliamentary session. The proposal will be discussed by elected representatives. The decision is expected to become an important public issue.,Political
243,A recent report said Kamal Haasan shared details about the screenplay at the audio launch. The announcement generated strong interest among movie audiences. Fans discussed the trailer and upcoming release.,Cinema
244,A recent report said ESA completed a spaceflight test during a rocket launch. Scientists said the observations could improve understanding of the universe. The mission is expected to provide valuable scientific data.,Space
245,A recent report said NASA launched a spacecraft during a rocket launch. Scientists said the observations could improve understanding of the universe. The mission is expected to provide valuable scientific data.,Space
246,"In a latest development, Novak Djokovic set a new record after a closely fought contest. The coach praised the player's fitness and tactical performance. Fans discussed the result after the final whistle.",Sports
247,A recent report said Arsenal signed a new contract after a closely fought contest. The coach praised the player's fitness and tactical performance. Fans discussed the result after the final whistle.,Sports
248,"According to a new report, ESA completed a spaceflight test during a space mission. Scientists said the observations could improve understanding of the universe. The mission is expected to provide valuable scientific data.",Space
249,A recent report said government officials presented a budget proposal at an election rally. The proposal will be discussed by elected representatives. The decision is expected to become an important public issue.,Political
250,A recent report said NASA launched a spacecraft during a rocket launch. Scientists said the observations could improve understanding of the universe. The mission is expected to provide valuable scientific data.,Space
251,"In the latest update, the cabinet reviewed government programmes at an election rally. The proposal will be discussed by elected representatives. The decision is expected to become an important public issue.",Political
252,New information shows that forensic investigators examined CCTV footage after a robbery was reported. Police said the investigation is continuing. Investigators are examining evidence and questioning people connected with the case.,Crime
253,Officials said the geographical survey team studied land use patterns across southern India. Researchers said the findings could help regional planning. Scientists used maps and field observations for the analysis.,Geography
254,"According to a new report, city police arrested a suspect after a robbery was reported. Police said the investigation is continuing. Investigators are examining evidence and questioning people connected with the case.",Crime
255,A recent report said Brazil football team set a new record after a closely fought contest. The coach praised the player's fitness and tactical performance. Fans discussed the result after the final whistle.,Sports
256,"In the latest update, the European Space Agency studied an asteroid during a rocket launch. Scientists said the observations could improve understanding of the universe. The mission is expected to provide valuable scientific data.",Space
257,A recent report said Rohit Sharma signed a new contract after a closely fought contest. The coach praised the player's fitness and tactical performance. Fans discussed the result after the final whistle.,Sports
258,A recent report said Mani Ratnam received praise for the performance at the audio launch. The announcement generated strong interest among movie audiences. Fans discussed the trailer and upcoming release.,Cinema
259,"In a latest development, crime branch officers arrested a suspect following an arrest. Police said the investigation is continuing. Investigators are examining evidence and questioning people connected with the case.",Crime
260,"In a latest development, the finance minister presented a budget proposal at an election rally. The proposal will be discussed by elected representatives. The decision is expected to become an important public issue.",Political
261,"In the latest update, the cabinet reviewed government programmes at an election rally. The proposal will be discussed by elected representatives. The decision is expected to become an important public issue.",Political
262,"According to a new report, Stephen Curry set a new record during an international football match. The coach praised the player's fitness and tactical performance. Fans discussed the result after the final whistle.",Sports
263,"According to a new report, the ruling party addressed parliament during a parliamentary session. The proposal will be discussed by elected representatives. The decision is expected to become an important public issue.",Political
264,Officials said urban planners examined soil distribution across southern India. Researchers said the findings could help regional planning. Scientists used maps and field observations for the analysis.,Geography
265,Officials said the European Space Agency studied an asteroid during a space mission. Scientists said the observations could improve understanding of the universe. The mission is expected to provide valuable scientific data.,Space
266,"According to a new report, the film production team received praise for the performance for the upcoming Tamil film. The announcement generated strong interest among movie audiences. Fans discussed the trailer and upcoming release.",Cinema
267,"In a latest development, the climate monitoring team examined soil distribution in a rapidly growing city. Researchers said the findings could help regional planning. Scientists used maps and field observations for the analysis.",Geography
268,"According to a new report, Shah Rukh Khan revealed the first look for the upcoming Tamil film. The announcement generated strong interest among movie audiences. Fans discussed the trailer and upcoming release.",Cinema
269,"According to a new report, Lokesh Kanagaraj shared details about the screenplay for the upcoming Tamil film. The announcement generated strong interest among movie audiences. Fans discussed the trailer and upcoming release.",Cinema
270,"In the latest update, Manchester City scored a decisive goal after a closely fought contest. The coach praised the player's fitness and tactical performance. Fans discussed the result after the final whistle.",Sports
271,"In a latest development, investigators launched an investigation following an arrest. Police said the investigation is continuing. Investigators are examining evidence and questioning people connected with the case.",Crime
272,"In the latest update, mapping experts mapped a river basin in a rapidly growing city. Researchers said the findings could help regional planning. Scientists used maps and field observations for the analysis.",Geography
273,New information shows that the Himalayan research group studied land use patterns across southern India. Researchers said the findings could help regional planning. Scientists used maps and field observations for the analysis.,Geography
274,New information shows that the finance minister presented a budget proposal during a parliamentary session. The proposal will be discussed by elected representatives. The decision is expected to become an important public issue.,Political
275,Officials said Deepika Padukone shared details about the screenplay for the upcoming Tamil film. The announcement generated strong interest among movie audiences. Fans discussed the trailer and upcoming release.,Cinema
276,"According to a new report, geographic information scientists analyzed geographic features across southern India. Researchers said the findings could help regional planning. Scientists used maps and field observations for the analysis.",Geography
277,New information shows that the finance minister presented a budget proposal during a parliamentary session. The proposal will be discussed by elected representatives. The decision is expected to become an important public issue.,Political
278,New information shows that court officials uncovered a fraud operation after a robbery was reported. Police said the investigation is continuing. Investigators are examining evidence and questioning people connected with the case.,Crime
279,New information shows that the James Webb Space Telescope studied an asteroid during a space mission. Scientists said the observations could improve understanding of the universe. The mission is expected to provide valuable scientific data.,Space
280,"In the latest update, earth scientists examined coastal changes in a rapidly growing city. Researchers said the findings could help regional planning. Scientists used maps and field observations for the analysis.",Geography
281,"In a latest development, Lionel Messi recorded a century after a closely fought contest. The coach praised the player's fitness and tactical performance. Fans discussed the result after the final whistle.",Sports
282,A recent report said Prabhas revealed the first look at the audio launch. The announcement generated strong interest among movie audiences. Fans discussed the trailer and upcoming release.,Cinema
283,New information shows that Rajinikanth announced a new movie for the upcoming Tamil film. The announcement generated strong interest among movie audiences. Fans discussed the trailer and upcoming release.,Cinema
284,New information shows that the Chief Minister addressed parliament during a parliamentary session. The proposal will be discussed by elected representatives. The decision is expected to become an important public issue.,Political
285,"In the latest update, the opposition party announced a new policy at an election rally. The proposal will be discussed by elected representatives. The decision is expected to become an important public issue.",Political
286,Officials said mapping experts mapped a river basin across southern India. Researchers said the findings could help regional planning. Scientists used maps and field observations for the analysis.,Geography
287,Officials said the cabinet reviewed government programmes during a parliamentary session. The proposal will be discussed by elected representatives. The decision is expected to become an important public issue.,Political
288,A recent report said the ruling party addressed parliament at an election rally. The proposal will be discussed by elected representatives. The decision is expected to become an important public issue.,Political
289,"In the latest update, Aamir Khan received praise for the performance at the audio launch. The announcement generated strong interest among movie audiences. Fans discussed the trailer and upcoming release.",Cinema
290,"In the latest update, Rohit Sharma signed a new contract after a closely fought contest. The coach praised the player's fitness and tactical performance. Fans discussed the result after the final whistle.",Sports
291,"According to a new report, the Election Commission reviewed government programmes during a parliamentary session. The proposal will be discussed by elected representatives. The decision is expected to become an important public issue.",Political
292,"According to a new report, the local police department launched an investigation after a robbery was reported. Police said the investigation is continuing. Investigators are examining evidence and questioning people connected with the case.",Crime
293,"In a latest development, researchers analyzed geographic features in a rapidly growing city. Researchers said the findings could help regional planning. Scientists used maps and field observations for the analysis.",Geography
294,"According to a new report, government officials presented a budget proposal during a parliamentary session. The proposal will be discussed by elected representatives. The decision is expected to become an important public issue.",Political
295,Officials said the foreign minister discussed bilateral relations during a parliamentary session. The proposal will be discussed by elected representatives. The decision is expected to become an important public issue.,Political
296,"In the latest update, the lunar mission team completed a spaceflight test during a rocket launch. Scientists said the observations could improve understanding of the universe. The mission is expected to provide valuable scientific data.",Space
297,"In a latest development, climate researchers examined coastal changes in a rapidly growing city. Researchers said the findings could help regional planning. Scientists used maps and field observations for the analysis.",Geography
298,A recent report said Aamir Khan shared details about the screenplay at the audio launch. The announcement generated strong interest among movie audiences. Fans discussed the trailer and upcoming release.,Cinema
299,Officials said Deepika Padukone announced a new movie for the upcoming Tamil film. The announcement generated strong interest among movie audiences. Fans discussed the trailer and upcoming release.,Cinema
300,"In a latest development, the satellite launch team launched a spacecraft during a rocket launch. Scientists said the observations could improve understanding of the universe. The mission is expected to provide valuable scientific data.",Space
301,Officials said Ajith Kumar received praise for the performance for the upcoming Tamil film. The announcement generated strong interest among movie audiences. Fans discussed the trailer and upcoming release.,Cinema
302,"According to a new report, the Mars exploration team studied an asteroid during a space mission. Scientists said the observations could improve understanding of the universe. The mission is expected to provide valuable scientific data.",Space
303,Officials said security officers recovered stolen property after a robbery was reported. Police said the investigation is continuing. Investigators are examining evidence and questioning people connected with the case.,Crime
304,"In the latest update, Neeraj Chopra was selected for the squad after a closely fought contest. The coach praised the player's fitness and tactical performance. Fans discussed the result after the final whistle.",Sports
305,"In the latest update, SpaceX prepared astronauts for a mission during a rocket launch. Scientists said the observations could improve understanding of the universe. The mission is expected to provide valuable scientific data.",Space
306,Officials said Kylian Mbappe recorded a century during an international football match. The coach praised the player's fitness and tactical performance. Fans discussed the result after the final whistle.,Sports
307,Officials said the European Space Agency studied an asteroid during a space mission. Scientists said the observations could improve understanding of the universe. The mission is expected to provide valuable scientific data.,Space
308,New information shows that astronauts prepared astronauts for a mission during a space mission. Scientists said the observations could improve understanding of the universe. The mission is expected to provide valuable scientific data.,Space
309,Officials said the anti-narcotics team arrested a suspect after a robbery was reported. Police said the investigation is continuing. Investigators are examining evidence and questioning people connected with the case.,Crime
310,"In the latest update, the lunar mission team completed a spaceflight test during a rocket launch. Scientists said the observations could improve understanding of the universe. The mission is expected to provide valuable scientific data.",Space
311,New information shows that the state government discussed bilateral relations during a parliamentary session. The proposal will be discussed by elected representatives. The decision is expected to become an important public issue.,Political
312,"According to a new report, city police arrested a suspect after a robbery was reported. Police said the investigation is continuing. Investigators are examining evidence and questioning people connected with the case.",Crime
313,A recent report said Arsenal signed a new contract after a closely fought contest. The coach praised the player's fitness and tactical performance. Fans discussed the result after the final whistle.,Sports
314,"In the latest update, the Parliament presented a budget proposal at an election rally. The proposal will be discussed by elected representatives. The decision is expected to become an important public issue.",Political
315,New information shows that forensic investigators examined CCTV footage after a robbery was reported. Police said the investigation is continuing. Investigators are examining evidence and questioning people connected with the case.,Crime
316,New information shows that Ajith Kumar revealed the first look for the upcoming Tamil film. The announcement generated strong interest among movie audiences. Fans discussed the trailer and upcoming release.,Cinema
317,A recent report said government officials presented a budget proposal at an election rally. The proposal will be discussed by elected representatives. The decision is expected to become an important public issue.,Political
318,A recent report said the local police department launched an investigation following an arrest. Police said the investigation is continuing. Investigators are examining evidence and questioning people connected with the case.,Crime
319,New information shows that Rajinikanth revealed the first look for the upcoming Tamil film. The announcement generated strong interest among movie audiences. Fans discussed the trailer and upcoming release.,Cinema
320,"According to a new report, geographers mapped a river basin across southern India. Researchers said the findings could help regional planning. Scientists used maps and field observations for the analysis.",Geography
321,Officials said MS Dhoni was selected for the squad during an international football match. The coach praised the player's fitness and tactical performance. Fans discussed the result after the final whistle.,Sports
322,"In a latest development, political leaders reviewed government programmes at an election rally. The proposal will be discussed by elected representatives. The decision is expected to become an important public issue.",Political
323,A recent report said NASA launched a spacecraft during a rocket launch. Scientists said the observations could improve understanding of the universe. The mission is expected to provide valuable scientific data.,Space
324,"According to a new report, Lokesh Kanagaraj announced a new movie for the upcoming Tamil film. The announcement generated strong interest among movie audiences. Fans discussed the trailer and upcoming release.",Cinema
325,"According to a new report, the ruling party addressed parliament during a parliamentary session. The proposal will be discussed by elected representatives. The decision is expected to become an important public issue.",Political
326,"In a latest development, Arsenal signed a new contract after a closely fought contest. The coach praised the player's fitness and tactical performance. Fans discussed the result after the final whistle.",Sports
327,"In a latest development, Mani Ratnam shared details about the screenplay at the audio launch. The announcement generated strong interest among movie audiences. Fans discussed the trailer and upcoming release.",Cinema
328,"In a latest development, ISRO announced a lunar mission during a rocket launch. Scientists said the observations could improve understanding of the universe. The mission is expected to provide valuable scientific data.",Space
329,"In a latest development, Neeraj Chopra was selected for the squad after a closely fought contest. The coach praised the player's fitness and tactical performance. Fans discussed the result after the final whistle.",Sports
330,A recent report said environmental scientists examined soil distribution in a rapidly growing city. Researchers said the findings could help regional planning. Scientists used maps and field observations for the analysis.,Geography
331,Officials said the lunar mission team completed a spaceflight test during a space mission. Scientists said the observations could improve understanding of the universe. The mission is expected to provide valuable scientific data.,Space
332,A recent report said Mani Ratnam promoted the upcoming movie at the audio launch. The announcement generated strong interest among movie audiences. Fans discussed the trailer and upcoming release.,Cinema
333,Officials said Ajith Kumar announced a new movie for the upcoming Tamil film. The announcement generated strong interest among movie audiences. Fans discussed the trailer and upcoming release.,Cinema
334,"According to a new report, government officials presented a budget proposal during a parliamentary session. The proposal will be discussed by elected representatives. The decision is expected to become an important public issue.",Political
335,"In the latest update, Nayanthara promoted the upcoming movie at the audio launch. The announcement generated strong interest among movie audiences. Fans discussed the trailer and upcoming release.",Cinema
336,"In a latest development, law enforcement officials recovered stolen property following an arrest. Police said the investigation is continuing. Investigators are examining evidence and questioning people connected with the case.",Crime
337,A recent report said the Election Commission reviewed government programmes at an election rally. The proposal will be discussed by elected representatives. The decision is expected to become an important public issue.,Political
338,New information shows that the legislative assembly announced a new policy during a parliamentary session. The proposal will be discussed by elected representatives. The decision is expected to become an important public issue.,Political
339,"In the latest update, Lionel Messi recorded a century after a closely fought contest. The coach praised the player's fitness and tactical performance. Fans discussed the result after the final whistle.",Sports
340,"In the latest update, the lead actor promoted the upcoming movie at the audio launch. The announcement generated strong interest among movie audiences. Fans discussed the trailer and upcoming release.",Cinema
341,"In the latest update, cartographers analyzed geographic features in a rapidly growing city. Researchers said the findings could help regional planning. Scientists used maps and field observations for the analysis.",Geography
342,"According to a new report, Lokesh Kanagaraj received praise for the performance for the upcoming Tamil film. The announcement generated strong interest among movie audiences. Fans discussed the trailer and upcoming release.",Cinema
343,Officials said SpaceX engineers announced a lunar mission during a space mission. Scientists said the observations could improve understanding of the universe. The mission is expected to provide valuable scientific data.,Space
344,A recent report said detectives uncovered a fraud operation following an arrest. Police said the investigation is continuing. Investigators are examining evidence and questioning people connected with the case.,Crime
345,New information shows that the satellite launch team launched a spacecraft during a space mission. Scientists said the observations could improve understanding of the universe. The mission is expected to provide valuable scientific data.,Space
346,"According to a new report, the Prime Minister announced a new policy during a parliamentary session. The proposal will be discussed by elected representatives. The decision is expected to become an important public issue.",Political
347,A recent report said Novak Djokovic set a new record after a closely fought contest. The coach praised the player's fitness and tactical performance. Fans discussed the result after the final whistle.,Sports
348,"According to a new report, Rajinikanth promoted the upcoming movie for the upcoming Tamil film. The announcement generated strong interest among movie audiences. Fans discussed the trailer and upcoming release.",Cinema
349,Officials said the cyber crime unit examined CCTV footage after a robbery was reported. Police said the investigation is continuing. Investigators are examining evidence and questioning people connected with the case.,Crime
350,"In a latest development, the finance minister presented a budget proposal at an election rally. The proposal will be discussed by elected representatives. The decision is expected to become an important public issue.",Political
351,"In the latest update, the lead actor shared details about the screenplay at the audio launch. The announcement generated strong interest among movie audiences. Fans discussed the trailer and upcoming release.",Cinema
352,"In a latest development, the lead actor revealed the first look at the audio launch. The announcement generated strong interest among movie audiences. Fans discussed the trailer and upcoming release.",Cinema
353,"In a latest development, the lead actor shared details about the screenplay at the audio launch. The announcement generated strong interest among movie audiences. Fans discussed the trailer and upcoming release.",Cinema
354,"In a latest development, Lionel Messi recorded a century after a closely fought contest. The coach praised the player's fitness and tactical performance. Fans discussed the result after the final whistle.",Sports
355,Officials said the Parliament presented a budget proposal during a parliamentary session. The proposal will be discussed by elected representatives. The decision is expected to become an important public issue.,Political
356,"According to a new report, Real Madrid was selected for the squad during an international football match. The coach praised the player's fitness and tactical performance. Fans discussed the result after the final whistle.",Sports
357,"In the latest update, the lunar mission team completed a spaceflight test during a rocket launch. Scientists said the observations could improve understanding of the universe. The mission is expected to provide valuable scientific data.",Space
358,"According to a new report, geographic information scientists analyzed geographic features across southern India. Researchers said the findings could help regional planning. Scientists used maps and field observations for the analysis.",Geography
359,"In the latest update, the European Space Agency studied an asteroid during a rocket launch. Scientists said the observations could improve understanding of the universe. The mission is expected to provide valuable scientific data.",Space
360,Officials said security officers recovered stolen property after a robbery was reported. Police said the investigation is continuing. Investigators are examining evidence and questioning people connected with the case.,Crime
361,"In a latest development, Mani Ratnam received praise for the performance at the audio launch. The announcement generated strong interest among movie audiences. Fans discussed the trailer and upcoming release.",Cinema
362,"In a latest development, the James Webb Space Telescope studied an asteroid during a rocket launch. Scientists said the observations could improve understanding of the universe. The mission is expected to provide valuable scientific data.",Space
363,New information shows that researchers analyzed geographic features across southern India. Researchers said the findings could help regional planning. Scientists used maps and field observations for the analysis.,Geography
364,"In the latest update, cartographers analyzed geographic features in a rapidly growing city. Researchers said the findings could help regional planning. Scientists used maps and field observations for the analysis.",Geography
365,A recent report said geographic information scientists analyzed geographic features in a rapidly growing city. Researchers said the findings could help regional planning. Scientists used maps and field observations for the analysis.,Geography
366,A recent report said the district police recovered stolen property following an arrest. Police said the investigation is continuing. Investigators are examining evidence and questioning people connected with the case.,Crime
367,"According to a new report, investigators examined CCTV footage after a robbery was reported. Police said the investigation is continuing. Investigators are examining evidence and questioning people connected with the case.",Crime
368,"In a latest development, researchers analyzed geographic features in a rapidly growing city. Researchers said the findings could help regional planning. Scientists used maps and field observations for the analysis.",Geography
369,Officials said customs officials launched an investigation after a robbery was reported. Police said the investigation is continuing. Investigators are examining evidence and questioning people connected with the case.,Crime
370,"According to a new report, Kylian Mbappe recorded a century during an international football match. The coach praised the player's fitness and tactical performance. Fans discussed the result after the final whistle.",Sports
371,New information shows that Chennai Super Kings signed a new contract during an international football match. The coach praised the player's fitness and tactical performance. Fans discussed the result after the final whistle.,Sports
372,"According to a new report, detectives uncovered a fraud operation after a robbery was reported. Police said the investigation is continuing. Investigators are examining evidence and questioning people connected with the case.",Crime
373,A recent report said the ruling party addressed parliament at an election rally. The proposal will be discussed by elected representatives. The decision is expected to become an important public issue.,Political
374,Officials said cartographers analyzed geographic features across southern India. Researchers said the findings could help regional planning. Scientists used maps and field observations for the analysis.,Geography
375,"In the latest update, urban planners examined soil distribution in a rapidly growing city. Researchers said the findings could help regional planning. Scientists used maps and field observations for the analysis.",Geography
376,New information shows that the Chief Minister addressed parliament during a parliamentary session. The proposal will be discussed by elected representatives. The decision is expected to become an important public issue.,Political
377,"According to a new report, Deepika Padukone shared details about the screenplay for the upcoming Tamil film. The announcement generated strong interest among movie audiences. Fans discussed the trailer and upcoming release.",Cinema
378,"In the latest update, urban planners examined soil distribution in a rapidly growing city. Researchers said the findings could help regional planning. Scientists used maps and field observations for the analysis.",Geography
379,A recent report said ESA completed a spaceflight test during a rocket launch. Scientists said the observations could improve understanding of the universe. The mission is expected to provide valuable scientific data.,Space
380,Officials said NASA scientists launched a spacecraft during a space mission. Scientists said the observations could improve understanding of the universe. The mission is expected to provide valuable scientific data.,Space
381,"In the latest update, Lionel Messi recorded a century after a closely fought contest. The coach praised the player's fitness and tactical performance. Fans discussed the result after the final whistle.",Sports
382,"In the latest update, Lionel Messi recorded a century after a closely fought contest. The coach praised the player's fitness and tactical performance. Fans discussed the result after the final whistle.",Sports
383,Officials said the lunar mission team completed a spaceflight test during a space mission. Scientists said the observations could improve understanding of the universe. The mission is expected to provide valuable scientific data.,Space
384,A recent report said members of parliament discussed bilateral relations at an election rally. The proposal will be discussed by elected representatives. The decision is expected to become an important public issue.,Political
385,"In a latest development, political leaders reviewed government programmes at an election rally. The proposal will be discussed by elected representatives. The decision is expected to become an important public issue.",Political
386,"In a latest development, astronomers completed a spaceflight test during a rocket launch. Scientists said the observations could improve understanding of the universe. The mission is expected to provide valuable scientific data.",Space
387,"In a latest development, Mani Ratnam announced a new movie at the audio launch. The announcement generated strong interest among movie audiences. Fans discussed the trailer and upcoming release.",Cinema
388,Officials said the opposition party announced a new policy during a parliamentary session. The proposal will be discussed by elected representatives. The decision is expected to become an important public issue.,Political
389,A recent report said regional researchers studied land use patterns in a rapidly growing city. Researchers said the findings could help regional planning. Scientists used maps and field observations for the analysis.,Geography
390,New information shows that Dhanush shared details about the screenplay for the upcoming Tamil film. The announcement generated strong interest among movie audiences. Fans discussed the trailer and upcoming release.,Cinema
391,"According to a new report, PV Sindhu scored a decisive goal during an international football match. The coach praised the player's fitness and tactical performance. Fans discussed the result after the final whistle.",Sports
392,"In a latest development, astronauts prepared astronauts for a mission during a rocket launch. Scientists said the observations could improve understanding of the universe. The mission is expected to provide valuable scientific data.",Space
393,"In a latest development, the finance minister presented a budget proposal at an election rally. The proposal will be discussed by elected representatives. The decision is expected to become an important public issue.",Political
394,New information shows that Deepika Padukone announced a new movie for the upcoming Tamil film. The announcement generated strong interest among movie audiences. Fans discussed the trailer and upcoming release.,Cinema
395,Officials said Rajinikanth shared details about the screenplay for the upcoming Tamil film. The announcement generated strong interest among movie audiences. Fans discussed the trailer and upcoming release.,Cinema
396,"In the latest update, the opposition party announced a new policy at an election rally. The proposal will be discussed by elected representatives. The decision is expected to become an important public issue.",Political
397,New information shows that court officials uncovered a fraud operation after a robbery was reported. Police said the investigation is continuing. Investigators are examining evidence and questioning people connected with the case.,Crime
398,"In the latest update, Prabhas promoted the upcoming movie at the audio launch. The announcement generated strong interest among movie audiences. Fans discussed the trailer and upcoming release.",Cinema
399,"In a latest development, Vijay revealed the first look at the audio launch. The announcement generated strong interest among movie audiences. Fans discussed the trailer and upcoming release.",Cinema
400,New information shows that the finance minister presented a budget proposal during a parliamentary session. The proposal will be discussed by elected representatives. The decision is expected to become an important public issue.,Political
401,Officials said the cabinet reviewed government programmes during a parliamentary session. The proposal will be discussed by elected representatives. The decision is expected to become an important public issue.,Political
402,"In a latest development, Nayanthara shared details about the screenplay at the audio launch. The announcement generated strong interest among movie audiences. Fans discussed the trailer and upcoming release.",Cinema
403,Officials said Rajinikanth promoted the upcoming movie for the upcoming Tamil film. The announcement generated strong interest among movie audiences. Fans discussed the trailer and upcoming release.,Cinema
404,"In the latest update, security officers recovered stolen property following an arrest. Police said the investigation is continuing. Investigators are examining evidence and questioning people connected with the case.",Crime
405,New information shows that Kylian Mbappe recorded a century during an international football match. The coach praised the player's fitness and tactical performance. Fans discussed the result after the final whistle.,Sports
406,A recent report said the district police recovered stolen property following an arrest. Police said the investigation is continuing. Investigators are examining evidence and questioning people connected with the case.,Crime
407,"In a latest development, Aamir Khan promoted the upcoming movie at the audio launch. The announcement generated strong interest among movie audiences. Fans discussed the trailer and upcoming release.",Cinema
408,A recent report said Vijay announced a new movie at the audio launch. The announcement generated strong interest among movie audiences. Fans discussed the trailer and upcoming release.,Cinema
409,Officials said the cabinet reviewed government programmes during a parliamentary session. The proposal will be discussed by elected representatives. The decision is expected to become an important public issue.,Political
410,Officials said the foreign minister discussed bilateral relations during a parliamentary session. The proposal will be discussed by elected representatives. The decision is expected to become an important public issue.,Political
411,"According to a new report, members of parliament discussed bilateral relations during a parliamentary session. The proposal will be discussed by elected representatives. The decision is expected to become an important public issue.",Political
412,A recent report said environmental scientists examined soil distribution in a rapidly growing city. Researchers said the findings could help regional planning. Scientists used maps and field observations for the analysis.,Geography
413,"In a latest development, Arsenal signed a new contract after a closely fought contest. The coach praised the player's fitness and tactical performance. Fans discussed the result after the final whistle.",Sports
414,"In the latest update, mapping experts mapped a river basin in a rapidly growing city. Researchers said the findings could help regional planning. Scientists used maps and field observations for the analysis.",Geography
415,A recent report said investigators examined CCTV footage following an arrest. Police said the investigation is continuing. Investigators are examining evidence and questioning people connected with the case.,Crime
416,New information shows that Cristiano Ronaldo scored a decisive goal during an international football match. The coach praised the player's fitness and tactical performance. Fans discussed the result after the final whistle.,Sports
417,"In the latest update, SpaceX prepared astronauts for a mission during a rocket launch. Scientists said the observations could improve understanding of the universe. The mission is expected to provide valuable scientific data.",Space
418,A recent report said members of parliament discussed bilateral relations at an election rally. The proposal will be discussed by elected representatives. The decision is expected to become an important public issue.,Political
419,"In the latest update, Novak Djokovic set a new record after a closely fought contest. The coach praised the player's fitness and tactical performance. Fans discussed the result after the final whistle.",Sports
420,"According to a new report, members of parliament discussed bilateral relations during a parliamentary session. The proposal will be discussed by elected representatives. The decision is expected to become an important public issue.",Political
421,"According to a new report, geographic information scientists analyzed geographic features across southern India. Researchers said the findings could help regional planning. Scientists used maps and field observations for the analysis.",Geography
422,"According to a new report, city police arrested a suspect after a robbery was reported. Police said the investigation is continuing. Investigators are examining evidence and questioning people connected with the case.",Crime
423,"According to a new report, Lokesh Kanagaraj shared details about the screenplay for the upcoming Tamil film. The announcement generated strong interest among movie audiences. Fans discussed the trailer and upcoming release.",Cinema
424,A recent report said Nayanthara shared details about the screenplay at the audio launch. The announcement generated strong interest among movie audiences. Fans discussed the trailer and upcoming release.,Cinema
425,Officials said Real Madrid was selected for the squad during an international football match. The coach praised the player's fitness and tactical performance. Fans discussed the result after the final whistle.,Sports
426,New information shows that the legislative assembly announced a new policy during a parliamentary session. The proposal will be discussed by elected representatives. The decision is expected to become an important public issue.,Political
427,"According to a new report, geographic information scientists analyzed geographic features across southern India. Researchers said the findings could help regional planning. Scientists used maps and field observations for the analysis.",Geography
428,"In the latest update, the cyber crime unit examined CCTV footage following an arrest. Police said the investigation is continuing. Investigators are examining evidence and questioning people connected with the case.",Crime
429,A recent report said geographers mapped a river basin in a rapidly growing city. Researchers said the findings could help regional planning. Scientists used maps and field observations for the analysis.,Geography
430,New information shows that political leaders reviewed government programmes during a parliamentary session. The proposal will be discussed by elected representatives. The decision is expected to become an important public issue.,Political
431,"In a latest development, political leaders reviewed government programmes at an election rally. The proposal will be discussed by elected representatives. The decision is expected to become an important public issue.",Political
432,New information shows that Cristiano Ronaldo scored a decisive goal during an international football match. The coach praised the player's fitness and tactical performance. Fans discussed the result after the final whistle.,Sports
433,New information shows that forensic investigators examined CCTV footage after a robbery was reported. Police said the investigation is continuing. Investigators are examining evidence and questioning people connected with the case.,Crime
434,"In a latest development, forensic investigators examined CCTV footage following an arrest. Police said the investigation is continuing. Investigators are examining evidence and questioning people connected with the case.",Crime
435,A recent report said environmental scientists examined soil distribution in a rapidly growing city. Researchers said the findings could help regional planning. Scientists used maps and field observations for the analysis.,Geography
436,A recent report said Indian space scientists announced a lunar mission during a rocket launch. Scientists said the observations could improve understanding of the universe. The mission is expected to provide valuable scientific data.,Space
437,"In the latest update, the prosecution uncovered a fraud operation following an arrest. Police said the investigation is continuing. Investigators are examining evidence and questioning people connected with the case.",Crime
438,Officials said earth scientists examined coastal changes across southern India. Researchers said the findings could help regional planning. Scientists used maps and field observations for the analysis.,Geography
439,"In a latest development, ISRO announced a lunar mission during a rocket launch. Scientists said the observations could improve understanding of the universe. The mission is expected to provide valuable scientific data.",Space
440,A recent report said regional researchers studied land use patterns in a rapidly growing city. Researchers said the findings could help regional planning. Scientists used maps and field observations for the analysis.,Geography
441,Officials said urban planners examined soil distribution across southern India. Researchers said the findings could help regional planning. Scientists used maps and field observations for the analysis.,Geography
442,Officials said Cristiano Ronaldo scored a decisive goal during an international football match. The coach praised the player's fitness and tactical performance. Fans discussed the result after the final whistle.,Sports
443,"In a latest development, the river basin study team mapped a river basin in a rapidly growing city. Researchers said the findings could help regional planning. Scientists used maps and field observations for the analysis.",Geography
444,New information shows that Dhanush revealed the first look for the upcoming Tamil film. The announcement generated strong interest among movie audiences. Fans discussed the trailer and upcoming release.,Cinema
445,A recent report said Aamir Khan received praise for the performance at the audio launch. The announcement generated strong interest among movie audiences. Fans discussed the trailer and upcoming release.,Cinema
446,A recent report said government officials presented a budget proposal at an election rally. The proposal will be discussed by elected representatives. The decision is expected to become an important public issue.,Political
447,New information shows that the legislative assembly announced a new policy during a parliamentary session. The proposal will be discussed by elected representatives. The decision is expected to become an important public issue.,Political
448,"According to a new report, the Prime Minister announced a new policy during a parliamentary session. The proposal will be discussed by elected representatives. The decision is expected to become an important public issue.",Political
449,Officials said Carlos Alcaraz signed a new contract during an international football match. The coach praised the player's fitness and tactical performance. Fans discussed the result after the final whistle.,Sports
450,New information shows that ISRO announced a lunar mission during a space mission. Scientists said the observations could improve understanding of the universe. The mission is expected to provide valuable scientific data.,Space
451,A recent report said the district police recovered stolen property following an arrest. Police said the investigation is continuing. Investigators are examining evidence and questioning people connected with the case.,Crime
452,A recent report said the district police recovered stolen property following an arrest. Police said the investigation is continuing. Investigators are examining evidence and questioning people connected with the case.,Crime
453,"In a latest development, Aamir Khan promoted the upcoming movie at the audio launch. The announcement generated strong interest among movie audiences. Fans discussed the trailer and upcoming release.",Cinema
454,"In the latest update, customs officials launched an investigation following an arrest. Police said the investigation is continuing. Investigators are examining evidence and questioning people connected with the case.",Crime
455,Officials said the cyber crime unit examined CCTV footage after a robbery was reported. Police said the investigation is continuing. Investigators are examining evidence and questioning people connected with the case.,Crime
456,"In a latest development, Aamir Khan received praise for the performance at the audio launch. The announcement generated strong interest among movie audiences. Fans discussed the trailer and upcoming release.",Cinema
457,A recent report said the coastal research team examined coastal changes in a rapidly growing city. Researchers said the findings could help regional planning. Scientists used maps and field observations for the analysis.,Geography
458,New information shows that law enforcement officials recovered stolen property after a robbery was reported. Police said the investigation is continuing. Investigators are examining evidence and questioning people connected with the case.,Crime
459,"In a latest development, the satellite launch team launched a spacecraft during a rocket launch. Scientists said the observations could improve understanding of the universe. The mission is expected to provide valuable scientific data.",Space
460,"In a latest development, the legislative assembly announced a new policy at an election rally. The proposal will be discussed by elected representatives. The decision is expected to become an important public issue.",Political
461,New information shows that investigators launched an investigation after a robbery was reported. Police said the investigation is continuing. Investigators are examining evidence and questioning people connected with the case.,Crime
462,Officials said India cricket team recorded a century during an international football match. The coach praised the player's fitness and tactical performance. Fans discussed the result after the final whistle.,Sports
463,New information shows that Real Madrid was selected for the squad during an international football match. The coach praised the player's fitness and tactical performance. Fans discussed the result after the final whistle.,Sports
464,A recent report said Brazil football team set a new record after a closely fought contest. The coach praised the player's fitness and tactical performance. Fans discussed the result after the final whistle.,Sports
465,"According to a new report, Virat Kohli set a new record during an international football match. The coach praised the player's fitness and tactical performance. Fans discussed the result after the final whistle.",Sports
466,"According to a new report, investigators examined CCTV footage after a robbery was reported. Police said the investigation is continuing. Investigators are examining evidence and questioning people connected with the case.",Crime
467,"In the latest update, Mani Ratnam shared details about the screenplay at the audio launch. The announcement generated strong interest among movie audiences. Fans discussed the trailer and upcoming release.",Cinema
468,New information shows that the river basin study team mapped a river basin across southern India. Researchers said the findings could help regional planning. Scientists used maps and field observations for the analysis.,Geography
469,A recent report said Aamir Khan revealed the first look at the audio launch. The announcement generated strong interest among movie audiences. Fans discussed the trailer and upcoming release.,Cinema
470,Officials said the foreign minister discussed bilateral relations during a parliamentary session. The proposal will be discussed by elected representatives. The decision is expected to become an important public issue.,Political
471,A recent report said city police arrested a suspect following an arrest. Police said the investigation is continuing. Investigators are examining evidence and questioning people connected with the case.,Crime
472,"According to a new report, India cricket team recorded a century during an international football match. The coach praised the player's fitness and tactical performance. Fans discussed the result after the final whistle.",Sports
473,"In a latest development, researchers analyzed geographic features in a rapidly growing city. Researchers said the findings could help regional planning. Scientists used maps and field observations for the analysis.",Geography
474,"In the latest update, cartographers analyzed geographic features in a rapidly growing city. Researchers said the findings could help regional planning. Scientists used maps and field observations for the analysis.",Geography
475,Officials said the anti-narcotics team arrested a suspect after a robbery was reported. Police said the investigation is continuing. Investigators are examining evidence and questioning people connected with the case.,Crime
476,A recent report said Prabhas announced a new movie at the audio launch. The announcement generated strong interest among movie audiences. Fans discussed the trailer and upcoming release.,Cinema
477,"According to a new report, the local police department launched an investigation after a robbery was reported. Police said the investigation is continuing. Investigators are examining evidence and questioning people connected with the case.",Crime
478,A recent report said Aamir Khan promoted the upcoming movie at the audio launch. The announcement generated strong interest among movie audiences. Fans discussed the trailer and upcoming release.,Cinema
479,"In the latest update, SpaceX engineers announced a lunar mission during a rocket launch. Scientists said the observations could improve understanding of the universe. The mission is expected to provide valuable scientific data.",Space
480,Officials said the cyber crime unit examined CCTV footage after a robbery was reported. Police said the investigation is continuing. Investigators are examining evidence and questioning people connected with the case.,Crime
481,Officials said the election campaign addressed parliament during a parliamentary session. The proposal will be discussed by elected representatives. The decision is expected to become an important public issue.,Political
482,A recent report said ISRO scientists prepared astronauts for a mission during a rocket launch. Scientists said the observations could improve understanding of the universe. The mission is expected to provide valuable scientific data.,Space
483,"According to a new report, environmental scientists examined soil distribution across southern India. Researchers said the findings could help regional planning. Scientists used maps and field observations for the analysis.",Geography
484,Officials said mapping experts mapped a river basin across southern India. Researchers said the findings could help regional planning. Scientists used maps and field observations for the analysis.,Geography
485,New information shows that Ajith Kumar shared details about the screenplay for the upcoming Tamil film. The announcement generated strong interest among movie audiences. Fans discussed the trailer and upcoming release.,Cinema
486,"In the latest update, the opposition party announced a new policy at an election rally. The proposal will be discussed by elected representatives. The decision is expected to become an important public issue.",Political
487,New information shows that the satellite launch team launched a spacecraft during a space mission. Scientists said the observations could improve understanding of the universe. The mission is expected to provide valuable scientific data.,Space
488,A recent report said government officials presented a budget proposal at an election rally. The proposal will be discussed by elected representatives. The decision is expected to become an important public issue.,Political
489,"In a latest development, the legislative assembly announced a new policy at an election rally. The proposal will be discussed by elected representatives. The decision is expected to become an important public issue.",Political
490,New information shows that astronauts prepared astronauts for a mission during a space mission. Scientists said the observations could improve understanding of the universe. The mission is expected to provide valuable scientific data.,Space
491,Officials said PV Sindhu scored a decisive goal during an international football match. The coach praised the player's fitness and tactical performance. Fans discussed the result after the final whistle.,Sports
492,"According to a new report, environmental scientists examined soil distribution across southern India. Researchers said the findings could help regional planning. Scientists used maps and field observations for the analysis.",Geography
493,"In a latest development, the finance minister presented a budget proposal at an election rally. The proposal will be discussed by elected representatives. The decision is expected to become an important public issue.",Political
494,"According to a new report, the local police department launched an investigation after a robbery was reported. Police said the investigation is continuing. Investigators are examining evidence and questioning people connected with the case.",Crime
495,New information shows that crime branch officers arrested a suspect after a robbery was reported. Police said the investigation is continuing. Investigators are examining evidence and questioning people connected with the case.,Crime
496,"In a latest development, researchers analyzed geographic features in a rapidly growing city. Researchers said the findings could help regional planning. Scientists used maps and field observations for the analysis.",Geography
497,"In the latest update, the prosecution uncovered a fraud operation following an arrest. Police said the investigation is continuing. Investigators are examining evidence and questioning people connected with the case.",Crime
498,A recent report said Suriya announced a new movie at the audio launch. The announcement generated strong interest among movie audiences. Fans discussed the trailer and upcoming release.,Cinema
499,"According to a new report, ESA completed a spaceflight test during a space mission. Scientists said the observations could improve understanding of the universe. The mission is expected to provide valuable scientific data.",Space
500,"In a latest development, astronomers completed a spaceflight test during a rocket launch. Scientists said the observations could improve understanding of the universe. The mission is expected to provide valuable scientific data.",Space
501,"According to a new report, geographic information scientists analyzed geographic features across southern India. Researchers said the findings could help regional planning. Scientists used maps and field observations for the analysis.",Geography
502,New information shows that the satellite launch team launched a spacecraft during a space mission. Scientists said the observations could improve understanding of the universe. The mission is expected to provide valuable scientific data.,Space
503,New information shows that the legislative assembly announced a new policy during a parliamentary session. The proposal will be discussed by elected representatives. The decision is expected to become an important public issue.,Political
504,A recent report said Kamal Haasan revealed the first look at the audio launch. The announcement generated strong interest among movie audiences. Fans discussed the trailer and upcoming release.,Cinema
505,"According to a new report, MS Dhoni was selected for the squad during an international football match. The coach praised the player's fitness and tactical performance. Fans discussed the result after the final whistle.",Sports
506,"In a latest development, political leaders reviewed government programmes at an election rally. The proposal will be discussed by elected representatives. The decision is expected to become an important public issue.",Political
507,A recent report said detectives uncovered a fraud operation following an arrest. Police said the investigation is continuing. Investigators are examining evidence and questioning people connected with the case.,Crime
508,New information shows that astronomers completed a spaceflight test during a space mission. Scientists said the observations could improve understanding of the universe. The mission is expected to provide valuable scientific data.,Space
509,A recent report said ESA completed a spaceflight test during a rocket launch. Scientists said the observations could improve understanding of the universe. The mission is expected to provide valuable scientific data.,Space
510,Officials said the Parliament presented a budget proposal during a parliamentary session. The proposal will be discussed by elected representatives. The decision is expected to become an important public issue.,Political
511,Officials said SpaceX prepared astronauts for a mission during a space mission. Scientists said the observations could improve understanding of the universe. The mission is expected to provide valuable scientific data.,Space
512,"According to a new report, geographic information scientists analyzed geographic features across southern India. Researchers said the findings could help regional planning. Scientists used maps and field observations for the analysis.",Geography
513,"According to a new report, Cristiano Ronaldo scored a decisive goal during an international football match. The coach praised the player's fitness and tactical performance. Fans discussed the result after the final whistle.",Sports
514,New information shows that investigators launched an investigation after a robbery was reported. Police said the investigation is continuing. Investigators are examining evidence and questioning people connected with the case.,Crime
515,A recent report said environmental scientists examined soil distribution in a rapidly growing city. Researchers said the findings could help regional planning. Scientists used maps and field observations for the analysis.,Geography
516,New information shows that astronauts prepared astronauts for a mission during a space mission. Scientists said the observations could improve understanding of the universe. The mission is expected to provide valuable scientific data.,Space
517,"In a latest development, Prabhas shared details about the screenplay at the audio launch. The announcement generated strong interest among movie audiences. Fans discussed the trailer and upcoming release.",Cinema
518,A recent report said ISRO scientists prepared astronauts for a mission during a rocket launch. Scientists said the observations could improve understanding of the universe. The mission is expected to provide valuable scientific data.,Space
519,Officials said mapping experts mapped a river basin across southern India. Researchers said the findings could help regional planning. Scientists used maps and field observations for the analysis.,Geography
520,"In a latest development, Mani Ratnam revealed the first look at the audio launch. The announcement generated strong interest among movie audiences. Fans discussed the trailer and upcoming release.",Cinema
521,"According to a new report, NASA launched a spacecraft during a space mission. Scientists said the observations could improve understanding of the universe. The mission is expected to provide valuable scientific data.",Space
522,"In the latest update, urban planners examined soil distribution in a rapidly growing city. Researchers said the findings could help regional planning. Scientists used maps and field observations for the analysis.",Geography
523,Officials said Allu Arjun announced a new movie for the upcoming Tamil film. The announcement generated strong interest among movie audiences. Fans discussed the trailer and upcoming release.,Cinema
524,"In a latest development, Vijay shared details about the screenplay at the audio launch. The announcement generated strong interest among movie audiences. Fans discussed the trailer and upcoming release.",Cinema
525,Officials said the film production team promoted the upcoming movie for the upcoming Tamil film. The announcement generated strong interest among movie audiences. Fans discussed the trailer and upcoming release.,Cinema
526,"In a latest development, court officials uncovered a fraud operation following an arrest. Police said the investigation is continuing. Investigators are examining evidence and questioning people connected with the case.",Crime
527,New information shows that India cricket team recorded a century during an international football match. The coach praised the player's fitness and tactical performance. Fans discussed the result after the final whistle.,Sports
528,"According to a new report, ISRO scientists prepared astronauts for a mission during a space mission. Scientists said the observations could improve understanding of the universe. The mission is expected to provide valuable scientific data.",Space
529,Officials said the film production team received praise for the performance for the upcoming Tamil film. The announcement generated strong interest among movie audiences. Fans discussed the trailer and upcoming release.,Cinema
530,"In a latest development, the lead actor promoted the upcoming movie at the audio launch. The announcement generated strong interest among movie audiences. Fans discussed the trailer and upcoming release.",Cinema
531,"According to a new report, India cricket team recorded a century during an international football match. The coach praised the player's fitness and tactical performance. Fans discussed the result after the final whistle.",Sports
532,A recent report said ESA completed a spaceflight test during a rocket launch. Scientists said the observations could improve understanding of the universe. The mission is expected to provide valuable scientific data.,Space
533,"In a latest development, Mani Ratnam received praise for the performance at the audio launch. The announcement generated strong interest among movie audiences. Fans discussed the trailer and upcoming release.",Cinema
534,"In a latest development, political leaders reviewed government programmes at an election rally. The proposal will be discussed by elected representatives. The decision is expected to become an important public issue.",Political
535,Officials said urban planners examined soil distribution across southern India. Researchers said the findings could help regional planning. Scientists used maps and field observations for the analysis.,Geography
536,"According to a new report, Indian space scientists announced a lunar mission during a space mission. Scientists said the observations could improve understanding of the universe. The mission is expected to provide valuable scientific data.",Space
537,"In a latest development, the Chief Minister addressed parliament at an election rally. The proposal will be discussed by elected representatives. The decision is expected to become an important public issue.",Political
538,A recent report said Vijay announced a new movie at the audio launch. The announcement generated strong interest among movie audiences. Fans discussed the trailer and upcoming release.,Cinema
539,"In the latest update, the foreign minister discussed bilateral relations at an election rally. The proposal will be discussed by elected representatives. The decision is expected to become an important public issue.",Political
540,"In a latest development, the river basin study team mapped a river basin in a rapidly growing city. Researchers said the findings could help regional planning. Scientists used maps and field observations for the analysis.",Geography
541,"In the latest update, the lead actor received praise for the performance at the audio launch. The announcement generated strong interest among movie audiences. Fans discussed the trailer and upcoming release.",Cinema
542,"In the latest update, the geographical survey team studied land use patterns in a rapidly growing city. Researchers said the findings could help regional planning. Scientists used maps and field observations for the analysis.",Geography
543,"According to a new report, members of parliament discussed bilateral relations during a parliamentary session. The proposal will be discussed by elected representatives. The decision is expected to become an important public issue.",Political
544,"In the latest update, the geographical survey team studied land use patterns in a rapidly growing city. Researchers said the findings could help regional planning. Scientists used maps and field observations for the analysis.",Geography
545,A recent report said the coastal research team examined coastal changes in a rapidly growing city. Researchers said the findings could help regional planning. Scientists used maps and field observations for the analysis.,Geography
546,"In a latest development, the James Webb Space Telescope studied an asteroid during a rocket launch. Scientists said the observations could improve understanding of the universe. The mission is expected to provide valuable scientific data.",Space
547,A recent report said the lead actor revealed the first look at the audio launch. The announcement generated strong interest among movie audiences. Fans discussed the trailer and upcoming release.,Cinema
548,Officials said the anti-narcotics team arrested a suspect after a robbery was reported. Police said the investigation is continuing. Investigators are examining evidence and questioning people connected with the case.,Crime
549,"According to a new report, investigators examined CCTV footage after a robbery was reported. Police said the investigation is continuing. Investigators are examining evidence and questioning people connected with the case.",Crime
550,New information shows that Lokesh Kanagaraj announced a new movie for the upcoming Tamil film. The announcement generated strong interest among movie audiences. Fans discussed the trailer and upcoming release.,Cinema
551,New information shows that investigators launched an investigation after a robbery was reported. Police said the investigation is continuing. Investigators are examining evidence and questioning people connected with the case.,Crime
552,"According to a new report, Carlos Alcaraz signed a new contract during an international football match. The coach praised the player's fitness and tactical performance. Fans discussed the result after the final whistle.",Sports
553,"In a latest development, climate researchers examined coastal changes in a rapidly growing city. Researchers said the findings could help regional planning. Scientists used maps and field observations for the analysis.",Geography
554,A recent report said the Mars exploration team studied an asteroid during a rocket launch. Scientists said the observations could improve understanding of the universe. The mission is expected to provide valuable scientific data.,Space
555,"According to a new report, the local police department launched an investigation after a robbery was reported. Police said the investigation is continuing. Investigators are examining evidence and questioning people connected with the case.",Crime
556,"In the latest update, LeBron James recorded a century after a closely fought contest. The coach praised the player's fitness and tactical performance. Fans discussed the result after the final whistle.",Sports
557,"According to a new report, government officials presented a budget proposal during a parliamentary session. The proposal will be discussed by elected representatives. The decision is expected to become an important public issue.",Political
558,Officials said urban planners examined soil distribution across southern India. Researchers said the findings could help regional planning. Scientists used maps and field observations for the analysis.,Geography
559,"According to a new report, the Mars exploration team studied an asteroid during a space mission. Scientists said the observations could improve understanding of the universe. The mission is expected to provide valuable scientific data.",Space
560,Officials said the cabinet reviewed government programmes during a parliamentary session. The proposal will be discussed by elected representatives. The decision is expected to become an important public issue.,Political
561,"In the latest update, security officers recovered stolen property following an arrest. Police said the investigation is continuing. Investigators are examining evidence and questioning people connected with the case.",Crime
562,"In the latest update, security officers recovered stolen property following an arrest. Police said the investigation is continuing. Investigators are examining evidence and questioning people connected with the case.",Crime
563,"In the latest update, mapping experts mapped a river basin in a rapidly growing city. Researchers said the findings could help regional planning. Scientists used maps and field observations for the analysis.",Geography
564,A recent report said Mumbai Indians was selected for the squad after a closely fought contest. The coach praised the player's fitness and tactical performance. Fans discussed the result after the final whistle.,Sports
565,New information shows that astronauts prepared astronauts for a mission during a space mission. Scientists said the observations could improve understanding of the universe. The mission is expected to provide valuable scientific data.,Space
566,New information shows that the Chief Minister addressed parliament during a parliamentary session. The proposal will be discussed by elected representatives. The decision is expected to become an important public issue.,Political
567,"In the latest update, security officers recovered stolen property following an arrest. Police said the investigation is continuing. Investigators are examining evidence and questioning people connected with the case.",Crime
568,"In the latest update, Nayanthara received praise for the performance at the audio launch. The announcement generated strong interest among movie audiences. Fans discussed the trailer and upcoming release.",Cinema
569,"In a latest development, astronauts prepared astronauts for a mission during a rocket launch. Scientists said the observations could improve understanding of the universe. The mission is expected to provide valuable scientific data.",Space
570,New information shows that the Chief Minister addressed parliament during a parliamentary session. The proposal will be discussed by elected representatives. The decision is expected to become an important public issue.,Political
571,New information shows that the film production team received praise for the performance for the upcoming Tamil film. The announcement generated strong interest among movie audiences. Fans discussed the trailer and upcoming release.,Cinema
572,A recent report said the ruling party addressed parliament at an election rally. The proposal will be discussed by elected representatives. The decision is expected to become an important public issue.,Political
573,"In a latest development, astronomers completed a spaceflight test during a rocket launch. Scientists said the observations could improve understanding of the universe. The mission is expected to provide valuable scientific data.",Space
574,A recent report said the local police department launched an investigation following an arrest. Police said the investigation is continuing. Investigators are examining evidence and questioning people connected with the case.,Crime
575,"According to a new report, members of parliament discussed bilateral relations during a parliamentary session. The proposal will be discussed by elected representatives. The decision is expected to become an important public issue.",Political
576,"In a latest development, the Chief Minister addressed parliament at an election rally. The proposal will be discussed by elected representatives. The decision is expected to become an important public issue.",Political
577,"In a latest development, forensic investigators examined CCTV footage following an arrest. Police said the investigation is continuing. Investigators are examining evidence and questioning people connected with the case.",Crime
578,A recent report said the district police recovered stolen property following an arrest. Police said the investigation is continuing. Investigators are examining evidence and questioning people connected with the case.,Crime
579,"In the latest update, security officers recovered stolen property following an arrest. Police said the investigation is continuing. Investigators are examining evidence and questioning people connected with the case.",Crime
580,New information shows that PV Sindhu scored a decisive goal during an international football match. The coach praised the player's fitness and tactical performance. Fans discussed the result after the final whistle.,Sports
581,"In a latest development, political leaders reviewed government programmes at an election rally. The proposal will be discussed by elected representatives. The decision is expected to become an important public issue.",Political
582,"In a latest development, Suriya announced a new movie at the audio launch. The announcement generated strong interest among movie audiences. Fans discussed the trailer and upcoming release.",Cinema
583,"In a latest development, Rohit Sharma signed a new contract after a closely fought contest. The coach praised the player's fitness and tactical performance. Fans discussed the result after the final whistle.",Sports
584,"In a latest development, crime branch officers arrested a suspect following an arrest. Police said the investigation is continuing. Investigators are examining evidence and questioning people connected with the case.",Crime
585,A recent report said Mumbai Indians was selected for the squad after a closely fought contest. The coach praised the player's fitness and tactical performance. Fans discussed the result after the final whistle.,Sports
586,"In a latest development, the finance minister presented a budget proposal at an election rally. The proposal will be discussed by elected representatives. The decision is expected to become an important public issue.",Political
587,New information shows that India cricket team recorded a century during an international football match. The coach praised the player's fitness and tactical performance. Fans discussed the result after the final whistle.,Sports
588,"According to a new report, government officials presented a budget proposal during a parliamentary session. The proposal will be discussed by elected representatives. The decision is expected to become an important public issue.",Political
589,A recent report said ESA completed a spaceflight test during a rocket launch. Scientists said the observations could improve understanding of the universe. The mission is expected to provide valuable scientific data.,Space
590,A recent report said environmental scientists examined soil distribution in a rapidly growing city. Researchers said the findings could help regional planning. Scientists used maps and field observations for the analysis.,Geography
591,A recent report said the Prime Minister announced a new policy at an election rally. The proposal will be discussed by elected representatives. The decision is expected to become an important public issue.,Political
592,New information shows that court officials uncovered a fraud operation after a robbery was reported. Police said the investigation is continuing. Investigators are examining evidence and questioning people connected with the case.,Crime
593,"According to a new report, environmental scientists examined soil distribution across southern India. Researchers said the findings could help regional planning. Scientists used maps and field observations for the analysis.",Geography
594,"According to a new report, India cricket team recorded a century during an international football match. The coach praised the player's fitness and tactical performance. Fans discussed the result after the final whistle.",Sports
595,"According to a new report, ISRO scientists prepared astronauts for a mission during a space mission. Scientists said the observations could improve understanding of the universe. The mission is expected to provide valuable scientific data.",Space
596,"In the latest update, the election campaign addressed parliament at an election rally. The proposal will be discussed by elected representatives. The decision is expected to become an important public issue.",Political
597,New information shows that investigators launched an investigation after a robbery was reported. Police said the investigation is continuing. Investigators are examining evidence and questioning people connected with the case.,Crime
598,"In a latest development, the state government discussed bilateral relations at an election rally. The proposal will be discussed by elected representatives. The decision is expected to become an important public issue.",Political
599,Officials said earth scientists examined coastal changes across southern India. Researchers said the findings could help regional planning. Scientists used maps and field observations for the analysis.,Geography
600,Officials said the opposition party announced a new policy during a parliamentary session. The proposal will be discussed by elected representatives. The decision is expected to become an important public issue.,Political
601,"In a latest development, the lead actor promoted the upcoming movie at the audio launch. The announcement generated strong interest among movie audiences. Fans discussed the trailer and upcoming release.",Cinema
602,A recent report said the Prime Minister announced a new policy at an election rally. The proposal will be discussed by elected representatives. The decision is expected to become an important public issue.,Political
603,"In the latest update, the foreign minister discussed bilateral relations at an election rally. The proposal will be discussed by elected representatives. The decision is expected to become an important public issue.",Political
604,"In the latest update, urban planners examined soil distribution in a rapidly growing city. Researchers said the findings could help regional planning. Scientists used maps and field observations for the analysis.",Geography
605,"In a latest development, astronauts prepared astronauts for a mission during a rocket launch. Scientists said the observations could improve understanding of the universe. The mission is expected to provide valuable scientific data.",Space
606,New information shows that law enforcement officials recovered stolen property after a robbery was reported. Police said the investigation is continuing. Investigators are examining evidence and questioning people connected with the case.,Crime
607,New information shows that astronomers completed a spaceflight test during a space mission. Scientists said the observations could improve understanding of the universe. The mission is expected to provide valuable scientific data.,Space
608,"In a latest development, the state government discussed bilateral relations at an election rally. The proposal will be discussed by elected representatives. The decision is expected to become an important public issue.",Political
609,Officials said India cricket team recorded a century during an international football match. The coach praised the player's fitness and tactical performance. Fans discussed the result after the final whistle.,Sports
610,New information shows that astronomers completed a spaceflight test during a space mission. Scientists said the observations could improve understanding of the universe. The mission is expected to provide valuable scientific data.,Space
611,New information shows that Real Madrid was selected for the squad during an international football match. The coach praised the player's fitness and tactical performance. Fans discussed the result after the final whistle.,Sports
612,"According to a new report, ISRO scientists prepared astronauts for a mission during a space mission. Scientists said the observations could improve understanding of the universe. The mission is expected to provide valuable scientific data.",Space
613,"In a latest development, Jude Bellingham scored a decisive goal after a closely fought contest. The coach praised the player's fitness and tactical performance. Fans discussed the result after the final whistle.",Sports
614,Officials said the prosecution uncovered a fraud operation after a robbery was reported. Police said the investigation is continuing. Investigators are examining evidence and questioning people connected with the case.,Crime
615,Officials said the opposition party announced a new policy during a parliamentary session. The proposal will be discussed by elected representatives. The decision is expected to become an important public issue.,Political
616,"In the latest update, SpaceX prepared astronauts for a mission during a rocket launch. Scientists said the observations could improve understanding of the universe. The mission is expected to provide valuable scientific data.",Space
617,"In the latest update, Brazil football team set a new record after a closely fought contest. The coach praised the player's fitness and tactical performance. Fans discussed the result after the final whistle.",Sports
618,New information shows that political leaders reviewed government programmes during a parliamentary session. The proposal will be discussed by elected representatives. The decision is expected to become an important public issue.,Political
619,"According to a new report, environmental scientists examined soil distribution across southern India. Researchers said the findings could help regional planning. Scientists used maps and field observations for the analysis.",Geography
620,Officials said earth scientists examined coastal changes across southern India. Researchers said the findings could help regional planning. Scientists used maps and field observations for the analysis.,Geography
621,New information shows that the satellite launch team launched a spacecraft during a space mission. Scientists said the observations could improve understanding of the universe. The mission is expected to provide valuable scientific data.,Space
622,New information shows that investigators launched an investigation after a robbery was reported. Police said the investigation is continuing. Investigators are examining evidence and questioning people connected with the case.,Crime
623,A recent report said the district police recovered stolen property following an arrest. Police said the investigation is continuing. Investigators are examining evidence and questioning people connected with the case.,Crime
624,"In the latest update, the prosecution uncovered a fraud operation following an arrest. Police said the investigation is continuing. Investigators are examining evidence and questioning people connected with the case.",Crime
625,A recent report said Kamal Haasan shared details about the screenplay at the audio launch. The announcement generated strong interest among movie audiences. Fans discussed the trailer and upcoming release.,Cinema
626,Officials said the foreign minister discussed bilateral relations during a parliamentary session. The proposal will be discussed by elected representatives. The decision is expected to become an important public issue.,Political
627,Officials said Dhanush shared details about the screenplay for the upcoming Tamil film. The announcement generated strong interest among movie audiences. Fans discussed the trailer and upcoming release.,Cinema
628,Officials said the election campaign addressed parliament during a parliamentary session. The proposal will be discussed by elected representatives. The decision is expected to become an important public issue.,Political
629,A recent report said NASA launched a spacecraft during a rocket launch. Scientists said the observations could improve understanding of the universe. The mission is expected to provide valuable scientific data.,Space
630,New information shows that Kylian Mbappe recorded a century during an international football match. The coach praised the player's fitness and tactical performance. Fans discussed the result after the final whistle.,Sports
631,"In the latest update, Suriya shared details about the screenplay at the audio launch. The announcement generated strong interest among movie audiences. Fans discussed the trailer and upcoming release.",Cinema
632,A recent report said the coastal research team examined coastal changes in a rapidly growing city. Researchers said the findings could help regional planning. Scientists used maps and field observations for the analysis.,Geography
633,"According to a new report, Ajith Kumar promoted the upcoming movie for the upcoming Tamil film. The announcement generated strong interest among movie audiences. Fans discussed the trailer and upcoming release.",Cinema
634,"In a latest development, Novak Djokovic set a new record after a closely fought contest. The coach praised the player's fitness and tactical performance. Fans discussed the result after the final whistle.",Sports
635,New information shows that the finance minister presented a budget proposal during a parliamentary session. The proposal will be discussed by elected representatives. The decision is expected to become an important public issue.,Political
636,New information shows that Ajith Kumar revealed the first look for the upcoming Tamil film. The announcement generated strong interest among movie audiences. Fans discussed the trailer and upcoming release.,Cinema
637,"According to a new report, the Prime Minister announced a new policy during a parliamentary session. The proposal will be discussed by elected representatives. The decision is expected to become an important public issue.",Political
638,"According to a new report, the local police department launched an investigation after a robbery was reported. Police said the investigation is continuing. Investigators are examining evidence and questioning people connected with the case.",Crime
639,"In the latest update, Aamir Khan revealed the first look at the audio launch. The announcement generated strong interest among movie audiences. Fans discussed the trailer and upcoming release.",Cinema
640,New information shows that the state government discussed bilateral relations during a parliamentary session. The proposal will be discussed by elected representatives. The decision is expected to become an important public issue.,Political
641,New information shows that the state government discussed bilateral relations during a parliamentary session. The proposal will be discussed by elected representatives. The decision is expected to become an important public issue.,Political
642,New information shows that astronauts prepared astronauts for a mission during a space mission. Scientists said the observations could improve understanding of the universe. The mission is expected to provide valuable scientific data.,Space
643,"In a latest development, Nayanthara received praise for the performance at the audio launch. The announcement generated strong interest among movie audiences. Fans discussed the trailer and upcoming release.",Cinema
644,New information shows that ISRO announced a lunar mission during a space mission. Scientists said the observations could improve understanding of the universe. The mission is expected to provide valuable scientific data.,Space
645,Officials said the Parliament presented a budget proposal during a parliamentary session. The proposal will be discussed by elected representatives. The decision is expected to become an important public issue.,Political
646,Officials said the European Space Agency studied an asteroid during a space mission. Scientists said the observations could improve understanding of the universe. The mission is expected to provide valuable scientific data.,Space
647,"According to a new report, city police arrested a suspect after a robbery was reported. Police said the investigation is continuing. Investigators are examining evidence and questioning people connected with the case.",Crime
648,"In the latest update, Aamir Khan shared details about the screenplay at the audio launch. The announcement generated strong interest among movie audiences. Fans discussed the trailer and upcoming release.",Cinema
649,New information shows that investigators launched an investigation after a robbery was reported. Police said the investigation is continuing. Investigators are examining evidence and questioning people connected with the case.,Crime
650,New information shows that climate researchers examined coastal changes across southern India. Researchers said the findings could help regional planning. Scientists used maps and field observations for the analysis.,Geography
651,New information shows that investigators launched an investigation after a robbery was reported. Police said the investigation is continuing. Investigators are examining evidence and questioning people connected with the case.,Crime
652,"In the latest update, customs officials launched an investigation following an arrest. Police said the investigation is continuing. Investigators are examining evidence and questioning people connected with the case.",Crime
653,Officials said customs officials launched an investigation after a robbery was reported. Police said the investigation is continuing. Investigators are examining evidence and questioning people connected with the case.,Crime
654,"According to a new report, geographic information scientists analyzed geographic features across southern India. Researchers said the findings could help regional planning. Scientists used maps and field observations for the analysis.",Geography
655,"According to a new report, the film production team promoted the upcoming movie for the upcoming Tamil film. The announcement generated strong interest among movie audiences. Fans discussed the trailer and upcoming release.",Cinema
656,New information shows that court officials uncovered a fraud operation after a robbery was reported. Police said the investigation is continuing. Investigators are examining evidence and questioning people connected with the case.,Crime
657,"In the latest update, the Parliament presented a budget proposal at an election rally. The proposal will be discussed by elected representatives. The decision is expected to become an important public issue.",Political
658,"In a latest development, ISRO announced a lunar mission during a rocket launch. Scientists said the observations could improve understanding of the universe. The mission is expected to provide valuable scientific data.",Space
659,"In a latest development, Aamir Khan shared details about the screenplay at the audio launch. The announcement generated strong interest among movie audiences. Fans discussed the trailer and upcoming release.",Cinema
660,"In a latest development, the state government discussed bilateral relations at an election rally. The proposal will be discussed by elected representatives. The decision is expected to become an important public issue.",Political
661,Officials said security officers recovered stolen property after a robbery was reported. Police said the investigation is continuing. Investigators are examining evidence and questioning people connected with the case.,Crime
662,A recent report said Jude Bellingham scored a decisive goal after a closely fought contest. The coach praised the player's fitness and tactical performance. Fans discussed the result after the final whistle.,Sports
663,Officials said the election campaign addressed parliament during a parliamentary session. The proposal will be discussed by elected representatives. The decision is expected to become an important public issue.,Political
664,A recent report said Rohit Sharma signed a new contract after a closely fought contest. The coach praised the player's fitness and tactical performance. Fans discussed the result after the final whistle.,Sports
665,"In a latest development, political leaders reviewed government programmes at an election rally. The proposal will be discussed by elected representatives. The decision is expected to become an important public issue.",Political
666,New information shows that Kylian Mbappe recorded a century during an international football match. The coach praised the player's fitness and tactical performance. Fans discussed the result after the final whistle.,Sports
667,Officials said SpaceX engineers announced a lunar mission during a space mission. Scientists said the observations could improve understanding of the universe. The mission is expected to provide valuable scientific data.,Space
668,New information shows that Carlos Alcaraz signed a new contract during an international football match. The coach praised the player's fitness and tactical performance. Fans discussed the result after the final whistle.,Sports
669,"According to a new report, the ruling party addressed parliament during a parliamentary session. The proposal will be discussed by elected representatives. The decision is expected to become an important public issue.",Political
670,New information shows that ISRO announced a lunar mission during a space mission. Scientists said the observations could improve understanding of the universe. The mission is expected to provide valuable scientific data.,Space
671,New information shows that crime branch officers arrested a suspect after a robbery was reported. Police said the investigation is continuing. Investigators are examining evidence and questioning people connected with the case.,Crime
672,"According to a new report, MS Dhoni was selected for the squad during an international football match. The coach praised the player's fitness and tactical performance. Fans discussed the result after the final whistle.",Sports
673,Officials said SpaceX engineers announced a lunar mission during a space mission. Scientists said the observations could improve understanding of the universe. The mission is expected to provide valuable scientific data.,Space
674,New information shows that Carlos Alcaraz signed a new contract during an international football match. The coach praised the player's fitness and tactical performance. Fans discussed the result after the final whistle.,Sports
675,New information shows that climate researchers examined coastal changes across southern India. Researchers said the findings could help regional planning. Scientists used maps and field observations for the analysis.,Geography
676,A recent report said the lead actor announced a new movie at the audio launch. The announcement generated strong interest among movie audiences. Fans discussed the trailer and upcoming release.,Cinema
677,A recent report said Mani Ratnam announced a new movie at the audio launch. The announcement generated strong interest among movie audiences. Fans discussed the trailer and upcoming release.,Cinema
678,"In a latest development, astronauts prepared astronauts for a mission during a rocket launch. Scientists said the observations could improve understanding of the universe. The mission is expected to provide valuable scientific data.",Space
679,Officials said Virat Kohli set a new record during an international football match. The coach praised the player's fitness and tactical performance. Fans discussed the result after the final whistle.,Sports
680,"In the latest update, the cyber crime unit examined CCTV footage following an arrest. Police said the investigation is continuing. Investigators are examining evidence and questioning people connected with the case.",Crime
681,New information shows that astronomers completed a spaceflight test during a space mission. Scientists said the observations could improve understanding of the universe. The mission is expected to provide valuable scientific data.,Space
682,New information shows that the Himalayan research group studied land use patterns across southern India. Researchers said the findings could help regional planning. Scientists used maps and field observations for the analysis.,Geography
683,New information shows that researchers analyzed geographic features across southern India. Researchers said the findings could help regional planning. Scientists used maps and field observations for the analysis.,Geography
684,"In a latest development, the legislative assembly announced a new policy at an election rally. The proposal will be discussed by elected representatives. The decision is expected to become an important public issue.",Political
685,A recent report said geographic information scientists analyzed geographic features in a rapidly growing city. Researchers said the findings could help regional planning. Scientists used maps and field observations for the analysis.,Geography
686,New information shows that ISRO announced a lunar mission during a space mission. Scientists said the observations could improve understanding of the universe. The mission is expected to provide valuable scientific data.,Space
687,"In a latest development, the climate monitoring team examined soil distribution in a rapidly growing city. Researchers said the findings could help regional planning. Scientists used maps and field observations for the analysis.",Geography
688,A recent report said investigators examined CCTV footage following an arrest. Police said the investigation is continuing. Investigators are examining evidence and questioning people connected with the case.,Crime
689,"In a latest development, Mani Ratnam promoted the upcoming movie at the audio launch. The announcement generated strong interest among movie audiences. Fans discussed the trailer and upcoming release.",Cinema
690,"In the latest update, Mani Ratnam revealed the first look at the audio launch. The announcement generated strong interest among movie audiences. Fans discussed the trailer and upcoming release.",Cinema
691,"In a latest development, Mumbai Indians was selected for the squad after a closely fought contest. The coach praised the player's fitness and tactical performance. Fans discussed the result after the final whistle.",Sports
692,"According to a new report, members of parliament discussed bilateral relations during a parliamentary session. The proposal will be discussed by elected representatives. The decision is expected to become an important public issue.",Political
693,"According to a new report, city police arrested a suspect after a robbery was reported. Police said the investigation is continuing. Investigators are examining evidence and questioning people connected with the case.",Crime
694,"In the latest update, NASA scientists launched a spacecraft during a rocket launch. Scientists said the observations could improve understanding of the universe. The mission is expected to provide valuable scientific data.",Space
695,"According to a new report, investigators examined CCTV footage after a robbery was reported. Police said the investigation is continuing. Investigators are examining evidence and questioning people connected with the case.",Crime
696,Officials said the Parliament presented a budget proposal during a parliamentary session. The proposal will be discussed by elected representatives. The decision is expected to become an important public issue.,Political
697,New information shows that Virat Kohli set a new record during an international football match. The coach praised the player's fitness and tactical performance. Fans discussed the result after the final whistle.,Sports
698,"In a latest development, the satellite launch team launched a spacecraft during a rocket launch. Scientists said the observations could improve understanding of the universe. The mission is expected to provide valuable scientific data.",Space
699,A recent report said Mani Ratnam shared details about the screenplay at the audio launch. The announcement generated strong interest among movie audiences. Fans discussed the trailer and upcoming release.,Cinema
700,"According to a new report, Stephen Curry set a new record during an international football match. The coach praised the player's fitness and tactical performance. Fans discussed the result after the final whistle.",Sports
701,"In the latest update, the European Space Agency studied an asteroid during a rocket launch. Scientists said the observations could improve understanding of the universe. The mission is expected to provide valuable scientific data.",Space
702,"In a latest development, the state government discussed bilateral relations at an election rally. The proposal will be discussed by elected representatives. The decision is expected to become an important public issue.",Political
703,New information shows that PV Sindhu scored a decisive goal during an international football match. The coach praised the player's fitness and tactical performance. Fans discussed the result after the final whistle.,Sports
704,"According to a new report, environmental scientists examined soil distribution across southern India. Researchers said the findings could help regional planning. Scientists used maps and field observations for the analysis.",Geography
705,Officials said the foreign minister discussed bilateral relations during a parliamentary session. The proposal will be discussed by elected representatives. The decision is expected to become an important public issue.,Political
706,Officials said SpaceX prepared astronauts for a mission during a space mission. Scientists said the observations could improve understanding of the universe. The mission is expected to provide valuable scientific data.,Space
707,Officials said Lokesh Kanagaraj shared details about the screenplay for the upcoming Tamil film. The announcement generated strong interest among movie audiences. Fans discussed the trailer and upcoming release.,Cinema
708,"In a latest development, political leaders reviewed government programmes at an election rally. The proposal will be discussed by elected representatives. The decision is expected to become an important public issue.",Political
709,"In the latest update, the foreign minister discussed bilateral relations at an election rally. The proposal will be discussed by elected representatives. The decision is expected to become an important public issue.",Political
710,"In the latest update, the European Space Agency studied an asteroid during a rocket launch. Scientists said the observations could improve understanding of the universe. The mission is expected to provide valuable scientific data.",Space
711,"In a latest development, astronomers completed a spaceflight test during a rocket launch. Scientists said the observations could improve understanding of the universe. The mission is expected to provide valuable scientific data.",Space
712,"In a latest development, researchers analyzed geographic features in a rapidly growing city. Researchers said the findings could help regional planning. Scientists used maps and field observations for the analysis.",Geography
713,"In the latest update, the prosecution uncovered a fraud operation following an arrest. Police said the investigation is continuing. Investigators are examining evidence and questioning people connected with the case.",Crime
714,"In the latest update, SpaceX engineers announced a lunar mission during a rocket launch. Scientists said the observations could improve understanding of the universe. The mission is expected to provide valuable scientific data.",Space
715,"According to a new report, the district police recovered stolen property after a robbery was reported. Police said the investigation is continuing. Investigators are examining evidence and questioning people connected with the case.",Crime
716,"In the latest update, SpaceX prepared astronauts for a mission during a rocket launch. Scientists said the observations could improve understanding of the universe. The mission is expected to provide valuable scientific data.",Space
717,New information shows that the Chief Minister addressed parliament during a parliamentary session. The proposal will be discussed by elected representatives. The decision is expected to become an important public issue.,Political
718,"In a latest development, astronauts prepared astronauts for a mission during a rocket launch. Scientists said the observations could improve understanding of the universe. The mission is expected to provide valuable scientific data.",Space
719,"In the latest update, the opposition party announced a new policy at an election rally. The proposal will be discussed by elected representatives. The decision is expected to become an important public issue.",Political
720,"In the latest update, the opposition party announced a new policy at an election rally. The proposal will be discussed by elected representatives. The decision is expected to become an important public issue.",Political
721,A recent report said ESA completed a spaceflight test during a rocket launch. Scientists said the observations could improve understanding of the universe. The mission is expected to provide valuable scientific data.,Space
722,"In the latest update, Lionel Messi recorded a century after a closely fought contest. The coach praised the player's fitness and tactical performance. Fans discussed the result after the final whistle.",Sports
723,"In the latest update, the cyber crime unit examined CCTV footage following an arrest. Police said the investigation is continuing. Investigators are examining evidence and questioning people connected with the case.",Crime
724,"According to a new report, Dhanush announced a new movie for the upcoming Tamil film. The announcement generated strong interest among movie audiences. Fans discussed the trailer and upcoming release.",Cinema
725,New information shows that India cricket team recorded a century during an international football match. The coach praised the player's fitness and tactical performance. Fans discussed the result after the final whistle.,Sports
726,"In the latest update, Mumbai Indians was selected for the squad after a closely fought contest. The coach praised the player's fitness and tactical performance. Fans discussed the result after the final whistle.",Sports
727,New information shows that astronauts prepared astronauts for a mission during a space mission. Scientists said the observations could improve understanding of the universe. The mission is expected to provide valuable scientific data.,Space
728,"In the latest update, the cabinet reviewed government programmes at an election rally. The proposal will be discussed by elected representatives. The decision is expected to become an important public issue.",Political
729,"According to a new report, Indian space scientists announced a lunar mission during a space mission. Scientists said the observations could improve understanding of the universe. The mission is expected to provide valuable scientific data.",Space
730,"In the latest update, Jude Bellingham scored a decisive goal after a closely fought contest. The coach praised the player's fitness and tactical performance. Fans discussed the result after the final whistle.",Sports
731,"According to a new report, the Election Commission reviewed government programmes during a parliamentary session. The proposal will be discussed by elected representatives. The decision is expected to become an important public issue.",Political
732,Officials said SpaceX engineers announced a lunar mission during a space mission. Scientists said the observations could improve understanding of the universe. The mission is expected to provide valuable scientific data.,Space
733,"In a latest development, climate researchers examined coastal changes in a rapidly growing city. Researchers said the findings could help regional planning. Scientists used maps and field observations for the analysis.",Geography
734,A recent report said investigators examined CCTV footage following an arrest. Police said the investigation is continuing. Investigators are examining evidence and questioning people connected with the case.,Crime
735,New information shows that ISRO announced a lunar mission during a space mission. Scientists said the observations could improve understanding of the universe. The mission is expected to provide valuable scientific data.,Space
736,New information shows that the Himalayan research group studied land use patterns across southern India. Researchers said the findings could help regional planning. Scientists used maps and field observations for the analysis.,Geography
737,Officials said mapping experts mapped a river basin across southern India. Researchers said the findings could help regional planning. Scientists used maps and field observations for the analysis.,Geography
738,"In the latest update, customs officials launched an investigation following an arrest. Police said the investigation is continuing. Investigators are examining evidence and questioning people connected with the case.",Crime
739,"In the latest update, Lionel Messi recorded a century after a closely fought contest. The coach praised the player's fitness and tactical performance. Fans discussed the result after the final whistle.",Sports
740,"In the latest update, Neeraj Chopra was selected for the squad after a closely fought contest. The coach praised the player's fitness and tactical performance. Fans discussed the result after the final whistle.",Sports
741,New information shows that the climate monitoring team examined soil distribution across southern India. Researchers said the findings could help regional planning. Scientists used maps and field observations for the analysis.,Geography
742,"According to a new report, ESA completed a spaceflight test during a space mission. Scientists said the observations could improve understanding of the universe. The mission is expected to provide valuable scientific data.",Space
743,"According to a new report, city police arrested a suspect after a robbery was reported. Police said the investigation is continuing. Investigators are examining evidence and questioning people connected with the case.",Crime
744,"In the latest update, Vijay revealed the first look at the audio launch. The announcement generated strong interest among movie audiences. Fans discussed the trailer and upcoming release.",Cinema
745,A recent report said Mumbai Indians was selected for the squad after a closely fought contest. The coach praised the player's fitness and tactical performance. Fans discussed the result after the final whistle.,Sports
746,"In a latest development, the James Webb Space Telescope studied an asteroid during a rocket launch. Scientists said the observations could improve understanding of the universe. The mission is expected to provide valuable scientific data.",Space
747,New information shows that researchers analyzed geographic features across southern India. Researchers said the findings could help regional planning. Scientists used maps and field observations for the analysis.,Geography
748,"According to a new report, the coastal research team examined coastal changes across southern India. Researchers said the findings could help regional planning. Scientists used maps and field observations for the analysis.",Geography
749,A recent report said investigators examined CCTV footage following an arrest. Police said the investigation is continuing. Investigators are examining evidence and questioning people connected with the case.,Crime
750,"In the latest update, the opposition party announced a new policy at an election rally. The proposal will be discussed by elected representatives. The decision is expected to become an important public issue.",Political
751,"In a latest development, the satellite launch team launched a spacecraft during a rocket launch. Scientists said the observations could improve understanding of the universe. The mission is expected to provide valuable scientific data.",Space
752,"In a latest development, astronauts prepared astronauts for a mission during a rocket launch. Scientists said the observations could improve understanding of the universe. The mission is expected to provide valuable scientific data.",Space
753,New information shows that Carlos Alcaraz signed a new contract during an international football match. The coach praised the player's fitness and tactical performance. Fans discussed the result after the final whistle.,Sports
754,"In a latest development, LeBron James recorded a century after a closely fought contest. The coach praised the player's fitness and tactical performance. Fans discussed the result after the final whistle.",Sports
755,A recent report said ISRO scientists prepared astronauts for a mission during a rocket launch. Scientists said the observations could improve understanding of the universe. The mission is expected to provide valuable scientific data.,Space
756,"In a latest development, Neeraj Chopra was selected for the squad after a closely fought contest. The coach praised the player's fitness and tactical performance. Fans discussed the result after the final whistle.",Sports
757,"According to a new report, the Mars exploration team studied an asteroid during a space mission. Scientists said the observations could improve understanding of the universe. The mission is expected to provide valuable scientific data.",Space
758,"According to a new report, Rajinikanth revealed the first look for the upcoming Tamil film. The announcement generated strong interest among movie audiences. Fans discussed the trailer and upcoming release.",Cinema
759,"In the latest update, Brazil football team set a new record after a closely fought contest. The coach praised the player's fitness and tactical performance. Fans discussed the result after the final whistle.",Sports
760,"In the latest update, the lead actor promoted the upcoming movie at the audio launch. The announcement generated strong interest among movie audiences. Fans discussed the trailer and upcoming release.",Cinema
761,"In a latest development, Rohit Sharma signed a new contract after a closely fought contest. The coach praised the player's fitness and tactical performance. Fans discussed the result after the final whistle.",Sports
762,"According to a new report, Allu Arjun received praise for the performance for the upcoming Tamil film. The announcement generated strong interest among movie audiences. Fans discussed the trailer and upcoming release.",Cinema
763,A recent report said ISRO scientists prepared astronauts for a mission during a rocket launch. Scientists said the observations could improve understanding of the universe. The mission is expected to provide valuable scientific data.,Space
764,"According to a new report, ISRO scientists prepared astronauts for a mission during a space mission. Scientists said the observations could improve understanding of the universe. The mission is expected to provide valuable scientific data.",Space
765,Officials said Stephen Curry set a new record during an international football match. The coach praised the player's fitness and tactical performance. Fans discussed the result after the final whistle.,Sports
766,"In the latest update, LeBron James recorded a century after a closely fought contest. The coach praised the player's fitness and tactical performance. Fans discussed the result after the final whistle.",Sports
767,"According to a new report, government officials presented a budget proposal during a parliamentary session. The proposal will be discussed by elected representatives. The decision is expected to become an important public issue.",Political
768,New information shows that PV Sindhu scored a decisive goal during an international football match. The coach praised the player's fitness and tactical performance. Fans discussed the result after the final whistle.,Sports
769,A recent report said detectives uncovered a fraud operation following an arrest. Police said the investigation is continuing. Investigators are examining evidence and questioning people connected with the case.,Crime
770,"In the latest update, the cabinet reviewed government programmes at an election rally. The proposal will be discussed by elected representatives. The decision is expected to become an important public issue.",Political
771,"In a latest development, the finance minister presented a budget proposal at an election rally. The proposal will be discussed by elected representatives. The decision is expected to become an important public issue.",Political
772,A recent report said NASA launched a spacecraft during a rocket launch. Scientists said the observations could improve understanding of the universe. The mission is expected to provide valuable scientific data.,Space
773,New information shows that the satellite launch team launched a spacecraft during a space mission. Scientists said the observations could improve understanding of the universe. The mission is expected to provide valuable scientific data.,Space
774,Officials said the foreign minister discussed bilateral relations during a parliamentary session. The proposal will be discussed by elected representatives. The decision is expected to become an important public issue.,Political
775,A recent report said NASA launched a spacecraft during a rocket launch. Scientists said the observations could improve understanding of the universe. The mission is expected to provide valuable scientific data.,Space
776,"In the latest update, cartographers analyzed geographic features in a rapidly growing city. Researchers said the findings could help regional planning. Scientists used maps and field observations for the analysis.",Geography
777,Officials said NASA scientists launched a spacecraft during a space mission. Scientists said the observations could improve understanding of the universe. The mission is expected to provide valuable scientific data.,Space
778,"In a latest development, Prabhas received praise for the performance at the audio launch. The announcement generated strong interest among movie audiences. Fans discussed the trailer and upcoming release.",Cinema
779,New information shows that Stephen Curry set a new record during an international football match. The coach praised the player's fitness and tactical performance. Fans discussed the result after the final whistle.,Sports
780,Officials said the cyber crime unit examined CCTV footage after a robbery was reported. Police said the investigation is continuing. Investigators are examining evidence and questioning people connected with the case.,Crime
781,A recent report said the Prime Minister announced a new policy at an election rally. The proposal will be discussed by elected representatives. The decision is expected to become an important public issue.,Political
782,"In the latest update, Rohit Sharma signed a new contract after a closely fought contest. The coach praised the player's fitness and tactical performance. Fans discussed the result after the final whistle.",Sports
783,"According to a new report, the Election Commission reviewed government programmes during a parliamentary session. The proposal will be discussed by elected representatives. The decision is expected to become an important public issue.",Political
784,"In a latest development, astronauts prepared astronauts for a mission during a rocket launch. Scientists said the observations could improve understanding of the universe. The mission is expected to provide valuable scientific data.",Space
785,"In a latest development, the satellite launch team launched a spacecraft during a rocket launch. Scientists said the observations could improve understanding of the universe. The mission is expected to provide valuable scientific data.",Space
786,"In the latest update, the foreign minister discussed bilateral relations at an election rally. The proposal will be discussed by elected representatives. The decision is expected to become an important public issue.",Political
787,New information shows that Dhanush revealed the first look for the upcoming Tamil film. The announcement generated strong interest among movie audiences. Fans discussed the trailer and upcoming release.,Cinema
788,"In a latest development, the Himalayan research group studied land use patterns in a rapidly growing city. Researchers said the findings could help regional planning. Scientists used maps and field observations for the analysis.",Geography
789,Officials said MS Dhoni was selected for the squad during an international football match. The coach praised the player's fitness and tactical performance. Fans discussed the result after the final whistle.,Sports
790,"In a latest development, astronauts prepared astronauts for a mission during a rocket launch. Scientists said the observations could improve understanding of the universe. The mission is expected to provide valuable scientific data.",Space
791,Officials said SpaceX engineers announced a lunar mission during a space mission. Scientists said the observations could improve understanding of the universe. The mission is expected to provide valuable scientific data.,Space
792,New information shows that investigators launched an investigation after a robbery was reported. Police said the investigation is continuing. Investigators are examining evidence and questioning people connected with the case.,Crime
793,Officials said Lokesh Kanagaraj announced a new movie for the upcoming Tamil film. The announcement generated strong interest among movie audiences. Fans discussed the trailer and upcoming release.,Cinema
794,A recent report said the district police recovered stolen property following an arrest. Police said the investigation is continuing. Investigators are examining evidence and questioning people connected with the case.,Crime
795,New information shows that the state government discussed bilateral relations during a parliamentary session. The proposal will be discussed by elected representatives. The decision is expected to become an important public issue.,Political
796,Officials said cartographers analyzed geographic features across southern India. Researchers said the findings could help regional planning. Scientists used maps and field observations for the analysis.,Geography
797,New information shows that climate researchers examined coastal changes across southern India. Researchers said the findings could help regional planning. Scientists used maps and field observations for the analysis.,Geography
798,Officials said Allu Arjun revealed the first look for the upcoming Tamil film. The announcement generated strong interest among movie audiences. Fans discussed the trailer and upcoming release.,Cinema
799,Officials said the opposition party announced a new policy during a parliamentary session. The proposal will be discussed by elected representatives. The decision is expected to become an important public issue.,Political
800,"In a latest development, astronauts prepared astronauts for a mission during a rocket launch. Scientists said the observations could improve understanding of the universe. The mission is expected to provide valuable scientific data.",Space
801,A recent report said Brazil football team set a new record after a closely fought contest. The coach praised the player's fitness and tactical performance. Fans discussed the result after the final whistle.,Sports
802,New information shows that Dhanush received praise for the performance for the upcoming Tamil film. The announcement generated strong interest among movie audiences. Fans discussed the trailer and upcoming release.,Cinema
803,"According to a new report, geographers mapped a river basin across southern India. Researchers said the findings could help regional planning. Scientists used maps and field observations for the analysis.",Geography
804,"In a latest development, the climate monitoring team examined soil distribution in a rapidly growing city. Researchers said the findings could help regional planning. Scientists used maps and field observations for the analysis.",Geography
805,"In the latest update, earth scientists examined coastal changes in a rapidly growing city. Researchers said the findings could help regional planning. Scientists used maps and field observations for the analysis.",Geography
806,"In the latest update, the cyber crime unit examined CCTV footage following an arrest. Police said the investigation is continuing. Investigators are examining evidence and questioning people connected with the case.",Crime
807,Officials said mapping experts mapped a river basin across southern India. Researchers said the findings could help regional planning. Scientists used maps and field observations for the analysis.,Geography
808,"In a latest development, astronomers completed a spaceflight test during a rocket launch. Scientists said the observations could improve understanding of the universe. The mission is expected to provide valuable scientific data.",Space
809,Officials said NASA scientists launched a spacecraft during a space mission. Scientists said the observations could improve understanding of the universe. The mission is expected to provide valuable scientific data.,Space
810,"According to a new report, city police arrested a suspect after a robbery was reported. Police said the investigation is continuing. Investigators are examining evidence and questioning people connected with the case.",Crime
811,Officials said the cyber crime unit examined CCTV footage after a robbery was reported. Police said the investigation is continuing. Investigators are examining evidence and questioning people connected with the case.,Crime
812,"In the latest update, Jude Bellingham scored a decisive goal after a closely fought contest. The coach praised the player's fitness and tactical performance. Fans discussed the result after the final whistle.",Sports
813,A recent report said geographic information scientists analyzed geographic features in a rapidly growing city. Researchers said the findings could help regional planning. Scientists used maps and field observations for the analysis.,Geography
814,A recent report said Novak Djokovic set a new record after a closely fought contest. The coach praised the player's fitness and tactical performance. Fans discussed the result after the final whistle.,Sports
815,"In a latest development, LeBron James recorded a century after a closely fought contest. The coach praised the player's fitness and tactical performance. Fans discussed the result after the final whistle.",Sports
816,A recent report said Arsenal signed a new contract after a closely fought contest. The coach praised the player's fitness and tactical performance. Fans discussed the result after the final whistle.,Sports
817,New information shows that forensic investigators examined CCTV footage after a robbery was reported. Police said the investigation is continuing. Investigators are examining evidence and questioning people connected with the case.,Crime
818,Officials said cartographers analyzed geographic features across southern India. Researchers said the findings could help regional planning. Scientists used maps and field observations for the analysis.,Geography
819,"In a latest development, the satellite launch team launched a spacecraft during a rocket launch. Scientists said the observations could improve understanding of the universe. The mission is expected to provide valuable scientific data.",Space
820,Officials said Ajith Kumar received praise for the performance for the upcoming Tamil film. The announcement generated strong interest among movie audiences. Fans discussed the trailer and upcoming release.,Cinema
821,"In the latest update, Aamir Khan shared details about the screenplay at the audio launch. The announcement generated strong interest among movie audiences. Fans discussed the trailer and upcoming release.",Cinema
822,A recent report said Nayanthara promoted the upcoming movie at the audio launch. The announcement generated strong interest among movie audiences. Fans discussed the trailer and upcoming release.,Cinema
823,Officials said the lunar mission team completed a spaceflight test during a space mission. Scientists said the observations could improve understanding of the universe. The mission is expected to provide valuable scientific data.,Space
824,A recent report said LeBron James recorded a century after a closely fought contest. The coach praised the player's fitness and tactical performance. Fans discussed the result after the final whistle.,Sports
825,A recent report said Suriya received praise for the performance at the audio launch. The announcement generated strong interest among movie audiences. Fans discussed the trailer and upcoming release.,Cinema
826,"In a latest development, the legislative assembly announced a new policy at an election rally. The proposal will be discussed by elected representatives. The decision is expected to become an important public issue.",Political
827,"In the latest update, security officers recovered stolen property following an arrest. Police said the investigation is continuing. Investigators are examining evidence and questioning people connected with the case.",Crime
828,"In the latest update, NASA scientists launched a spacecraft during a rocket launch. Scientists said the observations could improve understanding of the universe. The mission is expected to provide valuable scientific data.",Space
829,Officials said Shah Rukh Khan shared details about the screenplay for the upcoming Tamil film. The announcement generated strong interest among movie audiences. Fans discussed the trailer and upcoming release.,Cinema
830,A recent report said city police arrested a suspect following an arrest. Police said the investigation is continuing. Investigators are examining evidence and questioning people connected with the case.,Crime
831,New information shows that the Himalayan research group studied land use patterns across southern India. Researchers said the findings could help regional planning. Scientists used maps and field observations for the analysis.,Geography
832,Officials said security officers recovered stolen property after a robbery was reported. Police said the investigation is continuing. Investigators are examining evidence and questioning people connected with the case.,Crime
833,Officials said cartographers analyzed geographic features across southern India. Researchers said the findings could help regional planning. Scientists used maps and field observations for the analysis.,Geography
834,New information shows that ISRO announced a lunar mission during a space mission. Scientists said the observations could improve understanding of the universe. The mission is expected to provide valuable scientific data.,Space
835,"In a latest development, Prabhas announced a new movie at the audio launch. The announcement generated strong interest among movie audiences. Fans discussed the trailer and upcoming release.",Cinema
836,Officials said the foreign minister discussed bilateral relations during a parliamentary session. The proposal will be discussed by elected representatives. The decision is expected to become an important public issue.,Political
837,New information shows that the satellite launch team launched a spacecraft during a space mission. Scientists said the observations could improve understanding of the universe. The mission is expected to provide valuable scientific data.,Space
838,Officials said the European Space Agency studied an asteroid during a space mission. Scientists said the observations could improve understanding of the universe. The mission is expected to provide valuable scientific data.,Space
839,New information shows that Rajinikanth shared details about the screenplay for the upcoming Tamil film. The announcement generated strong interest among movie audiences. Fans discussed the trailer and upcoming release.,Cinema
840,Officials said cartographers analyzed geographic features across southern India. Researchers said the findings could help regional planning. Scientists used maps and field observations for the analysis.,Geography
841,Officials said the foreign minister discussed bilateral relations during a parliamentary session. The proposal will be discussed by elected representatives. The decision is expected to become an important public issue.,Political
842,"In a latest development, Suriya announced a new movie at the audio launch. The announcement generated strong interest among movie audiences. Fans discussed the trailer and upcoming release.",Cinema
843,A recent report said Nayanthara shared details about the screenplay at the audio launch. The announcement generated strong interest among movie audiences. Fans discussed the trailer and upcoming release.,Cinema
844,"In a latest development, law enforcement officials recovered stolen property following an arrest. Police said the investigation is continuing. Investigators are examining evidence and questioning people connected with the case.",Crime
845,New information shows that PV Sindhu scored a decisive goal during an international football match. The coach praised the player's fitness and tactical performance. Fans discussed the result after the final whistle.,Sports
846,"In a latest development, climate researchers examined coastal changes in a rapidly growing city. Researchers said the findings could help regional planning. Scientists used maps and field observations for the analysis.",Geography
847,Officials said the lunar mission team completed a spaceflight test during a space mission. Scientists said the observations could improve understanding of the universe. The mission is expected to provide valuable scientific data.,Space
848,"In a latest development, the Himalayan research group studied land use patterns in a rapidly growing city. Researchers said the findings could help regional planning. Scientists used maps and field observations for the analysis.",Geography
849,Officials said the geographical survey team studied land use patterns across southern India. Researchers said the findings could help regional planning. Scientists used maps and field observations for the analysis.,Geography
850,"In a latest development, the river basin study team mapped a river basin in a rapidly growing city. Researchers said the findings could help regional planning. Scientists used maps and field observations for the analysis.",Geography
851,"In the latest update, the lunar mission team completed a spaceflight test during a rocket launch. Scientists said the observations could improve understanding of the universe. The mission is expected to provide valuable scientific data.",Space
852,New information shows that court officials uncovered a fraud operation after a robbery was reported. Police said the investigation is continuing. Investigators are examining evidence and questioning people connected with the case.,Crime
853,Officials said Ajith Kumar promoted the upcoming movie for the upcoming Tamil film. The announcement generated strong interest among movie audiences. Fans discussed the trailer and upcoming release.,Cinema
854,"According to a new report, ESA completed a spaceflight test during a space mission. Scientists said the observations could improve understanding of the universe. The mission is expected to provide valuable scientific data.",Space
855,"In a latest development, LeBron James recorded a century after a closely fought contest. The coach praised the player's fitness and tactical performance. Fans discussed the result after the final whistle.",Sports
856,"In a latest development, the Chief Minister addressed parliament at an election rally. The proposal will be discussed by elected representatives. The decision is expected to become an important public issue.",Political
857,"In the latest update, the European Space Agency studied an asteroid during a rocket launch. Scientists said the observations could improve understanding of the universe. The mission is expected to provide valuable scientific data.",Space
858,"In the latest update, Nayanthara shared details about the screenplay at the audio launch. The announcement generated strong interest among movie audiences. Fans discussed the trailer and upcoming release.",Cinema
859,"According to a new report, Lokesh Kanagaraj promoted the upcoming movie for the upcoming Tamil film. The announcement generated strong interest among movie audiences. Fans discussed the trailer and upcoming release.",Cinema
860,"According to a new report, the coastal research team examined coastal changes across southern India. Researchers said the findings could help regional planning. Scientists used maps and field observations for the analysis.",Geography
861,Officials said earth scientists examined coastal changes across southern India. Researchers said the findings could help regional planning. Scientists used maps and field observations for the analysis.,Geography
862,"In a latest development, Arsenal signed a new contract after a closely fought contest. The coach praised the player's fitness and tactical performance. Fans discussed the result after the final whistle.",Sports
863,Officials said the European Space Agency studied an asteroid during a space mission. Scientists said the observations could improve understanding of the universe. The mission is expected to provide valuable scientific data.,Space
864,New information shows that Chennai Super Kings signed a new contract during an international football match. The coach praised the player's fitness and tactical performance. Fans discussed the result after the final whistle.,Sports
865,"In a latest development, the Chief Minister addressed parliament at an election rally. The proposal will be discussed by elected representatives. The decision is expected to become an important public issue.",Political
866,A recent report said government officials presented a budget proposal at an election rally. The proposal will be discussed by elected representatives. The decision is expected to become an important public issue.,Political
867,"In the latest update, the anti-narcotics team arrested a suspect following an arrest. Police said the investigation is continuing. Investigators are examining evidence and questioning people connected with the case.",Crime
868,A recent report said NASA launched a spacecraft during a rocket launch. Scientists said the observations could improve understanding of the universe. The mission is expected to provide valuable scientific data.,Space
869,"In the latest update, Kamal Haasan received praise for the performance at the audio launch. The announcement generated strong interest among movie audiences. Fans discussed the trailer and upcoming release.",Cinema
870,"In the latest update, Arsenal signed a new contract after a closely fought contest. The coach praised the player's fitness and tactical performance. Fans discussed the result after the final whistle.",Sports
871,"In a latest development, law enforcement officials recovered stolen property following an arrest. Police said the investigation is continuing. Investigators are examining evidence and questioning people connected with the case.",Crime
872,"In the latest update, SpaceX engineers announced a lunar mission during a rocket launch. Scientists said the observations could improve understanding of the universe. The mission is expected to provide valuable scientific data.",Space
873,Officials said the Parliament presented a budget proposal during a parliamentary session. The proposal will be discussed by elected representatives. The decision is expected to become an important public issue.,Political
874,"In a latest development, the climate monitoring team examined soil distribution in a rapidly growing city. Researchers said the findings could help regional planning. Scientists used maps and field observations for the analysis.",Geography
875,"According to a new report, the Election Commission reviewed government programmes during a parliamentary session. The proposal will be discussed by elected representatives. The decision is expected to become an important public issue.",Political
876,New information shows that the Himalayan research group studied land use patterns across southern India. Researchers said the findings could help regional planning. Scientists used maps and field observations for the analysis.,Geography
877,"According to a new report, Lokesh Kanagaraj revealed the first look for the upcoming Tamil film. The announcement generated strong interest among movie audiences. Fans discussed the trailer and upcoming release.",Cinema
878,"In a latest development, Aamir Khan shared details about the screenplay at the audio launch. The announcement generated strong interest among movie audiences. Fans discussed the trailer and upcoming release.",Cinema
879,"In a latest development, the finance minister presented a budget proposal at an election rally. The proposal will be discussed by elected representatives. The decision is expected to become an important public issue.",Political
880,Officials said security officers recovered stolen property after a robbery was reported. Police said the investigation is continuing. Investigators are examining evidence and questioning people connected with the case.,Crime
881,"In a latest development, the state government discussed bilateral relations at an election rally. The proposal will be discussed by elected representatives. The decision is expected to become an important public issue.",Political
882,"In the latest update, the lunar mission team completed a spaceflight test during a rocket launch. Scientists said the observations could improve understanding of the universe. The mission is expected to provide valuable scientific data.",Space
883,"In the latest update, the prosecution uncovered a fraud operation following an arrest. Police said the investigation is continuing. Investigators are examining evidence and questioning people connected with the case.",Crime
884,Officials said the European Space Agency studied an asteroid during a space mission. Scientists said the observations could improve understanding of the universe. The mission is expected to provide valuable scientific data.,Space
885,"According to a new report, environmental scientists examined soil distribution across southern India. Researchers said the findings could help regional planning. Scientists used maps and field observations for the analysis.",Geography
886,Officials said Real Madrid was selected for the squad during an international football match. The coach praised the player's fitness and tactical performance. Fans discussed the result after the final whistle.,Sports
887,"In a latest development, the legislative assembly announced a new policy at an election rally. The proposal will be discussed by elected representatives. The decision is expected to become an important public issue.",Political
888,"In a latest development, ISRO announced a lunar mission during a rocket launch. Scientists said the observations could improve understanding of the universe. The mission is expected to provide valuable scientific data.",Space
889,Officials said earth scientists examined coastal changes across southern India. Researchers said the findings could help regional planning. Scientists used maps and field observations for the analysis.,Geography
890,"In the latest update, the anti-narcotics team arrested a suspect following an arrest. Police said the investigation is continuing. Investigators are examining evidence and questioning people connected with the case.",Crime
891,"In the latest update, the opposition party announced a new policy at an election rally. The proposal will be discussed by elected representatives. The decision is expected to become an important public issue.",Political
892,New information shows that Allu Arjun shared details about the screenplay for the upcoming Tamil film. The announcement generated strong interest among movie audiences. Fans discussed the trailer and upcoming release.,Cinema
893,"In a latest development, the river basin study team mapped a river basin in a rapidly growing city. Researchers said the findings could help regional planning. Scientists used maps and field observations for the analysis.",Geography
894,A recent report said geographic information scientists analyzed geographic features in a rapidly growing city. Researchers said the findings could help regional planning. Scientists used maps and field observations for the analysis.,Geography
895,Officials said Deepika Padukone promoted the upcoming movie for the upcoming Tamil film. The announcement generated strong interest among movie audiences. Fans discussed the trailer and upcoming release.,Cinema
896,Officials said Rajinikanth announced a new movie for the upcoming Tamil film. The announcement generated strong interest among movie audiences. Fans discussed the trailer and upcoming release.,Cinema
897,Officials said Carlos Alcaraz signed a new contract during an international football match. The coach praised the player's fitness and tactical performance. Fans discussed the result after the final whistle.,Sports
898,"According to a new report, environmental scientists examined soil distribution across southern India. Researchers said the findings could help regional planning. Scientists used maps and field observations for the analysis.",Geography
899,"According to a new report, investigators examined CCTV footage after a robbery was reported. Police said the investigation is continuing. Investigators are examining evidence and questioning people connected with the case.",Crime
900,New information shows that Virat Kohli set a new record during an international football match. The coach praised the player's fitness and tactical performance. Fans discussed the result after the final whistle.,Sports
901,New information shows that Shah Rukh Khan revealed the first look for the upcoming Tamil film. The announcement generated strong interest among movie audiences. Fans discussed the trailer and upcoming release.,Cinema
902,"According to a new report, NASA launched a spacecraft during a space mission. Scientists said the observations could improve understanding of the universe. The mission is expected to provide valuable scientific data.",Space
903,New information shows that court officials uncovered a fraud operation after a robbery was reported. Police said the investigation is continuing. Investigators are examining evidence and questioning people connected with the case.,Crime
904,Officials said urban planners examined soil distribution across southern India. Researchers said the findings could help regional planning. Scientists used maps and field observations for the analysis.,Geography
905,"In the latest update, the lead actor announced a new movie at the audio launch. The announcement generated strong interest among movie audiences. Fans discussed the trailer and upcoming release.",Cinema
906,"In a latest development, political leaders reviewed government programmes at an election rally. The proposal will be discussed by elected representatives. The decision is expected to become an important public issue.",Political
907,"In a latest development, law enforcement officials recovered stolen property following an arrest. Police said the investigation is continuing. Investigators are examining evidence and questioning people connected with the case.",Crime
908,"In the latest update, the prosecution uncovered a fraud operation following an arrest. Police said the investigation is continuing. Investigators are examining evidence and questioning people connected with the case.",Crime
909,"According to a new report, Indian space scientists announced a lunar mission during a space mission. Scientists said the observations could improve understanding of the universe. The mission is expected to provide valuable scientific data.",Space
910,New information shows that Lokesh Kanagaraj revealed the first look for the upcoming Tamil film. The announcement generated strong interest among movie audiences. Fans discussed the trailer and upcoming release.,Cinema
911,"In a latest development, Mani Ratnam shared details about the screenplay at the audio launch. The announcement generated strong interest among movie audiences. Fans discussed the trailer and upcoming release.",Cinema
912,"In the latest update, Brazil football team set a new record after a closely fought contest. The coach praised the player's fitness and tactical performance. Fans discussed the result after the final whistle.",Sports
913,A recent report said the Mars exploration team studied an asteroid during a rocket launch. Scientists said the observations could improve understanding of the universe. The mission is expected to provide valuable scientific data.,Space
914,A recent report said the ruling party addressed parliament at an election rally. The proposal will be discussed by elected representatives. The decision is expected to become an important public issue.,Political
915,"In the latest update, SpaceX prepared astronauts for a mission during a rocket launch. Scientists said the observations could improve understanding of the universe. The mission is expected to provide valuable scientific data.",Space
916,Officials said Allu Arjun promoted the upcoming movie for the upcoming Tamil film. The announcement generated strong interest among movie audiences. Fans discussed the trailer and upcoming release.,Cinema
917,"According to a new report, the Prime Minister announced a new policy during a parliamentary session. The proposal will be discussed by elected representatives. The decision is expected to become an important public issue.",Political
918,Officials said Deepika Padukone shared details about the screenplay for the upcoming Tamil film. The announcement generated strong interest among movie audiences. Fans discussed the trailer and upcoming release.,Cinema
919,A recent report said the ruling party addressed parliament at an election rally. The proposal will be discussed by elected representatives. The decision is expected to become an important public issue.,Political
920,"In the latest update, the opposition party announced a new policy at an election rally. The proposal will be discussed by elected representatives. The decision is expected to become an important public issue.",Political
921,A recent report said Manchester City scored a decisive goal after a closely fought contest. The coach praised the player's fitness and tactical performance. Fans discussed the result after the final whistle.,Sports
922,Officials said customs officials launched an investigation after a robbery was reported. Police said the investigation is continuing. Investigators are examining evidence and questioning people connected with the case.,Crime
923,"In a latest development, Neeraj Chopra was selected for the squad after a closely fought contest. The coach praised the player's fitness and tactical performance. Fans discussed the result after the final whistle.",Sports
924,"In the latest update, Novak Djokovic set a new record after a closely fought contest. The coach praised the player's fitness and tactical performance. Fans discussed the result after the final whistle.",Sports
925,"In a latest development, the river basin study team mapped a river basin in a rapidly growing city. Researchers said the findings could help regional planning. Scientists used maps and field observations for the analysis.",Geography
926,"In a latest development, the Chief Minister addressed parliament at an election rally. The proposal will be discussed by elected representatives. The decision is expected to become an important public issue.",Political
927,"In the latest update, Suriya revealed the first look at the audio launch. The announcement generated strong interest among movie audiences. Fans discussed the trailer and upcoming release.",Cinema
928,Officials said the election campaign addressed parliament during a parliamentary session. The proposal will be discussed by elected representatives. The decision is expected to become an important public issue.,Political
929,Officials said SpaceX prepared astronauts for a mission during a space mission. Scientists said the observations could improve understanding of the universe. The mission is expected to provide valuable scientific data.,Space
930,"In a latest development, Prabhas announced a new movie at the audio launch. The announcement generated strong interest among movie audiences. Fans discussed the trailer and upcoming release.",Cinema
931,"In the latest update, the opposition party announced a new policy at an election rally. The proposal will be discussed by elected representatives. The decision is expected to become an important public issue.",Political
932,"In a latest development, astronauts prepared astronauts for a mission during a rocket launch. Scientists said the observations could improve understanding of the universe. The mission is expected to provide valuable scientific data.",Space
933,"According to a new report, the district police recovered stolen property after a robbery was reported. Police said the investigation is continuing. Investigators are examining evidence and questioning people connected with the case.",Crime
934,"In the latest update, Arsenal signed a new contract after a closely fought contest. The coach praised the player's fitness and tactical performance. Fans discussed the result after the final whistle.",Sports
935,"In a latest development, Lionel Messi recorded a century after a closely fought contest. The coach praised the player's fitness and tactical performance. Fans discussed the result after the final whistle.",Sports
936,"In a latest development, investigators launched an investigation following an arrest. Police said the investigation is continuing. Investigators are examining evidence and questioning people connected with the case.",Crime
937,A recent report said Manchester City scored a decisive goal after a closely fought contest. The coach praised the player's fitness and tactical performance. Fans discussed the result after the final whistle.,Sports
938,New information shows that researchers analyzed geographic features across southern India. Researchers said the findings could help regional planning. Scientists used maps and field observations for the analysis.,Geography
939,"According to a new report, Real Madrid was selected for the squad during an international football match. The coach praised the player's fitness and tactical performance. Fans discussed the result after the final whistle.",Sports
940,"In a latest development, Brazil football team set a new record after a closely fought contest. The coach praised the player's fitness and tactical performance. Fans discussed the result after the final whistle.",Sports
941,New information shows that Ajith Kumar shared details about the screenplay for the upcoming Tamil film. The announcement generated strong interest among movie audiences. Fans discussed the trailer and upcoming release.,Cinema
942,"According to a new report, Carlos Alcaraz signed a new contract during an international football match. The coach praised the player's fitness and tactical performance. Fans discussed the result after the final whistle.",Sports
943,"In the latest update, Jude Bellingham scored a decisive goal after a closely fought contest. The coach praised the player's fitness and tactical performance. Fans discussed the result after the final whistle.",Sports
944,A recent report said the lead actor received praise for the performance at the audio launch. The announcement generated strong interest among movie audiences. Fans discussed the trailer and upcoming release.,Cinema
945,A recent report said the Election Commission reviewed government programmes at an election rally. The proposal will be discussed by elected representatives. The decision is expected to become an important public issue.,Political
946,Officials said mapping experts mapped a river basin across southern India. Researchers said the findings could help regional planning. Scientists used maps and field observations for the analysis.,Geography
947,Officials said the European Space Agency studied an asteroid during a space mission. Scientists said the observations could improve understanding of the universe. The mission is expected to provide valuable scientific data.,Space
948,Officials said the anti-narcotics team arrested a suspect after a robbery was reported. Police said the investigation is continuing. Investigators are examining evidence and questioning people connected with the case.,Crime
949,"In a latest development, Novak Djokovic set a new record after a closely fought contest. The coach praised the player's fitness and tactical performance. Fans discussed the result after the final whistle.",Sports
950,"According to a new report, the Election Commission reviewed government programmes during a parliamentary session. The proposal will be discussed by elected representatives. The decision is expected to become an important public issue.",Political
951,Officials said urban planners examined soil distribution across southern India. Researchers said the findings could help regional planning. Scientists used maps and field observations for the analysis.,Geography
952,Officials said SpaceX prepared astronauts for a mission during a space mission. Scientists said the observations could improve understanding of the universe. The mission is expected to provide valuable scientific data.,Space
953,"In a latest development, the Chief Minister addressed parliament at an election rally. The proposal will be discussed by elected representatives. The decision is expected to become an important public issue.",Political
954,Officials said Stephen Curry set a new record during an international football match. The coach praised the player's fitness and tactical performance. Fans discussed the result after the final whistle.,Sports
955,New information shows that the satellite launch team launched a spacecraft during a space mission. Scientists said the observations could improve understanding of the universe. The mission is expected to provide valuable scientific data.,Space
956,"In the latest update, cartographers analyzed geographic features in a rapidly growing city. Researchers said the findings could help regional planning. Scientists used maps and field observations for the analysis.",Geography
957,"According to a new report, Carlos Alcaraz signed a new contract during an international football match. The coach praised the player's fitness and tactical performance. Fans discussed the result after the final whistle.",Sports
958,"According to a new report, Virat Kohli set a new record during an international football match. The coach praised the player's fitness and tactical performance. Fans discussed the result after the final whistle.",Sports
959,New information shows that Stephen Curry set a new record during an international football match. The coach praised the player's fitness and tactical performance. Fans discussed the result after the final whistle.,Sports
960,"In the latest update, mapping experts mapped a river basin in a rapidly growing city. Researchers said the findings could help regional planning. Scientists used maps and field observations for the analysis.",Geography
961,Officials said the Parliament presented a budget proposal during a parliamentary session. The proposal will be discussed by elected representatives. The decision is expected to become an important public issue.,Political
962,Officials said Ajith Kumar revealed the first look for the upcoming Tamil film. The announcement generated strong interest among movie audiences. Fans discussed the trailer and upcoming release.,Cinema
963,"In a latest development, the river basin study team mapped a river basin in a rapidly growing city. Researchers said the findings could help regional planning. Scientists used maps and field observations for the analysis.",Geography
964,New information shows that court officials uncovered a fraud operation after a robbery was reported. Police said the investigation is continuing. Investigators are examining evidence and questioning people connected with the case.,Crime
965,"According to a new report, regional researchers studied land use patterns across southern India. Researchers said the findings could help regional planning. Scientists used maps and field observations for the analysis.",Geography
966,New information shows that Rajinikanth announced a new movie for the upcoming Tamil film. The announcement generated strong interest among movie audiences. Fans discussed the trailer and upcoming release.,Cinema
967,New information shows that the satellite launch team launched a spacecraft during a space mission. Scientists said the observations could improve understanding of the universe. The mission is expected to provide valuable scientific data.,Space
968,"In the latest update, customs officials launched an investigation following an arrest. Police said the investigation is continuing. Investigators are examining evidence and questioning people connected with the case.",Crime
969,"In the latest update, Manchester City scored a decisive goal after a closely fought contest. The coach praised the player's fitness and tactical performance. Fans discussed the result after the final whistle.",Sports
970,"In a latest development, the James Webb Space Telescope studied an asteroid during a rocket launch. Scientists said the observations could improve understanding of the universe. The mission is expected to provide valuable scientific data.",Space
971,"In the latest update, cartographers analyzed geographic features in a rapidly growing city. Researchers said the findings could help regional planning. Scientists used maps and field observations for the analysis.",Geography
972,"In a latest development, Brazil football team set a new record after a closely fought contest. The coach praised the player's fitness and tactical performance. Fans discussed the result after the final whistle.",Sports
973,New information shows that the Himalayan research group studied land use patterns across southern India. Researchers said the findings could help regional planning. Scientists used maps and field observations for the analysis.,Geography
974,"In a latest development, forensic investigators examined CCTV footage following an arrest. Police said the investigation is continuing. Investigators are examining evidence and questioning people connected with the case.",Crime
975,A recent report said the coastal research team examined coastal changes in a rapidly growing city. Researchers said the findings could help regional planning. Scientists used maps and field observations for the analysis.,Geography
976,A recent report said regional researchers studied land use patterns in a rapidly growing city. Researchers said the findings could help regional planning. Scientists used maps and field observations for the analysis.,Geography
977,New information shows that Real Madrid was selected for the squad during an international football match. The coach praised the player's fitness and tactical performance. Fans discussed the result after the final whistle.,Sports
978,Officials said Stephen Curry set a new record during an international football match. The coach praised the player's fitness and tactical performance. Fans discussed the result after the final whistle.,Sports
979,New information shows that Kylian Mbappe recorded a century during an international football match. The coach praised the player's fitness and tactical performance. Fans discussed the result after the final whistle.,Sports
980,"According to a new report, the local police department launched an investigation after a robbery was reported. Police said the investigation is continuing. Investigators are examining evidence and questioning people connected with the case.",Crime
981,"In a latest development, forensic investigators examined CCTV footage following an arrest. Police said the investigation is continuing. Investigators are examining evidence and questioning people connected with the case.",Crime
982,"According to a new report, NASA launched a spacecraft during a space mission. Scientists said the observations could improve understanding of the universe. The mission is expected to provide valuable scientific data.",Space
983,New information shows that climate researchers examined coastal changes across southern India. Researchers said the findings could help regional planning. Scientists used maps and field observations for the analysis.,Geography
984,A recent report said Jude Bellingham scored a decisive goal after a closely fought contest. The coach praised the player's fitness and tactical performance. Fans discussed the result after the final whistle.,Sports
985,"In the latest update, the anti-narcotics team arrested a suspect following an arrest. Police said the investigation is continuing. Investigators are examining evidence and questioning people connected with the case.",Crime
986,"According to a new report, Kylian Mbappe recorded a century during an international football match. The coach praised the player's fitness and tactical performance. Fans discussed the result after the final whistle.",Sports
987,"In a latest development, Lionel Messi recorded a century after a closely fought contest. The coach praised the player's fitness and tactical performance. Fans discussed the result after the final whistle.",Sports
988,"In a latest development, the Himalayan research group studied land use patterns in a rapidly growing city. Researchers said the findings could help regional planning. Scientists used maps and field observations for the analysis.",Geography
989,"According to a new report, Allu Arjun promoted the upcoming movie for the upcoming Tamil film. The announcement generated strong interest among movie audiences. Fans discussed the trailer and upcoming release.",Cinema
990,"According to a new report, regional researchers studied land use patterns across southern India. Researchers said the findings could help regional planning. Scientists used maps and field observations for the analysis.",Geography
991,"According to a new report, Carlos Alcaraz signed a new contract during an international football match. The coach praised the player's fitness and tactical performance. Fans discussed the result after the final whistle.",Sports
992,Officials said Rajinikanth received praise for the performance for the upcoming Tamil film. The announcement generated strong interest among movie audiences. Fans discussed the trailer and upcoming release.,Cinema
993,New information shows that Lokesh Kanagaraj promoted the upcoming movie for the upcoming Tamil film. The announcement generated strong interest among movie audiences. Fans discussed the trailer and upcoming release.,Cinema
994,"According to a new report, investigators examined CCTV footage after a robbery was reported. Police said the investigation is continuing. Investigators are examining evidence and questioning people connected with the case.",Crime
995,"In the latest update, the lunar mission team completed a spaceflight test during a rocket launch. Scientists said the observations could improve understanding of the universe. The mission is expected to provide valuable scientific data.",Space
996,"In the latest update, SpaceX prepared astronauts for a mission during a rocket launch. Scientists said the observations could improve understanding of the universe. The mission is expected to provide valuable scientific data.",Space
997,Officials said the cyber crime unit examined CCTV footage after a robbery was reported. Police said the investigation is continuing. Investigators are examining evidence and questioning people connected with the case.,Crime
998,Officials said Lokesh Kanagaraj received praise for the performance for the upcoming Tamil film. The announcement generated strong interest among movie audiences. Fans discussed the trailer and upcoming release.,Cinema
999,New information shows that Cristiano Ronaldo scored a decisive goal during an international football match. The coach praised the player's fitness and tactical performance. Fans discussed the result after the final whistle.,Sports
1000,Officials said Virat Kohli set a new record during an international football match. The coach praised the player's fitness and tactical performance. Fans discussed the result after the final whistle.,Sports
1001,Officials said Shah Rukh Khan received praise for the performance for the upcoming Tamil film. The announcement generated strong interest among movie audiences. Fans discussed the trailer and upcoming release.,Cinema
1002,"In the latest update, Prabhas announced a new movie at the audio launch. The announcement generated strong interest among movie audiences. Fans discussed the trailer and upcoming release.",Cinema
1003,"According to a new report, detectives uncovered a fraud operation after a robbery was reported. Police said the investigation is continuing. Investigators are examining evidence and questioning people connected with the case.",Crime
1004,"According to a new report, environmental scientists examined soil distribution across southern India. Researchers said the findings could help regional planning. Scientists used maps and field observations for the analysis.",Geography
1005,Officials said security officers recovered stolen property after a robbery was reported. Police said the investigation is continuing. Investigators are examining evidence and questioning people connected with the case.,Crime
1006,A recent report said members of parliament discussed bilateral relations at an election rally. The proposal will be discussed by elected representatives. The decision is expected to become an important public issue.,Political
1007,A recent report said members of parliament discussed bilateral relations at an election rally. The proposal will be discussed by elected representatives. The decision is expected to become an important public issue.,Political
1008,A recent report said geographers mapped a river basin in a rapidly growing city. Researchers said the findings could help regional planning. Scientists used maps and field observations for the analysis.,Geography
1009,A recent report said geographers mapped a river basin in a rapidly growing city. Researchers said the findings could help regional planning. Scientists used maps and field observations for the analysis.,Geography
1010,"According to a new report, the ruling party addressed parliament during a parliamentary session. The proposal will be discussed by elected representatives. The decision is expected to become an important public issue.",Political
1011,Officials said the film production team announced a new movie for the upcoming Tamil film. The announcement generated strong interest among movie audiences. Fans discussed the trailer and upcoming release.,Cinema
1012,"According to a new report, the coastal research team examined coastal changes across southern India. Researchers said the findings could help regional planning. Scientists used maps and field observations for the analysis.",Geography
1013,"In a latest development, crime branch officers arrested a suspect following an arrest. Police said the investigation is continuing. Investigators are examining evidence and questioning people connected with the case.",Crime
1014,A recent report said members of parliament discussed bilateral relations at an election rally. The proposal will be discussed by elected representatives. The decision is expected to become an important public issue.,Political
1015,"According to a new report, geographers mapped a river basin across southern India. Researchers said the findings could help regional planning. Scientists used maps and field observations for the analysis.",Geography
1016,A recent report said geographic information scientists analyzed geographic features in a rapidly growing city. Researchers said the findings could help regional planning. Scientists used maps and field observations for the analysis.,Geography
1017,"In the latest update, the prosecution uncovered a fraud operation following an arrest. Police said the investigation is continuing. Investigators are examining evidence and questioning people connected with the case.",Crime
1018,Officials said security officers recovered stolen property after a robbery was reported. Police said the investigation is continuing. Investigators are examining evidence and questioning people connected with the case.,Crime
1019,"According to a new report, geographers mapped a river basin across southern India. Researchers said the findings could help regional planning. Scientists used maps and field observations for the analysis.",Geography
1020,Officials said the European Space Agency studied an asteroid during a space mission. Scientists said the observations could improve understanding of the universe. The mission is expected to provide valuable scientific data.,Space
1021,New information shows that Rajinikanth revealed the first look for the upcoming Tamil film. The announcement generated strong interest among movie audiences. Fans discussed the trailer and upcoming release.,Cinema
1022,Officials said cartographers analyzed geographic features across southern India. Researchers said the findings could help regional planning. Scientists used maps and field observations for the analysis.,Geography
1023,"According to a new report, the ruling party addressed parliament during a parliamentary session. The proposal will be discussed by elected representatives. The decision is expected to become an important public issue.",Political
1024,"According to a new report, investigators examined CCTV footage after a robbery was reported. Police said the investigation is continuing. Investigators are examining evidence and questioning people connected with the case.",Crime
1025,New information shows that court officials uncovered a fraud operation after a robbery was reported. Police said the investigation is continuing. Investigators are examining evidence and questioning people connected with the case.,Crime
1026,A recent report said ESA completed a spaceflight test during a rocket launch. Scientists said the observations could improve understanding of the universe. The mission is expected to provide valuable scientific data.,Space
1027,"In the latest update, Aamir Khan promoted the upcoming movie at the audio launch. The announcement generated strong interest among movie audiences. Fans discussed the trailer and upcoming release.",Cinema
1028,A recent report said Kamal Haasan revealed the first look at the audio launch. The announcement generated strong interest among movie audiences. Fans discussed the trailer and upcoming release.,Cinema
1029,New information shows that the finance minister presented a budget proposal during a parliamentary session. The proposal will be discussed by elected representatives. The decision is expected to become an important public issue.,Political
1030,A recent report said Neeraj Chopra was selected for the squad after a closely fought contest. The coach praised the player's fitness and tactical performance. Fans discussed the result after the final whistle.,Sports
1031,"According to a new report, Rajinikanth announced a new movie for the upcoming Tamil film. The announcement generated strong interest among movie audiences. Fans discussed the trailer and upcoming release.",Cinema
1032,"According to a new report, Indian space scientists announced a lunar mission during a space mission. Scientists said the observations could improve understanding of the universe. The mission is expected to provide valuable scientific data.",Space
1033,"According to a new report, environmental scientists examined soil distribution across southern India. Researchers said the findings could help regional planning. Scientists used maps and field observations for the analysis.",Geography
1034,"According to a new report, ISRO scientists prepared astronauts for a mission during a space mission. Scientists said the observations could improve understanding of the universe. The mission is expected to provide valuable scientific data.",Space
1035,Officials said the geographical survey team studied land use patterns across southern India. Researchers said the findings could help regional planning. Scientists used maps and field observations for the analysis.,Geography
1036,"According to a new report, Lokesh Kanagaraj received praise for the performance for the upcoming Tamil film. The announcement generated strong interest among movie audiences. Fans discussed the trailer and upcoming release.",Cinema
1037,"In a latest development, the satellite launch team launched a spacecraft during a rocket launch. Scientists said the observations could improve understanding of the universe. The mission is expected to provide valuable scientific data.",Space
1038,"In the latest update, customs officials launched an investigation following an arrest. Police said the investigation is continuing. Investigators are examining evidence and questioning people connected with the case.",Crime
1039,"In the latest update, the Parliament presented a budget proposal at an election rally. The proposal will be discussed by elected representatives. The decision is expected to become an important public issue.",Political
1040,"In the latest update, the cyber crime unit examined CCTV footage following an arrest. Police said the investigation is continuing. Investigators are examining evidence and questioning people connected with the case.",Crime
1041,"According to a new report, Shah Rukh Khan revealed the first look for the upcoming Tamil film. The announcement generated strong interest among movie audiences. Fans discussed the trailer and upcoming release.",Cinema
1042,"According to a new report, the district police recovered stolen property after a robbery was reported. Police said the investigation is continuing. Investigators are examining evidence and questioning people connected with the case.",Crime
1043,"In the latest update, Lionel Messi recorded a century after a closely fought contest. The coach praised the player's fitness and tactical performance. Fans discussed the result after the final whistle.",Sports
1044,"In the latest update, Vijay revealed the first look at the audio launch. The announcement generated strong interest among movie audiences. Fans discussed the trailer and upcoming release.",Cinema
1045,"According to a new report, Allu Arjun announced a new movie for the upcoming Tamil film. The announcement generated strong interest among movie audiences. Fans discussed the trailer and upcoming release.",Cinema
1046,A recent report said Kamal Haasan received praise for the performance at the audio launch. The announcement generated strong interest among movie audiences. Fans discussed the trailer and upcoming release.,Cinema
1047,"According to a new report, Cristiano Ronaldo scored a decisive goal during an international football match. The coach praised the player's fitness and tactical performance. Fans discussed the result after the final whistle.",Sports
1048,New information shows that researchers analyzed geographic features across southern India. Researchers said the findings could help regional planning. Scientists used maps and field observations for the analysis.,Geography
1049,Officials said NASA scientists launched a spacecraft during a space mission. Scientists said the observations could improve understanding of the universe. The mission is expected to provide valuable scientific data.,Space
1050,"According to a new report, ESA completed a spaceflight test during a space mission. Scientists said the observations could improve understanding of the universe. The mission is expected to provide valuable scientific data.",Space
1051,"In the latest update, the anti-narcotics team arrested a suspect following an arrest. Police said the investigation is continuing. Investigators are examining evidence and questioning people connected with the case.",Crime
1052,New information shows that Deepika Padukone promoted the upcoming movie for the upcoming Tamil film. The announcement generated strong interest among movie audiences. Fans discussed the trailer and upcoming release.,Cinema
1053,"In a latest development, court officials uncovered a fraud operation following an arrest. Police said the investigation is continuing. Investigators are examining evidence and questioning people connected with the case.",Crime
1054,"According to a new report, members of parliament discussed bilateral relations during a parliamentary session. The proposal will be discussed by elected representatives. The decision is expected to become an important public issue.",Political
1055,"In a latest development, Prabhas received praise for the performance at the audio launch. The announcement generated strong interest among movie audiences. Fans discussed the trailer and upcoming release.",Cinema
1056,"In the latest update, Brazil football team set a new record after a closely fought contest. The coach praised the player's fitness and tactical performance. Fans discussed the result after the final whistle.",Sports
1057,"In the latest update, the European Space Agency studied an asteroid during a rocket launch. Scientists said the observations could improve understanding of the universe. The mission is expected to provide valuable scientific data.",Space
1058,"According to a new report, India cricket team recorded a century during an international football match. The coach praised the player's fitness and tactical performance. Fans discussed the result after the final whistle.",Sports
1059,"In a latest development, climate researchers examined coastal changes in a rapidly growing city. Researchers said the findings could help regional planning. Scientists used maps and field observations for the analysis.",Geography
1060,A recent report said the Election Commission reviewed government programmes at an election rally. The proposal will be discussed by elected representatives. The decision is expected to become an important public issue.,Political
1061,A recent report said Jude Bellingham scored a decisive goal after a closely fought contest. The coach praised the player's fitness and tactical performance. Fans discussed the result after the final whistle.,Sports
1062,"In the latest update, Neeraj Chopra was selected for the squad after a closely fought contest. The coach praised the player's fitness and tactical performance. Fans discussed the result after the final whistle.",Sports
1063,"According to a new report, Deepika Padukone announced a new movie for the upcoming Tamil film. The announcement generated strong interest among movie audiences. Fans discussed the trailer and upcoming release.",Cinema
1064,"In a latest development, the James Webb Space Telescope studied an asteroid during a rocket launch. Scientists said the observations could improve understanding of the universe. The mission is expected to provide valuable scientific data.",Space
1065,New information shows that the James Webb Space Telescope studied an asteroid during a space mission. Scientists said the observations could improve understanding of the universe. The mission is expected to provide valuable scientific data.,Space
1066,New information shows that the finance minister presented a budget proposal during a parliamentary session. The proposal will be discussed by elected representatives. The decision is expected to become an important public issue.,Political
1067,"According to a new report, the Mars exploration team studied an asteroid during a space mission. Scientists said the observations could improve understanding of the universe. The mission is expected to provide valuable scientific data.",Space
1068,"In the latest update, Brazil football team set a new record after a closely fought contest. The coach praised the player's fitness and tactical performance. Fans discussed the result after the final whistle.",Sports
1069,"In the latest update, the lead actor shared details about the screenplay at the audio launch. The announcement generated strong interest among movie audiences. Fans discussed the trailer and upcoming release.",Cinema
1070,"According to a new report, Real Madrid was selected for the squad during an international football match. The coach praised the player's fitness and tactical performance. Fans discussed the result after the final whistle.",Sports
1071,"According to a new report, NASA launched a spacecraft during a space mission. Scientists said the observations could improve understanding of the universe. The mission is expected to provide valuable scientific data.",Space
1072,New information shows that Stephen Curry set a new record during an international football match. The coach praised the player's fitness and tactical performance. Fans discussed the result after the final whistle.,Sports
1073,"In a latest development, Kamal Haasan shared details about the screenplay at the audio launch. The announcement generated strong interest among movie audiences. Fans discussed the trailer and upcoming release.",Cinema
1074,"In a latest development, Manchester City scored a decisive goal after a closely fought contest. The coach praised the player's fitness and tactical performance. Fans discussed the result after the final whistle.",Sports
1075,New information shows that the Chief Minister addressed parliament during a parliamentary session. The proposal will be discussed by elected representatives. The decision is expected to become an important public issue.,Political
1076,"In the latest update, SpaceX engineers announced a lunar mission during a rocket launch. Scientists said the observations could improve understanding of the universe. The mission is expected to provide valuable scientific data.",Space
1077,"According to a new report, Deepika Padukone shared details about the screenplay for the upcoming Tamil film. The announcement generated strong interest among movie audiences. Fans discussed the trailer and upcoming release.",Cinema
1078,New information shows that the river basin study team mapped a river basin across southern India. Researchers said the findings could help regional planning. Scientists used maps and field observations for the analysis.,Geography
1079,"According to a new report, environmental scientists examined soil distribution across southern India. Researchers said the findings could help regional planning. Scientists used maps and field observations for the analysis.",Geography
1080,"In the latest update, mapping experts mapped a river basin in a rapidly growing city. Researchers said the findings could help regional planning. Scientists used maps and field observations for the analysis.",Geography
1081,"In the latest update, Brazil football team set a new record after a closely fought contest. The coach praised the player's fitness and tactical performance. Fans discussed the result after the final whistle.",Sports
1082,"According to a new report, Virat Kohli set a new record during an international football match. The coach praised the player's fitness and tactical performance. Fans discussed the result after the final whistle.",Sports
1083,"In the latest update, Prabhas received praise for the performance at the audio launch. The announcement generated strong interest among movie audiences. Fans discussed the trailer and upcoming release.",Cinema
1084,Officials said Deepika Padukone received praise for the performance for the upcoming Tamil film. The announcement generated strong interest among movie audiences. Fans discussed the trailer and upcoming release.,Cinema
1085,A recent report said government officials presented a budget proposal at an election rally. The proposal will be discussed by elected representatives. The decision is expected to become an important public issue.,Political
1086,A recent report said ESA completed a spaceflight test during a rocket launch. Scientists said the observations could improve understanding of the universe. The mission is expected to provide valuable scientific data.,Space
1087,"In the latest update, Mumbai Indians was selected for the squad after a closely fought contest. The coach praised the player's fitness and tactical performance. Fans discussed the result after the final whistle.",Sports
1088,A recent report said the Election Commission reviewed government programmes at an election rally. The proposal will be discussed by elected representatives. The decision is expected to become an important public issue.,Political
1089,Officials said the election campaign addressed parliament during a parliamentary session. The proposal will be discussed by elected representatives. The decision is expected to become an important public issue.,Political
1090,"In a latest development, the lead actor received praise for the performance at the audio launch. The announcement generated strong interest among movie audiences. Fans discussed the trailer and upcoming release.",Cinema
1091,A recent report said geographic information scientists analyzed geographic features in a rapidly growing city. Researchers said the findings could help regional planning. Scientists used maps and field observations for the analysis.,Geography
1092,"In the latest update, the geographical survey team studied land use patterns in a rapidly growing city. Researchers said the findings could help regional planning. Scientists used maps and field observations for the analysis.",Geography
1093,"In a latest development, crime branch officers arrested a suspect following an arrest. Police said the investigation is continuing. Investigators are examining evidence and questioning people connected with the case.",Crime
1094,New information shows that crime branch officers arrested a suspect after a robbery was reported. Police said the investigation is continuing. Investigators are examining evidence and questioning people connected with the case.,Crime
1095,"In the latest update, the cyber crime unit examined CCTV footage following an arrest. Police said the investigation is continuing. Investigators are examining evidence and questioning people connected with the case.",Crime
1096,"In a latest development, law enforcement officials recovered stolen property following an arrest. Police said the investigation is continuing. Investigators are examining evidence and questioning people connected with the case.",Crime
1097,"In the latest update, the foreign minister discussed bilateral relations at an election rally. The proposal will be discussed by elected representatives. The decision is expected to become an important public issue.",Political
1098,New information shows that Rajinikanth shared details about the screenplay for the upcoming Tamil film. The announcement generated strong interest among movie audiences. Fans discussed the trailer and upcoming release.,Cinema
1099,"In the latest update, LeBron James recorded a century after a closely fought contest. The coach praised the player's fitness and tactical performance. Fans discussed the result after the final whistle.",Sports
1100,"According to a new report, Deepika Padukone revealed the first look for the upcoming Tamil film. The announcement generated strong interest among movie audiences. Fans discussed the trailer and upcoming release.",Cinema
1101,Officials said the election campaign addressed parliament during a parliamentary session. The proposal will be discussed by elected representatives. The decision is expected to become an important public issue.,Political
1102,A recent report said city police arrested a suspect following an arrest. Police said the investigation is continuing. Investigators are examining evidence and questioning people connected with the case.,Crime
1103,A recent report said Neeraj Chopra was selected for the squad after a closely fought contest. The coach praised the player's fitness and tactical performance. Fans discussed the result after the final whistle.,Sports
1104,Officials said India cricket team recorded a century during an international football match. The coach praised the player's fitness and tactical performance. Fans discussed the result after the final whistle.,Sports
1105,Officials said the geographical survey team studied land use patterns across southern India. Researchers said the findings could help regional planning. Scientists used maps and field observations for the analysis.,Geography
1106,"In a latest development, astronomers completed a spaceflight test during a rocket launch. Scientists said the observations could improve understanding of the universe. The mission is expected to provide valuable scientific data.",Space
1107,"According to a new report, the Mars exploration team studied an asteroid during a space mission. Scientists said the observations could improve understanding of the universe. The mission is expected to provide valuable scientific data.",Space
1108,A recent report said environmental scientists examined soil distribution in a rapidly growing city. Researchers said the findings could help regional planning. Scientists used maps and field observations for the analysis.,Geography
1109,Officials said the cyber crime unit examined CCTV footage after a robbery was reported. Police said the investigation is continuing. Investigators are examining evidence and questioning people connected with the case.,Crime
1110,Officials said the cabinet reviewed government programmes during a parliamentary session. The proposal will be discussed by elected representatives. The decision is expected to become an important public issue.,Political
1111,"In a latest development, researchers analyzed geographic features in a rapidly growing city. Researchers said the findings could help regional planning. Scientists used maps and field observations for the analysis.",Geography
1112,New information shows that the legislative assembly announced a new policy during a parliamentary session. The proposal will be discussed by elected representatives. The decision is expected to become an important public issue.,Political
1113,Officials said mapping experts mapped a river basin across southern India. Researchers said the findings could help regional planning. Scientists used maps and field observations for the analysis.,Geography
1114,A recent report said the lead actor promoted the upcoming movie at the audio launch. The announcement generated strong interest among movie audiences. Fans discussed the trailer and upcoming release.,Cinema
1115,"According to a new report, regional researchers studied land use patterns across southern India. Researchers said the findings could help regional planning. Scientists used maps and field observations for the analysis.",Geography
1116,New information shows that the river basin study team mapped a river basin across southern India. Researchers said the findings could help regional planning. Scientists used maps and field observations for the analysis.,Geography
1117,"In a latest development, climate researchers examined coastal changes in a rapidly growing city. Researchers said the findings could help regional planning. Scientists used maps and field observations for the analysis.",Geography
1118,"According to a new report, Dhanush shared details about the screenplay for the upcoming Tamil film. The announcement generated strong interest among movie audiences. Fans discussed the trailer and upcoming release.",Cinema
1119,New information shows that court officials uncovered a fraud operation after a robbery was reported. Police said the investigation is continuing. Investigators are examining evidence and questioning people connected with the case.,Crime
1120,"In a latest development, Vijay promoted the upcoming movie at the audio launch. The announcement generated strong interest among movie audiences. Fans discussed the trailer and upcoming release.",Cinema
1121,"In a latest development, Jude Bellingham scored a decisive goal after a closely fought contest. The coach praised the player's fitness and tactical performance. Fans discussed the result after the final whistle.",Sports
1122,"According to a new report, Allu Arjun shared details about the screenplay for the upcoming Tamil film. The announcement generated strong interest among movie audiences. Fans discussed the trailer and upcoming release.",Cinema
1123,"In a latest development, ISRO announced a lunar mission during a rocket launch. Scientists said the observations could improve understanding of the universe. The mission is expected to provide valuable scientific data.",Space
1124,A recent report said the Mars exploration team studied an asteroid during a rocket launch. Scientists said the observations could improve understanding of the universe. The mission is expected to provide valuable scientific data.,Space
1125,A recent report said the lead actor announced a new movie at the audio launch. The announcement generated strong interest among movie audiences. Fans discussed the trailer and upcoming release.,Cinema
1126,"In the latest update, cartographers analyzed geographic features in a rapidly growing city. Researchers said the findings could help regional planning. Scientists used maps and field observations for the analysis.",Geography
1127,Officials said MS Dhoni was selected for the squad during an international football match. The coach praised the player's fitness and tactical performance. Fans discussed the result after the final whistle.,Sports
1128,"In a latest development, investigators launched an investigation following an arrest. Police said the investigation is continuing. Investigators are examining evidence and questioning people connected with the case.",Crime
1129,"In a latest development, LeBron James recorded a century after a closely fought contest. The coach praised the player's fitness and tactical performance. Fans discussed the result after the final whistle.",Sports
1130,"According to a new report, the Prime Minister announced a new policy during a parliamentary session. The proposal will be discussed by elected representatives. The decision is expected to become an important public issue.",Political
1131,"According to a new report, Cristiano Ronaldo scored a decisive goal during an international football match. The coach praised the player's fitness and tactical performance. Fans discussed the result after the final whistle.",Sports
1132,Officials said the cyber crime unit examined CCTV footage after a robbery was reported. Police said the investigation is continuing. Investigators are examining evidence and questioning people connected with the case.,Crime
1133,"In the latest update, the anti-narcotics team arrested a suspect following an arrest. Police said the investigation is continuing. Investigators are examining evidence and questioning people connected with the case.",Crime
1134,"In a latest development, crime branch officers arrested a suspect following an arrest. Police said the investigation is continuing. Investigators are examining evidence and questioning people connected with the case.",Crime
1135,"According to a new report, the Prime Minister announced a new policy during a parliamentary session. The proposal will be discussed by elected representatives. The decision is expected to become an important public issue.",Political
1136,"In a latest development, the climate monitoring team examined soil distribution in a rapidly growing city. Researchers said the findings could help regional planning. Scientists used maps and field observations for the analysis.",Geography
1137,New information shows that Carlos Alcaraz signed a new contract during an international football match. The coach praised the player's fitness and tactical performance. Fans discussed the result after the final whistle.,Sports
1138,Officials said customs officials launched an investigation after a robbery was reported. Police said the investigation is continuing. Investigators are examining evidence and questioning people connected with the case.,Crime
1139,"In the latest update, the Parliament presented a budget proposal at an election rally. The proposal will be discussed by elected representatives. The decision is expected to become an important public issue.",Political
1140,New information shows that Real Madrid was selected for the squad during an international football match. The coach praised the player's fitness and tactical performance. Fans discussed the result after the final whistle.,Sports
1141,"According to a new report, the coastal research team examined coastal changes across southern India. Researchers said the findings could help regional planning. Scientists used maps and field observations for the analysis.",Geography
1142,"In the latest update, security officers recovered stolen property following an arrest. Police said the investigation is continuing. Investigators are examining evidence and questioning people connected with the case.",Crime
1143,"According to a new report, environmental scientists examined soil distribution across southern India. Researchers said the findings could help regional planning. Scientists used maps and field observations for the analysis.",Geography
1144,"In a latest development, the Himalayan research group studied land use patterns in a rapidly growing city. Researchers said the findings could help regional planning. Scientists used maps and field observations for the analysis.",Geography
1145,"According to a new report, investigators examined CCTV footage after a robbery was reported. Police said the investigation is continuing. Investigators are examining evidence and questioning people connected with the case.",Crime
1146,New information shows that forensic investigators examined CCTV footage after a robbery was reported. Police said the investigation is continuing. Investigators are examining evidence and questioning people connected with the case.,Crime
1147,"According to a new report, the Mars exploration team studied an asteroid during a space mission. Scientists said the observations could improve understanding of the universe. The mission is expected to provide valuable scientific data.",Space
1148,Officials said the film production team announced a new movie for the upcoming Tamil film. The announcement generated strong interest among movie audiences. Fans discussed the trailer and upcoming release.,Cinema
1149,A recent report said the Mars exploration team studied an asteroid during a rocket launch. Scientists said the observations could improve understanding of the universe. The mission is expected to provide valuable scientific data.,Space
1150,New information shows that the satellite launch team launched a spacecraft during a space mission. Scientists said the observations could improve understanding of the universe. The mission is expected to provide valuable scientific data.,Space
1151,New information shows that the Chief Minister addressed parliament during a parliamentary session. The proposal will be discussed by elected representatives. The decision is expected to become an important public issue.,Political
1152,Officials said Ajith Kumar shared details about the screenplay for the upcoming Tamil film. The announcement generated strong interest among movie audiences. Fans discussed the trailer and upcoming release.,Cinema
1153,"In a latest development, climate researchers examined coastal changes in a rapidly growing city. Researchers said the findings could help regional planning. Scientists used maps and field observations for the analysis.",Geography
1154,Officials said the cabinet reviewed government programmes during a parliamentary session. The proposal will be discussed by elected representatives. The decision is expected to become an important public issue.,Political
1155,Officials said Stephen Curry set a new record during an international football match. The coach praised the player's fitness and tactical performance. Fans discussed the result after the final whistle.,Sports
1156,"In a latest development, Mumbai Indians was selected for the squad after a closely fought contest. The coach praised the player's fitness and tactical performance. Fans discussed the result after the final whistle.",Sports
1157,Officials said customs officials launched an investigation after a robbery was reported. Police said the investigation is continuing. Investigators are examining evidence and questioning people connected with the case.,Crime
1158,Officials said Deepika Padukone promoted the upcoming movie for the upcoming Tamil film. The announcement generated strong interest among movie audiences. Fans discussed the trailer and upcoming release.,Cinema
1159,"According to a new report, the Mars exploration team studied an asteroid during a space mission. Scientists said the observations could improve understanding of the universe. The mission is expected to provide valuable scientific data.",Space
1160,"According to a new report, the district police recovered stolen property after a robbery was reported. Police said the investigation is continuing. Investigators are examining evidence and questioning people connected with the case.",Crime
1161,"According to a new report, the ruling party addressed parliament during a parliamentary session. The proposal will be discussed by elected representatives. The decision is expected to become an important public issue.",Political
1162,A recent report said ESA completed a spaceflight test during a rocket launch. Scientists said the observations could improve understanding of the universe. The mission is expected to provide valuable scientific data.,Space
1163,New information shows that Ajith Kumar promoted the upcoming movie for the upcoming Tamil film. The announcement generated strong interest among movie audiences. Fans discussed the trailer and upcoming release.,Cinema
1164,New information shows that political leaders reviewed government programmes during a parliamentary session. The proposal will be discussed by elected representatives. The decision is expected to become an important public issue.,Political
1165,Officials said Dhanush received praise for the performance for the upcoming Tamil film. The announcement generated strong interest among movie audiences. Fans discussed the trailer and upcoming release.,Cinema
1166,"According to a new report, investigators examined CCTV footage after a robbery was reported. Police said the investigation is continuing. Investigators are examining evidence and questioning people connected with the case.",Crime
1167,"In a latest development, Lionel Messi recorded a century after a closely fought contest. The coach praised the player's fitness and tactical performance. Fans discussed the result after the final whistle.",Sports
1168,A recent report said members of parliament discussed bilateral relations at an election rally. The proposal will be discussed by elected representatives. The decision is expected to become an important public issue.,Political
1169,Officials said the geographical survey team studied land use patterns across southern India. Researchers said the findings could help regional planning. Scientists used maps and field observations for the analysis.,Geography
1170,"According to a new report, government officials presented a budget proposal during a parliamentary session. The proposal will be discussed by elected representatives. The decision is expected to become an important public issue.",Political
1171,"In a latest development, court officials uncovered a fraud operation following an arrest. Police said the investigation is continuing. Investigators are examining evidence and questioning people connected with the case.",Crime
1172,New information shows that astronauts prepared astronauts for a mission during a space mission. Scientists said the observations could improve understanding of the universe. The mission is expected to provide valuable scientific data.,Space
1173,Officials said the geographical survey team studied land use patterns across southern India. Researchers said the findings could help regional planning. Scientists used maps and field observations for the analysis.,Geography
1174,New information shows that astronauts prepared astronauts for a mission during a space mission. Scientists said the observations could improve understanding of the universe. The mission is expected to provide valuable scientific data.,Space
1175,A recent report said the Prime Minister announced a new policy at an election rally. The proposal will be discussed by elected representatives. The decision is expected to become an important public issue.,Political
1176,A recent report said LeBron James recorded a century after a closely fought contest. The coach praised the player's fitness and tactical performance. Fans discussed the result after the final whistle.,Sports
1177,"In the latest update, earth scientists examined coastal changes in a rapidly growing city. Researchers said the findings could help regional planning. Scientists used maps and field observations for the analysis.",Geography
1178,"According to a new report, the local police department launched an investigation after a robbery was reported. Police said the investigation is continuing. Investigators are examining evidence and questioning people connected with the case.",Crime
1179,New information shows that investigators launched an investigation after a robbery was reported. Police said the investigation is continuing. Investigators are examining evidence and questioning people connected with the case.,Crime
1180,Officials said Virat Kohli set a new record during an international football match. The coach praised the player's fitness and tactical performance. Fans discussed the result after the final whistle.,Sports
1181,New information shows that political leaders reviewed government programmes during a parliamentary session. The proposal will be discussed by elected representatives. The decision is expected to become an important public issue.,Political
1182,New information shows that political leaders reviewed government programmes during a parliamentary session. The proposal will be discussed by elected representatives. The decision is expected to become an important public issue.,Political
1183,"In the latest update, the geographical survey team studied land use patterns in a rapidly growing city. Researchers said the findings could help regional planning. Scientists used maps and field observations for the analysis.",Geography
1184,"In the latest update, the lead actor received praise for the performance at the audio launch. The announcement generated strong interest among movie audiences. Fans discussed the trailer and upcoming release.",Cinema
1185,"According to a new report, PV Sindhu scored a decisive goal during an international football match. The coach praised the player's fitness and tactical performance. Fans discussed the result after the final whistle.",Sports
1186,"In a latest development, the finance minister presented a budget proposal at an election rally. The proposal will be discussed by elected representatives. The decision is expected to become an important public issue.",Political
1187,A recent report said the district police recovered stolen property following an arrest. Police said the investigation is continuing. Investigators are examining evidence and questioning people connected with the case.,Crime
1188,"According to a new report, geographic information scientists analyzed geographic features across southern India. Researchers said the findings could help regional planning. Scientists used maps and field observations for the analysis.",Geography
1189,Officials said Allu Arjun announced a new movie for the upcoming Tamil film. The announcement generated strong interest among movie audiences. Fans discussed the trailer and upcoming release.,Cinema
1190,A recent report said the Election Commission reviewed government programmes at an election rally. The proposal will be discussed by elected representatives. The decision is expected to become an important public issue.,Political
1191,New information shows that investigators launched an investigation after a robbery was reported. Police said the investigation is continuing. Investigators are examining evidence and questioning people connected with the case.,Crime
1192,"In the latest update, the election campaign addressed parliament at an election rally. The proposal will be discussed by elected representatives. The decision is expected to become an important public issue.",Political
1193,"In a latest development, Jude Bellingham scored a decisive goal after a closely fought contest. The coach praised the player's fitness and tactical performance. Fans discussed the result after the final whistle.",Sports
1194,"According to a new report, the district police recovered stolen property after a robbery was reported. Police said the investigation is continuing. Investigators are examining evidence and questioning people connected with the case.",Crime
1195,"In the latest update, NASA scientists launched a spacecraft during a rocket launch. Scientists said the observations could improve understanding of the universe. The mission is expected to provide valuable scientific data.",Space
1196,Officials said the opposition party announced a new policy during a parliamentary session. The proposal will be discussed by elected representatives. The decision is expected to become an important public issue.,Political
1197,"In the latest update, SpaceX engineers announced a lunar mission during a rocket launch. Scientists said the observations could improve understanding of the universe. The mission is expected to provide valuable scientific data.",Space
1198,Officials said Shah Rukh Khan shared details about the screenplay for the upcoming Tamil film. The announcement generated strong interest among movie audiences. Fans discussed the trailer and upcoming release.,Cinema
1199,"According to a new report, NASA launched a spacecraft during a space mission. Scientists said the observations could improve understanding of the universe. The mission is expected to provide valuable scientific data.",Space
1200,"In the latest update, earth scientists examined coastal changes in a rapidly growing city. Researchers said the findings could help regional planning. Scientists used maps and field observations for the analysis.",Geography
1201,"In a latest development, the state government discussed bilateral relations at an election rally. The proposal will be discussed by elected representatives. The decision is expected to become an important public issue.",Political
1202,"In a latest development, the satellite launch team launched a spacecraft during a rocket launch. Scientists said the observations could improve understanding of the universe. The mission is expected to provide valuable scientific data.",Space
1203,New information shows that astronomers completed a spaceflight test during a space mission. Scientists said the observations could improve understanding of the universe. The mission is expected to provide valuable scientific data.,Space
1204,"In the latest update, Aamir Khan promoted the upcoming movie at the audio launch. The announcement generated strong interest among movie audiences. Fans discussed the trailer and upcoming release.",Cinema
1205,"According to a new report, regional researchers studied land use patterns across southern India. Researchers said the findings could help regional planning. Scientists used maps and field observations for the analysis.",Geography
1206,"According to a new report, Indian space scientists announced a lunar mission during a space mission. Scientists said the observations could improve understanding of the universe. The mission is expected to provide valuable scientific data.",Space
1207,"In the latest update, the opposition party announced a new policy at an election rally. The proposal will be discussed by elected representatives. The decision is expected to become an important public issue.",Political
1208,Officials said the cabinet reviewed government programmes during a parliamentary session. The proposal will be discussed by elected representatives. The decision is expected to become an important public issue.,Political
1209,"In a latest development, the satellite launch team launched a spacecraft during a rocket launch. Scientists said the observations could improve understanding of the universe. The mission is expected to provide valuable scientific data.",Space
1210,"In a latest development, the state government discussed bilateral relations at an election rally. The proposal will be discussed by elected representatives. The decision is expected to become an important public issue.",Political
1211,Officials said the Parliament presented a budget proposal during a parliamentary session. The proposal will be discussed by elected representatives. The decision is expected to become an important public issue.,Political
1212,New information shows that crime branch officers arrested a suspect after a robbery was reported. Police said the investigation is continuing. Investigators are examining evidence and questioning people connected with the case.,Crime
1213,A recent report said geographic information scientists analyzed geographic features in a rapidly growing city. Researchers said the findings could help regional planning. Scientists used maps and field observations for the analysis.,Geography
1214,"According to a new report, Allu Arjun promoted the upcoming movie for the upcoming Tamil film. The announcement generated strong interest among movie audiences. Fans discussed the trailer and upcoming release.",Cinema
1215,"According to a new report, the district police recovered stolen property after a robbery was reported. Police said the investigation is continuing. Investigators are examining evidence and questioning people connected with the case.",Crime
1216,New information shows that forensic investigators examined CCTV footage after a robbery was reported. Police said the investigation is continuing. Investigators are examining evidence and questioning people connected with the case.,Crime
1217,"In a latest development, the Himalayan research group studied land use patterns in a rapidly growing city. Researchers said the findings could help regional planning. Scientists used maps and field observations for the analysis.",Geography
1218,"According to a new report, the ruling party addressed parliament during a parliamentary session. The proposal will be discussed by elected representatives. The decision is expected to become an important public issue.",Political
1219,A recent report said the district police recovered stolen property following an arrest. Police said the investigation is continuing. Investigators are examining evidence and questioning people connected with the case.,Crime
1220,"According to a new report, detectives uncovered a fraud operation after a robbery was reported. Police said the investigation is continuing. Investigators are examining evidence and questioning people connected with the case.",Crime
1221,Officials said the European Space Agency studied an asteroid during a space mission. Scientists said the observations could improve understanding of the universe. The mission is expected to provide valuable scientific data.,Space
1222,"In the latest update, SpaceX engineers announced a lunar mission during a rocket launch. Scientists said the observations could improve understanding of the universe. The mission is expected to provide valuable scientific data.",Space
1223,"In the latest update, the foreign minister discussed bilateral relations at an election rally. The proposal will be discussed by elected representatives. The decision is expected to become an important public issue.",Political
1224,"In the latest update, Mumbai Indians was selected for the squad after a closely fought contest. The coach praised the player's fitness and tactical performance. Fans discussed the result after the final whistle.",Sports
1225,"In a latest development, the Himalayan research group studied land use patterns in a rapidly growing city. Researchers said the findings could help regional planning. Scientists used maps and field observations for the analysis.",Geography
1226,New information shows that Ajith Kumar announced a new movie for the upcoming Tamil film. The announcement generated strong interest among movie audiences. Fans discussed the trailer and upcoming release.,Cinema
1227,New information shows that astronomers completed a spaceflight test during a space mission. Scientists said the observations could improve understanding of the universe. The mission is expected to provide valuable scientific data.,Space
1228,Officials said NASA scientists launched a spacecraft during a space mission. Scientists said the observations could improve understanding of the universe. The mission is expected to provide valuable scientific data.,Space
1229,Officials said cartographers analyzed geographic features across southern India. Researchers said the findings could help regional planning. Scientists used maps and field observations for the analysis.,Geography
1230,"According to a new report, the ruling party addressed parliament during a parliamentary session. The proposal will be discussed by elected representatives. The decision is expected to become an important public issue.",Political
1231,New information shows that Deepika Padukone revealed the first look for the upcoming Tamil film. The announcement generated strong interest among movie audiences. Fans discussed the trailer and upcoming release.,Cinema
1232,A recent report said the ruling party addressed parliament at an election rally. The proposal will be discussed by elected representatives. The decision is expected to become an important public issue.,Political
1233,"According to a new report, ISRO scientists prepared astronauts for a mission during a space mission. Scientists said the observations could improve understanding of the universe. The mission is expected to provide valuable scientific data.",Space
1234,A recent report said government officials presented a budget proposal at an election rally. The proposal will be discussed by elected representatives. The decision is expected to become an important public issue.,Political
1235,"In a latest development, investigators launched an investigation following an arrest. Police said the investigation is continuing. Investigators are examining evidence and questioning people connected with the case.",Crime
1236,Officials said customs officials launched an investigation after a robbery was reported. Police said the investigation is continuing. Investigators are examining evidence and questioning people connected with the case.,Crime
1237,A recent report said Indian space scientists announced a lunar mission during a rocket launch. Scientists said the observations could improve understanding of the universe. The mission is expected to provide valuable scientific data.,Space
1238,"In the latest update, NASA scientists launched a spacecraft during a rocket launch. Scientists said the observations could improve understanding of the universe. The mission is expected to provide valuable scientific data.",Space
1239,"In a latest development, the climate monitoring team examined soil distribution in a rapidly growing city. Researchers said the findings could help regional planning. Scientists used maps and field observations for the analysis.",Geography
1240,"According to a new report, the local police department launched an investigation after a robbery was reported. Police said the investigation is continuing. Investigators are examining evidence and questioning people connected with the case.",Crime
1241,"In a latest development, ISRO announced a lunar mission during a rocket launch. Scientists said the observations could improve understanding of the universe. The mission is expected to provide valuable scientific data.",Space
1242,New information shows that astronauts prepared astronauts for a mission during a space mission. Scientists said the observations could improve understanding of the universe. The mission is expected to provide valuable scientific data.,Space
1243,"In a latest development, crime branch officers arrested a suspect following an arrest. Police said the investigation is continuing. Investigators are examining evidence and questioning people connected with the case.",Crime
1244,"In a latest development, court officials uncovered a fraud operation following an arrest. Police said the investigation is continuing. Investigators are examining evidence and questioning people connected with the case.",Crime
1245,"In the latest update, mapping experts mapped a river basin in a rapidly growing city. Researchers said the findings could help regional planning. Scientists used maps and field observations for the analysis.",Geography
1246,"According to a new report, MS Dhoni was selected for the squad during an international football match. The coach praised the player's fitness and tactical performance. Fans discussed the result after the final whistle.",Sports
1247,"In a latest development, forensic investigators examined CCTV footage following an arrest. Police said the investigation is continuing. Investigators are examining evidence and questioning people connected with the case.",Crime
1248,Officials said customs officials launched an investigation after a robbery was reported. Police said the investigation is continuing. Investigators are examining evidence and questioning people connected with the case.,Crime
1249,A recent report said geographic information scientists analyzed geographic features in a rapidly growing city. Researchers said the findings could help regional planning. Scientists used maps and field observations for the analysis.,Geography
1250,New information shows that the river basin study team mapped a river basin across southern India. Researchers said the findings could help regional planning. Scientists used maps and field observations for the analysis.,Geography
1251,"In the latest update, Aamir Khan revealed the first look at the audio launch. The announcement generated strong interest among movie audiences. Fans discussed the trailer and upcoming release.",Cinema
1252,"In the latest update, the cabinet reviewed government programmes at an election rally. The proposal will be discussed by elected representatives. The decision is expected to become an important public issue.",Political
1253,"In the latest update, the prosecution uncovered a fraud operation following an arrest. Police said the investigation is continuing. Investigators are examining evidence and questioning people connected with the case.",Crime
1254,"According to a new report, the film production team announced a new movie for the upcoming Tamil film. The announcement generated strong interest among movie audiences. Fans discussed the trailer and upcoming release.",Cinema
1255,"In the latest update, the anti-narcotics team arrested a suspect following an arrest. Police said the investigation is continuing. Investigators are examining evidence and questioning people connected with the case.",Crime
1256,New information shows that Rajinikanth received praise for the performance for the upcoming Tamil film. The announcement generated strong interest among movie audiences. Fans discussed the trailer and upcoming release.,Cinema
1257,"According to a new report, detectives uncovered a fraud operation after a robbery was reported. Police said the investigation is continuing. Investigators are examining evidence and questioning people connected with the case.",Crime
1258,Officials said mapping experts mapped a river basin across southern India. Researchers said the findings could help regional planning. Scientists used maps and field observations for the analysis.,Geography
1259,"According to a new report, Rajinikanth revealed the first look for the upcoming Tamil film. The announcement generated strong interest among movie audiences. Fans discussed the trailer and upcoming release.",Cinema
1260,Officials said the anti-narcotics team arrested a suspect after a robbery was reported. Police said the investigation is continuing. Investigators are examining evidence and questioning people connected with the case.,Crime
1261,A recent report said Manchester City scored a decisive goal after a closely fought contest. The coach praised the player's fitness and tactical performance. Fans discussed the result after the final whistle.,Sports
1262,A recent report said Vijay received praise for the performance at the audio launch. The announcement generated strong interest among movie audiences. Fans discussed the trailer and upcoming release.,Cinema
1263,"According to a new report, Deepika Padukone promoted the upcoming movie for the upcoming Tamil film. The announcement generated strong interest among movie audiences. Fans discussed the trailer and upcoming release.",Cinema
1264,"In a latest development, Rohit Sharma signed a new contract after a closely fought contest. The coach praised the player's fitness and tactical performance. Fans discussed the result after the final whistle.",Sports
1265,Officials said the lunar mission team completed a spaceflight test during a space mission. Scientists said the observations could improve understanding of the universe. The mission is expected to provide valuable scientific data.,Space
1266,"In a latest development, researchers analyzed geographic features in a rapidly growing city. Researchers said the findings could help regional planning. Scientists used maps and field observations for the analysis.",Geography
1267,"According to a new report, Chennai Super Kings signed a new contract during an international football match. The coach praised the player's fitness and tactical performance. Fans discussed the result after the final whistle.",Sports
1268,"According to a new report, Cristiano Ronaldo scored a decisive goal during an international football match. The coach praised the player's fitness and tactical performance. Fans discussed the result after the final whistle.",Sports
1269,"According to a new report, Carlos Alcaraz signed a new contract during an international football match. The coach praised the player's fitness and tactical performance. Fans discussed the result after the final whistle.",Sports
1270,New information shows that law enforcement officials recovered stolen property after a robbery was reported. Police said the investigation is continuing. Investigators are examining evidence and questioning people connected with the case.,Crime
1271,"In a latest development, the river basin study team mapped a river basin in a rapidly growing city. Researchers said the findings could help regional planning. Scientists used maps and field observations for the analysis.",Geography
1272,New information shows that Lokesh Kanagaraj announced a new movie for the upcoming Tamil film. The announcement generated strong interest among movie audiences. Fans discussed the trailer and upcoming release.,Cinema
1273,"In the latest update, the cabinet reviewed government programmes at an election rally. The proposal will be discussed by elected representatives. The decision is expected to become an important public issue.",Political
1274,"According to a new report, Chennai Super Kings signed a new contract during an international football match. The coach praised the player's fitness and tactical performance. Fans discussed the result after the final whistle.",Sports
1275,New information shows that the finance minister presented a budget proposal during a parliamentary session. The proposal will be discussed by elected representatives. The decision is expected to become an important public issue.,Political
1276,A recent report said detectives uncovered a fraud operation following an arrest. Police said the investigation is continuing. Investigators are examining evidence and questioning people connected with the case.,Crime
1277,"According to a new report, geographers mapped a river basin across southern India. Researchers said the findings could help regional planning. Scientists used maps and field observations for the analysis.",Geography
1278,Officials said Stephen Curry set a new record during an international football match. The coach praised the player's fitness and tactical performance. Fans discussed the result after the final whistle.,Sports
1279,A recent report said the coastal research team examined coastal changes in a rapidly growing city. Researchers said the findings could help regional planning. Scientists used maps and field observations for the analysis.,Geography
1280,"In the latest update, Mani Ratnam revealed the first look at the audio launch. The announcement generated strong interest among movie audiences. Fans discussed the trailer and upcoming release.",Cinema
1281,"According to a new report, Ajith Kumar revealed the first look for the upcoming Tamil film. The announcement generated strong interest among movie audiences. Fans discussed the trailer and upcoming release.",Cinema
1282,Officials said SpaceX prepared astronauts for a mission during a space mission. Scientists said the observations could improve understanding of the universe. The mission is expected to provide valuable scientific data.,Space
1283,"According to a new report, NASA launched a spacecraft during a space mission. Scientists said the observations could improve understanding of the universe. The mission is expected to provide valuable scientific data.",Space
1284,"In a latest development, Neeraj Chopra was selected for the squad after a closely fought contest. The coach praised the player's fitness and tactical performance. Fans discussed the result after the final whistle.",Sports
1285,"In a latest development, the lead actor announced a new movie at the audio launch. The announcement generated strong interest among movie audiences. Fans discussed the trailer and upcoming release.",Cinema
1286,"In the latest update, Kamal Haasan announced a new movie at the audio launch. The announcement generated strong interest among movie audiences. Fans discussed the trailer and upcoming release.",Cinema
1287,"According to a new report, ESA completed a spaceflight test during a space mission. Scientists said the observations could improve understanding of the universe. The mission is expected to provide valuable scientific data.",Space
1288,New information shows that Virat Kohli set a new record during an international football match. The coach praised the player's fitness and tactical performance. Fans discussed the result after the final whistle.,Sports
1289,Officials said the foreign minister discussed bilateral relations during a parliamentary session. The proposal will be discussed by elected representatives. The decision is expected to become an important public issue.,Political
1290,"In a latest development, Lionel Messi recorded a century after a closely fought contest. The coach praised the player's fitness and tactical performance. Fans discussed the result after the final whistle.",Sports
1291,New information shows that the legislative assembly announced a new policy during a parliamentary session. The proposal will be discussed by elected representatives. The decision is expected to become an important public issue.,Political
1292,"In a latest development, the finance minister presented a budget proposal at an election rally. The proposal will be discussed by elected representatives. The decision is expected to become an important public issue.",Political
1293,Officials said the geographical survey team studied land use patterns across southern India. Researchers said the findings could help regional planning. Scientists used maps and field observations for the analysis.,Geography
1294,"In a latest development, crime branch officers arrested a suspect following an arrest. Police said the investigation is continuing. Investigators are examining evidence and questioning people connected with the case.",Crime
1295,A recent report said Indian space scientists announced a lunar mission during a rocket launch. Scientists said the observations could improve understanding of the universe. The mission is expected to provide valuable scientific data.,Space
1296,New information shows that the Himalayan research group studied land use patterns across southern India. Researchers said the findings could help regional planning. Scientists used maps and field observations for the analysis.,Geography
1297,"In the latest update, the European Space Agency studied an asteroid during a rocket launch. Scientists said the observations could improve understanding of the universe. The mission is expected to provide valuable scientific data.",Space
1298,"According to a new report, the local police department launched an investigation after a robbery was reported. Police said the investigation is continuing. Investigators are examining evidence and questioning people connected with the case.",Crime
1299,"In a latest development, the river basin study team mapped a river basin in a rapidly growing city. Researchers said the findings could help regional planning. Scientists used maps and field observations for the analysis.",Geography
1300,"In the latest update, the prosecution uncovered a fraud operation following an arrest. Police said the investigation is continuing. Investigators are examining evidence and questioning people connected with the case.",Crime
1301,A recent report said regional researchers studied land use patterns in a rapidly growing city. Researchers said the findings could help regional planning. Scientists used maps and field observations for the analysis.,Geography
1302,Officials said the prosecution uncovered a fraud operation after a robbery was reported. Police said the investigation is continuing. Investigators are examining evidence and questioning people connected with the case.,Crime
1303,New information shows that forensic investigators examined CCTV footage after a robbery was reported. Police said the investigation is continuing. Investigators are examining evidence and questioning people connected with the case.,Crime
1304,"In the latest update, Kamal Haasan announced a new movie at the audio launch. The announcement generated strong interest among movie audiences. Fans discussed the trailer and upcoming release.",Cinema
1305,A recent report said the Election Commission reviewed government programmes at an election rally. The proposal will be discussed by elected representatives. The decision is expected to become an important public issue.,Political
1306,Officials said Chennai Super Kings signed a new contract during an international football match. The coach praised the player's fitness and tactical performance. Fans discussed the result after the final whistle.,Sports
1307,Officials said NASA scientists launched a spacecraft during a space mission. Scientists said the observations could improve understanding of the universe. The mission is expected to provide valuable scientific data.,Space
1308,"In the latest update, Kamal Haasan promoted the upcoming movie at the audio launch. The announcement generated strong interest among movie audiences. Fans discussed the trailer and upcoming release.",Cinema
1309,"In a latest development, the climate monitoring team examined soil distribution in a rapidly growing city. Researchers said the findings could help regional planning. Scientists used maps and field observations for the analysis.",Geography
1310,New information shows that Shah Rukh Khan shared details about the screenplay for the upcoming Tamil film. The announcement generated strong interest among movie audiences. Fans discussed the trailer and upcoming release.,Cinema
1311,"In a latest development, Suriya revealed the first look at the audio launch. The announcement generated strong interest among movie audiences. Fans discussed the trailer and upcoming release.",Cinema
1312,"In the latest update, Manchester City scored a decisive goal after a closely fought contest. The coach praised the player's fitness and tactical performance. Fans discussed the result after the final whistle.",Sports
1313,"In a latest development, ISRO announced a lunar mission during a rocket launch. Scientists said the observations could improve understanding of the universe. The mission is expected to provide valuable scientific data.",Space
1314,Officials said Cristiano Ronaldo scored a decisive goal during an international football match. The coach praised the player's fitness and tactical performance. Fans discussed the result after the final whistle.,Sports
1315,Officials said Virat Kohli set a new record during an international football match. The coach praised the player's fitness and tactical performance. Fans discussed the result after the final whistle.,Sports
1316,Officials said the prosecution uncovered a fraud operation after a robbery was reported. Police said the investigation is continuing. Investigators are examining evidence and questioning people connected with the case.,Crime
1317,A recent report said NASA launched a spacecraft during a rocket launch. Scientists said the observations could improve understanding of the universe. The mission is expected to provide valuable scientific data.,Space
1318,"In the latest update, the foreign minister discussed bilateral relations at an election rally. The proposal will be discussed by elected representatives. The decision is expected to become an important public issue.",Political
1319,"According to a new report, regional researchers studied land use patterns across southern India. Researchers said the findings could help regional planning. Scientists used maps and field observations for the analysis.",Geography
1320,A recent report said city police arrested a suspect following an arrest. Police said the investigation is continuing. Investigators are examining evidence and questioning people connected with the case.,Crime
1321,New information shows that the river basin study team mapped a river basin across southern India. Researchers said the findings could help regional planning. Scientists used maps and field observations for the analysis.,Geography
1322,A recent report said Manchester City scored a decisive goal after a closely fought contest. The coach praised the player's fitness and tactical performance. Fans discussed the result after the final whistle.,Sports
1323,"In a latest development, the river basin study team mapped a river basin in a rapidly growing city. Researchers said the findings could help regional planning. Scientists used maps and field observations for the analysis.",Geography
1324,A recent report said Aamir Khan revealed the first look at the audio launch. The announcement generated strong interest among movie audiences. Fans discussed the trailer and upcoming release.,Cinema
1325,A recent report said the coastal research team examined coastal changes in a rapidly growing city. Researchers said the findings could help regional planning. Scientists used maps and field observations for the analysis.,Geography
1326,New information shows that ISRO announced a lunar mission during a space mission. Scientists said the observations could improve understanding of the universe. The mission is expected to provide valuable scientific data.,Space
1327,"In a latest development, Vijay revealed the first look at the audio launch. The announcement generated strong interest among movie audiences. Fans discussed the trailer and upcoming release.",Cinema
1328,"According to a new report, Carlos Alcaraz signed a new contract during an international football match. The coach praised the player's fitness and tactical performance. Fans discussed the result after the final whistle.",Sports
1329,"According to a new report, ESA completed a spaceflight test during a space mission. Scientists said the observations could improve understanding of the universe. The mission is expected to provide valuable scientific data.",Space
1330,New information shows that ISRO announced a lunar mission during a space mission. Scientists said the observations could improve understanding of the universe. The mission is expected to provide valuable scientific data.,Space
1331,"According to a new report, the district police recovered stolen property after a robbery was reported. Police said the investigation is continuing. Investigators are examining evidence and questioning people connected with the case.",Crime
1332,New information shows that the finance minister presented a budget proposal during a parliamentary session. The proposal will be discussed by elected representatives. The decision is expected to become an important public issue.,Political
1333,Officials said the anti-narcotics team arrested a suspect after a robbery was reported. Police said the investigation is continuing. Investigators are examining evidence and questioning people connected with the case.,Crime
1334,Officials said Chennai Super Kings signed a new contract during an international football match. The coach praised the player's fitness and tactical performance. Fans discussed the result after the final whistle.,Sports
1335,"In a latest development, Nayanthara shared details about the screenplay at the audio launch. The announcement generated strong interest among movie audiences. Fans discussed the trailer and upcoming release.",Cinema
1336,A recent report said Prabhas revealed the first look at the audio launch. The announcement generated strong interest among movie audiences. Fans discussed the trailer and upcoming release.,Cinema
1337,"In the latest update, Suriya promoted the upcoming movie at the audio launch. The announcement generated strong interest among movie audiences. Fans discussed the trailer and upcoming release.",Cinema
1338,Officials said the Parliament presented a budget proposal during a parliamentary session. The proposal will be discussed by elected representatives. The decision is expected to become an important public issue.,Political
1339,Officials said the election campaign addressed parliament during a parliamentary session. The proposal will be discussed by elected representatives. The decision is expected to become an important public issue.,Political
1340,Officials said the Parliament presented a budget proposal during a parliamentary session. The proposal will be discussed by elected representatives. The decision is expected to become an important public issue.,Political
1341,"According to a new report, Shah Rukh Khan shared details about the screenplay for the upcoming Tamil film. The announcement generated strong interest among movie audiences. Fans discussed the trailer and upcoming release.",Cinema
1342,Officials said urban planners examined soil distribution across southern India. Researchers said the findings could help regional planning. Scientists used maps and field observations for the analysis.,Geography
1343,"In the latest update, Jude Bellingham scored a decisive goal after a closely fought contest. The coach praised the player's fitness and tactical performance. Fans discussed the result after the final whistle.",Sports
1344,"According to a new report, PV Sindhu scored a decisive goal during an international football match. The coach praised the player's fitness and tactical performance. Fans discussed the result after the final whistle.",Sports
1345,Officials said the Parliament presented a budget proposal during a parliamentary session. The proposal will be discussed by elected representatives. The decision is expected to become an important public issue.,Political
1346,"According to a new report, ESA completed a spaceflight test during a space mission. Scientists said the observations could improve understanding of the universe. The mission is expected to provide valuable scientific data.",Space
1347,"In the latest update, security officers recovered stolen property following an arrest. Police said the investigation is continuing. Investigators are examining evidence and questioning people connected with the case.",Crime
1348,"In a latest development, Kamal Haasan revealed the first look at the audio launch. The announcement generated strong interest among movie audiences. Fans discussed the trailer and upcoming release.",Cinema
1349,"In a latest development, forensic investigators examined CCTV footage following an arrest. Police said the investigation is continuing. Investigators are examining evidence and questioning people connected with the case.",Crime
1350,"In the latest update, Suriya announced a new movie at the audio launch. The announcement generated strong interest among movie audiences. Fans discussed the trailer and upcoming release.",Cinema
1351,Officials said Dhanush revealed the first look for the upcoming Tamil film. The announcement generated strong interest among movie audiences. Fans discussed the trailer and upcoming release.,Cinema
1352,New information shows that astronomers completed a spaceflight test during a space mission. Scientists said the observations could improve understanding of the universe. The mission is expected to provide valuable scientific data.,Space
1353,"In the latest update, Vijay announced a new movie at the audio launch. The announcement generated strong interest among movie audiences. Fans discussed the trailer and upcoming release.",Cinema
1354,New information shows that astronauts prepared astronauts for a mission during a space mission. Scientists said the observations could improve understanding of the universe. The mission is expected to provide valuable scientific data.,Space
1355,A recent report said ESA completed a spaceflight test during a rocket launch. Scientists said the observations could improve understanding of the universe. The mission is expected to provide valuable scientific data.,Space
1356,Officials said earth scientists examined coastal changes across southern India. Researchers said the findings could help regional planning. Scientists used maps and field observations for the analysis.,Geography
1357,Officials said customs officials launched an investigation after a robbery was reported. Police said the investigation is continuing. Investigators are examining evidence and questioning people connected with the case.,Crime
1358,Officials said cartographers analyzed geographic features across southern India. Researchers said the findings could help regional planning. Scientists used maps and field observations for the analysis.,Geography
1359,A recent report said investigators examined CCTV footage following an arrest. Police said the investigation is continuing. Investigators are examining evidence and questioning people connected with the case.,Crime
1360,"In a latest development, crime branch officers arrested a suspect following an arrest. Police said the investigation is continuing. Investigators are examining evidence and questioning people connected with the case.",Crime
1361,"In a latest development, crime branch officers arrested a suspect following an arrest. Police said the investigation is continuing. Investigators are examining evidence and questioning people connected with the case.",Crime
1362,"According to a new report, the ruling party addressed parliament during a parliamentary session. The proposal will be discussed by elected representatives. The decision is expected to become an important public issue.",Political
1363,A recent report said detectives uncovered a fraud operation following an arrest. Police said the investigation is continuing. Investigators are examining evidence and questioning people connected with the case.,Crime
1364,"In the latest update, earth scientists examined coastal changes in a rapidly growing city. Researchers said the findings could help regional planning. Scientists used maps and field observations for the analysis.",Geography
1365,"In a latest development, forensic investigators examined CCTV footage following an arrest. Police said the investigation is continuing. Investigators are examining evidence and questioning people connected with the case.",Crime
1366,"In the latest update, the prosecution uncovered a fraud operation following an arrest. Police said the investigation is continuing. Investigators are examining evidence and questioning people connected with the case.",Crime
1367,A recent report said Rohit Sharma signed a new contract after a closely fought contest. The coach praised the player's fitness and tactical performance. Fans discussed the result after the final whistle.,Sports
1368,New information shows that ISRO announced a lunar mission during a space mission. Scientists said the observations could improve understanding of the universe. The mission is expected to provide valuable scientific data.,Space
1369,A recent report said detectives uncovered a fraud operation following an arrest. Police said the investigation is continuing. Investigators are examining evidence and questioning people connected with the case.,Crime
1370,"According to a new report, PV Sindhu scored a decisive goal during an international football match. The coach praised the player's fitness and tactical performance. Fans discussed the result after the final whistle.",Sports
1371,New information shows that astronomers completed a spaceflight test during a space mission. Scientists said the observations could improve understanding of the universe. The mission is expected to provide valuable scientific data.,Space
1372,"In a latest development, the Himalayan research group studied land use patterns in a rapidly growing city. Researchers said the findings could help regional planning. Scientists used maps and field observations for the analysis.",Geography
1373,"In a latest development, Novak Djokovic set a new record after a closely fought contest. The coach praised the player's fitness and tactical performance. Fans discussed the result after the final whistle.",Sports
1374,Officials said security officers recovered stolen property after a robbery was reported. Police said the investigation is continuing. Investigators are examining evidence and questioning people connected with the case.,Crime
1375,New information shows that the river basin study team mapped a river basin across southern India. Researchers said the findings could help regional planning. Scientists used maps and field observations for the analysis.,Geography
1376,Officials said customs officials launched an investigation after a robbery was reported. Police said the investigation is continuing. Investigators are examining evidence and questioning people connected with the case.,Crime
1377,New information shows that astronauts prepared astronauts for a mission during a space mission. Scientists said the observations could improve understanding of the universe. The mission is expected to provide valuable scientific data.,Space
1378,New information shows that MS Dhoni was selected for the squad during an international football match. The coach praised the player's fitness and tactical performance. Fans discussed the result after the final whistle.,Sports
1379,New information shows that the Chief Minister addressed parliament during a parliamentary session. The proposal will be discussed by elected representatives. The decision is expected to become an important public issue.,Political
1380,"According to a new report, members of parliament discussed bilateral relations during a parliamentary session. The proposal will be discussed by elected representatives. The decision is expected to become an important public issue.",Political
1381,"In the latest update, NASA scientists launched a spacecraft during a rocket launch. Scientists said the observations could improve understanding of the universe. The mission is expected to provide valuable scientific data.",Space
1382,"According to a new report, ISRO scientists prepared astronauts for a mission during a space mission. Scientists said the observations could improve understanding of the universe. The mission is expected to provide valuable scientific data.",Space
1383,"According to a new report, city police arrested a suspect after a robbery was reported. Police said the investigation is continuing. Investigators are examining evidence and questioning people connected with the case.",Crime
1384,"According to a new report, government officials presented a budget proposal during a parliamentary session. The proposal will be discussed by elected representatives. The decision is expected to become an important public issue.",Political
1385,A recent report said Brazil football team set a new record after a closely fought contest. The coach praised the player's fitness and tactical performance. Fans discussed the result after the final whistle.,Sports
1386,"In the latest update, NASA scientists launched a spacecraft during a rocket launch. Scientists said the observations could improve understanding of the universe. The mission is expected to provide valuable scientific data.",Space
1387,A recent report said Suriya revealed the first look at the audio launch. The announcement generated strong interest among movie audiences. Fans discussed the trailer and upcoming release.,Cinema
1388,Officials said earth scientists examined coastal changes across southern India. Researchers said the findings could help regional planning. Scientists used maps and field observations for the analysis.,Geography
1389,"In a latest development, Vijay received praise for the performance at the audio launch. The announcement generated strong interest among movie audiences. Fans discussed the trailer and upcoming release.",Cinema
1390,A recent report said ISRO scientists prepared astronauts for a mission during a rocket launch. Scientists said the observations could improve understanding of the universe. The mission is expected to provide valuable scientific data.,Space
1391,"In the latest update, security officers recovered stolen property following an arrest. Police said the investigation is continuing. Investigators are examining evidence and questioning people connected with the case.",Crime
1392,A recent report said Nayanthara revealed the first look at the audio launch. The announcement generated strong interest among movie audiences. Fans discussed the trailer and upcoming release.,Cinema
1393,New information shows that crime branch officers arrested a suspect after a robbery was reported. Police said the investigation is continuing. Investigators are examining evidence and questioning people connected with the case.,Crime
1394,Officials said the geographical survey team studied land use patterns across southern India. Researchers said the findings could help regional planning. Scientists used maps and field observations for the analysis.,Geography
1395,A recent report said regional researchers studied land use patterns in a rapidly growing city. Researchers said the findings could help regional planning. Scientists used maps and field observations for the analysis.,Geography
1396,"In a latest development, climate researchers examined coastal changes in a rapidly growing city. Researchers said the findings could help regional planning. Scientists used maps and field observations for the analysis.",Geography
1397,"According to a new report, the Mars exploration team studied an asteroid during a space mission. Scientists said the observations could improve understanding of the universe. The mission is expected to provide valuable scientific data.",Space
1398,Officials said MS Dhoni was selected for the squad during an international football match. The coach praised the player's fitness and tactical performance. Fans discussed the result after the final whistle.,Sports
1399,"In a latest development, investigators launched an investigation following an arrest. Police said the investigation is continuing. Investigators are examining evidence and questioning people connected with the case.",Crime
1400,New information shows that Cristiano Ronaldo scored a decisive goal during an international football match. The coach praised the player's fitness and tactical performance. Fans discussed the result after the final whistle.,Sports
1401,A recent report said the Mars exploration team studied an asteroid during a rocket launch. Scientists said the observations could improve understanding of the universe. The mission is expected to provide valuable scientific data.,Space
1402,"According to a new report, Chennai Super Kings signed a new contract during an international football match. The coach praised the player's fitness and tactical performance. Fans discussed the result after the final whistle.",Sports
1403,"In a latest development, Mumbai Indians was selected for the squad after a closely fought contest. The coach praised the player's fitness and tactical performance. Fans discussed the result after the final whistle.",Sports
1404,"In the latest update, Vijay received praise for the performance at the audio launch. The announcement generated strong interest among movie audiences. Fans discussed the trailer and upcoming release.",Cinema
1405,A recent report said Novak Djokovic set a new record after a closely fought contest. The coach praised the player's fitness and tactical performance. Fans discussed the result after the final whistle.,Sports
1406,"In a latest development, Kamal Haasan promoted the upcoming movie at the audio launch. The announcement generated strong interest among movie audiences. Fans discussed the trailer and upcoming release.",Cinema
1407,"In a latest development, Nayanthara announced a new movie at the audio launch. The announcement generated strong interest among movie audiences. Fans discussed the trailer and upcoming release.",Cinema
1408,New information shows that the climate monitoring team examined soil distribution across southern India. Researchers said the findings could help regional planning. Scientists used maps and field observations for the analysis.,Geography
1409,"In the latest update, the geographical survey team studied land use patterns in a rapidly growing city. Researchers said the findings could help regional planning. Scientists used maps and field observations for the analysis.",Geography
1410,"According to a new report, the ruling party addressed parliament during a parliamentary session. The proposal will be discussed by elected representatives. The decision is expected to become an important public issue.",Political
1411,"In a latest development, Aamir Khan announced a new movie at the audio launch. The announcement generated strong interest among movie audiences. Fans discussed the trailer and upcoming release.",Cinema
1412,"In a latest development, Arsenal signed a new contract after a closely fought contest. The coach praised the player's fitness and tactical performance. Fans discussed the result after the final whistle.",Sports
1413,A recent report said the lead actor announced a new movie at the audio launch. The announcement generated strong interest among movie audiences. Fans discussed the trailer and upcoming release.,Cinema
1414,"In the latest update, the cabinet reviewed government programmes at an election rally. The proposal will be discussed by elected representatives. The decision is expected to become an important public issue.",Political
1415,"In the latest update, the lunar mission team completed a spaceflight test during a rocket launch. Scientists said the observations could improve understanding of the universe. The mission is expected to provide valuable scientific data.",Space
1416,"In a latest development, climate researchers examined coastal changes in a rapidly growing city. Researchers said the findings could help regional planning. Scientists used maps and field observations for the analysis.",Geography
1417,Officials said the European Space Agency studied an asteroid during a space mission. Scientists said the observations could improve understanding of the universe. The mission is expected to provide valuable scientific data.,Space
1418,New information shows that climate researchers examined coastal changes across southern India. Researchers said the findings could help regional planning. Scientists used maps and field observations for the analysis.,Geography
1419,"According to a new report, Stephen Curry set a new record during an international football match. The coach praised the player's fitness and tactical performance. Fans discussed the result after the final whistle.",Sports
1420,A recent report said Mumbai Indians was selected for the squad after a closely fought contest. The coach praised the player's fitness and tactical performance. Fans discussed the result after the final whistle.,Sports
1421,Officials said SpaceX engineers announced a lunar mission during a space mission. Scientists said the observations could improve understanding of the universe. The mission is expected to provide valuable scientific data.,Space
1422,"In the latest update, Mani Ratnam promoted the upcoming movie at the audio launch. The announcement generated strong interest among movie audiences. Fans discussed the trailer and upcoming release.",Cinema
1423,New information shows that the film production team shared details about the screenplay for the upcoming Tamil film. The announcement generated strong interest among movie audiences. Fans discussed the trailer and upcoming release.,Cinema
1424,Officials said Dhanush announced a new movie for the upcoming Tamil film. The announcement generated strong interest among movie audiences. Fans discussed the trailer and upcoming release.,Cinema
1425,"In the latest update, the foreign minister discussed bilateral relations at an election rally. The proposal will be discussed by elected representatives. The decision is expected to become an important public issue.",Political
1426,Officials said Carlos Alcaraz signed a new contract during an international football match. The coach praised the player's fitness and tactical performance. Fans discussed the result after the final whistle.,Sports
1427,New information shows that the river basin study team mapped a river basin across southern India. Researchers said the findings could help regional planning. Scientists used maps and field observations for the analysis.,Geography
1428,"According to a new report, members of parliament discussed bilateral relations during a parliamentary session. The proposal will be discussed by elected representatives. The decision is expected to become an important public issue.",Political
1429,"According to a new report, regional researchers studied land use patterns across southern India. Researchers said the findings could help regional planning. Scientists used maps and field observations for the analysis.",Geography
1430,"In a latest development, Rohit Sharma signed a new contract after a closely fought contest. The coach praised the player's fitness and tactical performance. Fans discussed the result after the final whistle.",Sports
1431,Officials said Rajinikanth promoted the upcoming movie for the upcoming Tamil film. The announcement generated strong interest among movie audiences. Fans discussed the trailer and upcoming release.,Cinema
1432,A recent report said Suriya shared details about the screenplay at the audio launch. The announcement generated strong interest among movie audiences. Fans discussed the trailer and upcoming release.,Cinema
1433,"According to a new report, the coastal research team examined coastal changes across southern India. Researchers said the findings could help regional planning. Scientists used maps and field observations for the analysis.",Geography
1434,Officials said the lunar mission team completed a spaceflight test during a space mission. Scientists said the observations could improve understanding of the universe. The mission is expected to provide valuable scientific data.,Space
1435,"According to a new report, the Election Commission reviewed government programmes during a parliamentary session. The proposal will be discussed by elected representatives. The decision is expected to become an important public issue.",Political
1436,Officials said PV Sindhu scored a decisive goal during an international football match. The coach praised the player's fitness and tactical performance. Fans discussed the result after the final whistle.,Sports
1437,A recent report said investigators examined CCTV footage following an arrest. Police said the investigation is continuing. Investigators are examining evidence and questioning people connected with the case.,Crime
1438,"According to a new report, investigators examined CCTV footage after a robbery was reported. Police said the investigation is continuing. Investigators are examining evidence and questioning people connected with the case.",Crime
1439,New information shows that climate researchers examined coastal changes across southern India. Researchers said the findings could help regional planning. Scientists used maps and field observations for the analysis.,Geography
1440,"In the latest update, the European Space Agency studied an asteroid during a rocket launch. Scientists said the observations could improve understanding of the universe. The mission is expected to provide valuable scientific data.",Space
1441,"In a latest development, the state government discussed bilateral relations at an election rally. The proposal will be discussed by elected representatives. The decision is expected to become an important public issue.",Political
1442,"In the latest update, customs officials launched an investigation following an arrest. Police said the investigation is continuing. Investigators are examining evidence and questioning people connected with the case.",Crime
1443,New information shows that political leaders reviewed government programmes during a parliamentary session. The proposal will be discussed by elected representatives. The decision is expected to become an important public issue.,Political
1444,"In a latest development, court officials uncovered a fraud operation following an arrest. Police said the investigation is continuing. Investigators are examining evidence and questioning people connected with the case.",Crime
1445,"In the latest update, SpaceX engineers announced a lunar mission during a rocket launch. Scientists said the observations could improve understanding of the universe. The mission is expected to provide valuable scientific data.",Space
1446,A recent report said the ruling party addressed parliament at an election rally. The proposal will be discussed by elected representatives. The decision is expected to become an important public issue.,Political
1447,New information shows that crime branch officers arrested a suspect after a robbery was reported. Police said the investigation is continuing. Investigators are examining evidence and questioning people connected with the case.,Crime
1448,New information shows that law enforcement officials recovered stolen property after a robbery was reported. Police said the investigation is continuing. Investigators are examining evidence and questioning people connected with the case.,Crime
1449,New information shows that court officials uncovered a fraud operation after a robbery was reported. Police said the investigation is continuing. Investigators are examining evidence and questioning people connected with the case.,Crime
1450,Officials said the geographical survey team studied land use patterns across southern India. Researchers said the findings could help regional planning. Scientists used maps and field observations for the analysis.,Geography
1451,"In a latest development, Nayanthara announced a new movie at the audio launch. The announcement generated strong interest among movie audiences. Fans discussed the trailer and upcoming release.",Cinema
1452,A recent report said Mani Ratnam shared details about the screenplay at the audio launch. The announcement generated strong interest among movie audiences. Fans discussed the trailer and upcoming release.,Cinema
1453,"According to a new report, the district police recovered stolen property after a robbery was reported. Police said the investigation is continuing. Investigators are examining evidence and questioning people connected with the case.",Crime
1454,"According to a new report, NASA launched a spacecraft during a space mission. Scientists said the observations could improve understanding of the universe. The mission is expected to provide valuable scientific data.",Space
1455,"In the latest update, the election campaign addressed parliament at an election rally. The proposal will be discussed by elected representatives. The decision is expected to become an important public issue.",Political
1456,"According to a new report, Ajith Kumar received praise for the performance for the upcoming Tamil film. The announcement generated strong interest among movie audiences. Fans discussed the trailer and upcoming release.",Cinema
1457,New information shows that the finance minister presented a budget proposal during a parliamentary session. The proposal will be discussed by elected representatives. The decision is expected to become an important public issue.,Political
1458,Officials said the lunar mission team completed a spaceflight test during a space mission. Scientists said the observations could improve understanding of the universe. The mission is expected to provide valuable scientific data.,Space
1459,"In the latest update, SpaceX engineers announced a lunar mission during a rocket launch. Scientists said the observations could improve understanding of the universe. The mission is expected to provide valuable scientific data.",Space
1460,A recent report said the local police department launched an investigation following an arrest. Police said the investigation is continuing. Investigators are examining evidence and questioning people connected with the case.,Crime
1461,"In the latest update, Vijay shared details about the screenplay at the audio launch. The announcement generated strong interest among movie audiences. Fans discussed the trailer and upcoming release.",Cinema
1462,A recent report said city police arrested a suspect following an arrest. Police said the investigation is continuing. Investigators are examining evidence and questioning people connected with the case.,Crime
1463,"According to a new report, the coastal research team examined coastal changes across southern India. Researchers said the findings could help regional planning. Scientists used maps and field observations for the analysis.",Geography
1464,"In the latest update, Prabhas revealed the first look at the audio launch. The announcement generated strong interest among movie audiences. Fans discussed the trailer and upcoming release.",Cinema
1465,Officials said Real Madrid was selected for the squad during an international football match. The coach praised the player's fitness and tactical performance. Fans discussed the result after the final whistle.,Sports
1466,"According to a new report, Indian space scientists announced a lunar mission during a space mission. Scientists said the observations could improve understanding of the universe. The mission is expected to provide valuable scientific data.",Space
1467,New information shows that the finance minister presented a budget proposal during a parliamentary session. The proposal will be discussed by elected representatives. The decision is expected to become an important public issue.,Political
1468,Officials said the anti-narcotics team arrested a suspect after a robbery was reported. Police said the investigation is continuing. Investigators are examining evidence and questioning people connected with the case.,Crime
1469,New information shows that Allu Arjun revealed the first look for the upcoming Tamil film. The announcement generated strong interest among movie audiences. Fans discussed the trailer and upcoming release.,Cinema
1470,"In the latest update, urban planners examined soil distribution in a rapidly growing city. Researchers said the findings could help regional planning. Scientists used maps and field observations for the analysis.",Geography
1471,"In the latest update, cartographers analyzed geographic features in a rapidly growing city. Researchers said the findings could help regional planning. Scientists used maps and field observations for the analysis.",Geography
1472,New information shows that Deepika Padukone promoted the upcoming movie for the upcoming Tamil film. The announcement generated strong interest among movie audiences. Fans discussed the trailer and upcoming release.,Cinema
1473,"In a latest development, crime branch officers arrested a suspect following an arrest. Police said the investigation is continuing. Investigators are examining evidence and questioning people connected with the case.",Crime
1474,"In a latest development, political leaders reviewed government programmes at an election rally. The proposal will be discussed by elected representatives. The decision is expected to become an important public issue.",Political
1475,Officials said the cabinet reviewed government programmes during a parliamentary session. The proposal will be discussed by elected representatives. The decision is expected to become an important public issue.,Political
1476,"According to a new report, detectives uncovered a fraud operation after a robbery was reported. Police said the investigation is continuing. Investigators are examining evidence and questioning people connected with the case.",Crime
1477,A recent report said geographers mapped a river basin in a rapidly growing city. Researchers said the findings could help regional planning. Scientists used maps and field observations for the analysis.,Geography
1478,"According to a new report, India cricket team recorded a century during an international football match. The coach praised the player's fitness and tactical performance. Fans discussed the result after the final whistle.",Sports
1479,"In a latest development, climate researchers examined coastal changes in a rapidly growing city. Researchers said the findings could help regional planning. Scientists used maps and field observations for the analysis.",Geography
1480,New information shows that political leaders reviewed government programmes during a parliamentary session. The proposal will be discussed by elected representatives. The decision is expected to become an important public issue.,Political
1481,"In the latest update, Arsenal signed a new contract after a closely fought contest. The coach praised the player's fitness and tactical performance. Fans discussed the result after the final whistle.",Sports
1482,New information shows that researchers analyzed geographic features across southern India. Researchers said the findings could help regional planning. Scientists used maps and field observations for the analysis.,Geography
1483,"In the latest update, the anti-narcotics team arrested a suspect following an arrest. Police said the investigation is continuing. Investigators are examining evidence and questioning people connected with the case.",Crime
1484,Officials said urban planners examined soil distribution across southern India. Researchers said the findings could help regional planning. Scientists used maps and field observations for the analysis.,Geography
1485,A recent report said Novak Djokovic set a new record after a closely fought contest. The coach praised the player's fitness and tactical performance. Fans discussed the result after the final whistle.,Sports
1486,Officials said the foreign minister discussed bilateral relations during a parliamentary session. The proposal will be discussed by elected representatives. The decision is expected to become an important public issue.,Political
1487,A recent report said investigators examined CCTV footage following an arrest. Police said the investigation is continuing. Investigators are examining evidence and questioning people connected with the case.,Crime
1488,"In a latest development, Lionel Messi recorded a century after a closely fought contest. The coach praised the player's fitness and tactical performance. Fans discussed the result after the final whistle.",Sports
1489,"In the latest update, the anti-narcotics team arrested a suspect following an arrest. Police said the investigation is continuing. Investigators are examining evidence and questioning people connected with the case.",Crime
1490,"In the latest update, mapping experts mapped a river basin in a rapidly growing city. Researchers said the findings could help regional planning. Scientists used maps and field observations for the analysis.",Geography
1491,"In a latest development, the Himalayan research group studied land use patterns in a rapidly growing city. Researchers said the findings could help regional planning. Scientists used maps and field observations for the analysis.",Geography
1492,"According to a new report, city police arrested a suspect after a robbery was reported. Police said the investigation is continuing. Investigators are examining evidence and questioning people connected with the case.",Crime
1493,A recent report said the lead actor promoted the upcoming movie at the audio launch. The announcement generated strong interest among movie audiences. Fans discussed the trailer and upcoming release.,Cinema
1494,New information shows that PV Sindhu scored a decisive goal during an international football match. The coach praised the player's fitness and tactical performance. Fans discussed the result after the final whistle.,Sports
1495,Officials said the election campaign addressed parliament during a parliamentary session. The proposal will be discussed by elected representatives. The decision is expected to become an important public issue.,Political
1496,"In a latest development, Novak Djokovic set a new record after a closely fought contest. The coach praised the player's fitness and tactical performance. Fans discussed the result after the final whistle.",Sports
1497,"In the latest update, the prosecution uncovered a fraud operation following an arrest. Police said the investigation is continuing. Investigators are examining evidence and questioning people connected with the case.",Crime
1498,"According to a new report, the Prime Minister announced a new policy during a parliamentary session. The proposal will be discussed by elected representatives. The decision is expected to become an important public issue.",Political
1499,Officials said the opposition party announced a new policy during a parliamentary session. The proposal will be discussed by elected representatives. The decision is expected to become an important public issue.,Political
1500,"According to a new report, detectives uncovered a fraud operation after a robbery was reported. Police said the investigation is continuing. Investigators are examining evidence and questioning people connected with the case.",Crime
1501,Officials said Cristiano Ronaldo scored a decisive goal during an international football match. The coach praised the player's fitness and tactical performance. Fans discussed the result after the final whistle.,Sports
1502,A recent report said NASA launched a spacecraft during a rocket launch. Scientists said the observations could improve understanding of the universe. The mission is expected to provide valuable scientific data.,Space
1503,A recent report said Lionel Messi recorded a century after a closely fought contest. The coach praised the player's fitness and tactical performance. Fans discussed the result after the final whistle.,Sports
1504,New information shows that Cristiano Ronaldo scored a decisive goal during an international football match. The coach praised the player's fitness and tactical performance. Fans discussed the result after the final whistle.,Sports
1505,A recent report said Nayanthara received praise for the performance at the audio launch. The announcement generated strong interest among movie audiences. Fans discussed the trailer and upcoming release.,Cinema
1506,A recent report said the Prime Minister announced a new policy at an election rally. The proposal will be discussed by elected representatives. The decision is expected to become an important public issue.,Political
1507,A recent report said geographers mapped a river basin in a rapidly growing city. Researchers said the findings could help regional planning. Scientists used maps and field observations for the analysis.,Geography
1508,"According to a new report, NASA launched a spacecraft during a space mission. Scientists said the observations could improve understanding of the universe. The mission is expected to provide valuable scientific data.",Space
1509,"According to a new report, Indian space scientists announced a lunar mission during a space mission. Scientists said the observations could improve understanding of the universe. The mission is expected to provide valuable scientific data.",Space
1510,A recent report said NASA launched a spacecraft during a rocket launch. Scientists said the observations could improve understanding of the universe. The mission is expected to provide valuable scientific data.,Space
1511,"In a latest development, law enforcement officials recovered stolen property following an arrest. Police said the investigation is continuing. Investigators are examining evidence and questioning people connected with the case.",Crime
1512,"In a latest development, the satellite launch team launched a spacecraft during a rocket launch. Scientists said the observations could improve understanding of the universe. The mission is expected to provide valuable scientific data.",Space
1513,Officials said SpaceX prepared astronauts for a mission during a space mission. Scientists said the observations could improve understanding of the universe. The mission is expected to provide valuable scientific data.,Space
1514,"According to a new report, the coastal research team examined coastal changes across southern India. Researchers said the findings could help regional planning. Scientists used maps and field observations for the analysis.",Geography
1515,"In a latest development, Arsenal signed a new contract after a closely fought contest. The coach praised the player's fitness and tactical performance. Fans discussed the result after the final whistle.",Sports
1516,A recent report said city police arrested a suspect following an arrest. Police said the investigation is continuing. Investigators are examining evidence and questioning people connected with the case.,Crime
1517,"In a latest development, the state government discussed bilateral relations at an election rally. The proposal will be discussed by elected representatives. The decision is expected to become an important public issue.",Political
1518,"According to a new report, NASA launched a spacecraft during a space mission. Scientists said the observations could improve understanding of the universe. The mission is expected to provide valuable scientific data.",Space
1519,"In a latest development, astronauts prepared astronauts for a mission during a rocket launch. Scientists said the observations could improve understanding of the universe. The mission is expected to provide valuable scientific data.",Space
1520,Officials said the opposition party announced a new policy during a parliamentary session. The proposal will be discussed by elected representatives. The decision is expected to become an important public issue.,Political
1521,A recent report said Jude Bellingham scored a decisive goal after a closely fought contest. The coach praised the player's fitness and tactical performance. Fans discussed the result after the final whistle.,Sports
1522,New information shows that law enforcement officials recovered stolen property after a robbery was reported. Police said the investigation is continuing. Investigators are examining evidence and questioning people connected with the case.,Crime
1523,New information shows that crime branch officers arrested a suspect after a robbery was reported. Police said the investigation is continuing. Investigators are examining evidence and questioning people connected with the case.,Crime
1524,A recent report said members of parliament discussed bilateral relations at an election rally. The proposal will be discussed by elected representatives. The decision is expected to become an important public issue.,Political
1525,Officials said the opposition party announced a new policy during a parliamentary session. The proposal will be discussed by elected representatives. The decision is expected to become an important public issue.,Political
1526,New information shows that MS Dhoni was selected for the squad during an international football match. The coach praised the player's fitness and tactical performance. Fans discussed the result after the final whistle.,Sports
1527,A recent report said the ruling party addressed parliament at an election rally. The proposal will be discussed by elected representatives. The decision is expected to become an important public issue.,Political
1528,"In a latest development, Prabhas received praise for the performance at the audio launch. The announcement generated strong interest among movie audiences. Fans discussed the trailer and upcoming release.",Cinema
1529,A recent report said Neeraj Chopra was selected for the squad after a closely fought contest. The coach praised the player's fitness and tactical performance. Fans discussed the result after the final whistle.,Sports
1530,"According to a new report, the coastal research team examined coastal changes across southern India. Researchers said the findings could help regional planning. Scientists used maps and field observations for the analysis.",Geography
1531,A recent report said the Prime Minister announced a new policy at an election rally. The proposal will be discussed by elected representatives. The decision is expected to become an important public issue.,Political
1532,A recent report said ISRO scientists prepared astronauts for a mission during a rocket launch. Scientists said the observations could improve understanding of the universe. The mission is expected to provide valuable scientific data.,Space
1533,"According to a new report, the local police department launched an investigation after a robbery was reported. Police said the investigation is continuing. Investigators are examining evidence and questioning people connected with the case.",Crime
1534,A recent report said Aamir Khan shared details about the screenplay at the audio launch. The announcement generated strong interest among movie audiences. Fans discussed the trailer and upcoming release.,Cinema
1535,"In the latest update, Mani Ratnam promoted the upcoming movie at the audio launch. The announcement generated strong interest among movie audiences. Fans discussed the trailer and upcoming release.",Cinema
1536,"According to a new report, Dhanush revealed the first look for the upcoming Tamil film. The announcement generated strong interest among movie audiences. Fans discussed the trailer and upcoming release.",Cinema
1537,"According to a new report, the Mars exploration team studied an asteroid during a space mission. Scientists said the observations could improve understanding of the universe. The mission is expected to provide valuable scientific data.",Space
1538,"According to a new report, Ajith Kumar announced a new movie for the upcoming Tamil film. The announcement generated strong interest among movie audiences. Fans discussed the trailer and upcoming release.",Cinema
1539,"According to a new report, Dhanush received praise for the performance for the upcoming Tamil film. The announcement generated strong interest among movie audiences. Fans discussed the trailer and upcoming release.",Cinema
1540,A recent report said detectives uncovered a fraud operation following an arrest. Police said the investigation is continuing. Investigators are examining evidence and questioning people connected with the case.,Crime
1541,"According to a new report, Dhanush revealed the first look for the upcoming Tamil film. The announcement generated strong interest among movie audiences. Fans discussed the trailer and upcoming release.",Cinema
1542,"In the latest update, customs officials launched an investigation following an arrest. Police said the investigation is continuing. Investigators are examining evidence and questioning people connected with the case.",Crime
1543,A recent report said Nayanthara announced a new movie at the audio launch. The announcement generated strong interest among movie audiences. Fans discussed the trailer and upcoming release.,Cinema
1544,New information shows that Allu Arjun revealed the first look for the upcoming Tamil film. The announcement generated strong interest among movie audiences. Fans discussed the trailer and upcoming release.,Cinema
1545,Officials said SpaceX prepared astronauts for a mission during a space mission. Scientists said the observations could improve understanding of the universe. The mission is expected to provide valuable scientific data.,Space
1546,New information shows that the finance minister presented a budget proposal during a parliamentary session. The proposal will be discussed by elected representatives. The decision is expected to become an important public issue.,Political
1547,A recent report said investigators examined CCTV footage following an arrest. Police said the investigation is continuing. Investigators are examining evidence and questioning people connected with the case.,Crime
1548,New information shows that the Chief Minister addressed parliament during a parliamentary session. The proposal will be discussed by elected representatives. The decision is expected to become an important public issue.,Political
1549,Officials said Shah Rukh Khan revealed the first look for the upcoming Tamil film. The announcement generated strong interest among movie audiences. Fans discussed the trailer and upcoming release.,Cinema
1550,New information shows that researchers analyzed geographic features across southern India. Researchers said the findings could help regional planning. Scientists used maps and field observations for the analysis.,Geography
1551,"In the latest update, urban planners examined soil distribution in a rapidly growing city. Researchers said the findings could help regional planning. Scientists used maps and field observations for the analysis.",Geography
1552,Officials said Real Madrid was selected for the squad during an international football match. The coach praised the player's fitness and tactical performance. Fans discussed the result after the final whistle.,Sports
1553,"According to a new report, Dhanush announced a new movie for the upcoming Tamil film. The announcement generated strong interest among movie audiences. Fans discussed the trailer and upcoming release.",Cinema
1554,"According to a new report, Ajith Kumar shared details about the screenplay for the upcoming Tamil film. The announcement generated strong interest among movie audiences. Fans discussed the trailer and upcoming release.",Cinema
1555,New information shows that the finance minister presented a budget proposal during a parliamentary session. The proposal will be discussed by elected representatives. The decision is expected to become an important public issue.,Political
1556,"According to a new report, Rajinikanth received praise for the performance for the upcoming Tamil film. The announcement generated strong interest among movie audiences. Fans discussed the trailer and upcoming release.",Cinema
1557,A recent report said geographic information scientists analyzed geographic features in a rapidly growing city. Researchers said the findings could help regional planning. Scientists used maps and field observations for the analysis.,Geography
1558,"In the latest update, the cyber crime unit examined CCTV footage following an arrest. Police said the investigation is continuing. Investigators are examining evidence and questioning people connected with the case.",Crime
1559,"In the latest update, Novak Djokovic set a new record after a closely fought contest. The coach praised the player's fitness and tactical performance. Fans discussed the result after the final whistle.",Sports
1560,"In a latest development, court officials uncovered a fraud operation following an arrest. Police said the investigation is continuing. Investigators are examining evidence and questioning people connected with the case.",Crime
1561,Officials said SpaceX prepared astronauts for a mission during a space mission. Scientists said the observations could improve understanding of the universe. The mission is expected to provide valuable scientific data.,Space
1562,A recent report said the lead actor revealed the first look at the audio launch. The announcement generated strong interest among movie audiences. Fans discussed the trailer and upcoming release.,Cinema
1563,"In a latest development, law enforcement officials recovered stolen property following an arrest. Police said the investigation is continuing. Investigators are examining evidence and questioning people connected with the case.",Crime
1564,"In a latest development, Novak Djokovic set a new record after a closely fought contest. The coach praised the player's fitness and tactical performance. Fans discussed the result after the final whistle.",Sports
1565,"In the latest update, NASA scientists launched a spacecraft during a rocket launch. Scientists said the observations could improve understanding of the universe. The mission is expected to provide valuable scientific data.",Space
1566,A recent report said the coastal research team examined coastal changes in a rapidly growing city. Researchers said the findings could help regional planning. Scientists used maps and field observations for the analysis.,Geography
1567,"According to a new report, the film production team revealed the first look for the upcoming Tamil film. The announcement generated strong interest among movie audiences. Fans discussed the trailer and upcoming release.",Cinema
1568,A recent report said city police arrested a suspect following an arrest. Police said the investigation is continuing. Investigators are examining evidence and questioning people connected with the case.,Crime
1569,"In the latest update, the election campaign addressed parliament at an election rally. The proposal will be discussed by elected representatives. The decision is expected to become an important public issue.",Political
1570,New information shows that the Himalayan research group studied land use patterns across southern India. Researchers said the findings could help regional planning. Scientists used maps and field observations for the analysis.,Geography
1571,A recent report said regional researchers studied land use patterns in a rapidly growing city. Researchers said the findings could help regional planning. Scientists used maps and field observations for the analysis.,Geography
1572,"In the latest update, the European Space Agency studied an asteroid during a rocket launch. Scientists said the observations could improve understanding of the universe. The mission is expected to provide valuable scientific data.",Space
1573,"According to a new report, Lokesh Kanagaraj revealed the first look for the upcoming Tamil film. The announcement generated strong interest among movie audiences. Fans discussed the trailer and upcoming release.",Cinema
1574,New information shows that climate researchers examined coastal changes across southern India. Researchers said the findings could help regional planning. Scientists used maps and field observations for the analysis.,Geography
1575,Officials said PV Sindhu scored a decisive goal during an international football match. The coach praised the player's fitness and tactical performance. Fans discussed the result after the final whistle.,Sports
1576,New information shows that crime branch officers arrested a suspect after a robbery was reported. Police said the investigation is continuing. Investigators are examining evidence and questioning people connected with the case.,Crime
1577,A recent report said ESA completed a spaceflight test during a rocket launch. Scientists said the observations could improve understanding of the universe. The mission is expected to provide valuable scientific data.,Space
1578,"In a latest development, the Chief Minister addressed parliament at an election rally. The proposal will be discussed by elected representatives. The decision is expected to become an important public issue.",Political
1579,"According to a new report, Virat Kohli set a new record during an international football match. The coach praised the player's fitness and tactical performance. Fans discussed the result after the final whistle.",Sports
1580,A recent report said Rohit Sharma signed a new contract after a closely fought contest. The coach praised the player's fitness and tactical performance. Fans discussed the result after the final whistle.,Sports
1581,"According to a new report, Ajith Kumar shared details about the screenplay for the upcoming Tamil film. The announcement generated strong interest among movie audiences. Fans discussed the trailer and upcoming release.",Cinema
1582,Officials said SpaceX prepared astronauts for a mission during a space mission. Scientists said the observations could improve understanding of the universe. The mission is expected to provide valuable scientific data.,Space
1583,A recent report said Nayanthara announced a new movie at the audio launch. The announcement generated strong interest among movie audiences. Fans discussed the trailer and upcoming release.,Cinema
1584,"According to a new report, Rajinikanth shared details about the screenplay for the upcoming Tamil film. The announcement generated strong interest among movie audiences. Fans discussed the trailer and upcoming release.",Cinema
1585,"In the latest update, the cyber crime unit examined CCTV footage following an arrest. Police said the investigation is continuing. Investigators are examining evidence and questioning people connected with the case.",Crime
1586,Officials said customs officials launched an investigation after a robbery was reported. Police said the investigation is continuing. Investigators are examining evidence and questioning people connected with the case.,Crime
1587,"In the latest update, urban planners examined soil distribution in a rapidly growing city. Researchers said the findings could help regional planning. Scientists used maps and field observations for the analysis.",Geography
1588,Officials said customs officials launched an investigation after a robbery was reported. Police said the investigation is continuing. Investigators are examining evidence and questioning people connected with the case.,Crime
1589,"In the latest update, Suriya promoted the upcoming movie at the audio launch. The announcement generated strong interest among movie audiences. Fans discussed the trailer and upcoming release.",Cinema
1590,New information shows that the James Webb Space Telescope studied an asteroid during a space mission. Scientists said the observations could improve understanding of the universe. The mission is expected to provide valuable scientific data.,Space
1591,"In a latest development, investigators launched an investigation following an arrest. Police said the investigation is continuing. Investigators are examining evidence and questioning people connected with the case.",Crime
1592,Officials said Dhanush revealed the first look for the upcoming Tamil film. The announcement generated strong interest among movie audiences. Fans discussed the trailer and upcoming release.,Cinema
1593,A recent report said Jude Bellingham scored a decisive goal after a closely fought contest. The coach praised the player's fitness and tactical performance. Fans discussed the result after the final whistle.,Sports
1594,A recent report said Prabhas announced a new movie at the audio launch. The announcement generated strong interest among movie audiences. Fans discussed the trailer and upcoming release.,Cinema
1595,"In a latest development, ISRO announced a lunar mission during a rocket launch. Scientists said the observations could improve understanding of the universe. The mission is expected to provide valuable scientific data.",Space
1596,"In a latest development, Novak Djokovic set a new record after a closely fought contest. The coach praised the player's fitness and tactical performance. Fans discussed the result after the final whistle.",Sports
1597,"In the latest update, mapping experts mapped a river basin in a rapidly growing city. Researchers said the findings could help regional planning. Scientists used maps and field observations for the analysis.",Geography
1598,New information shows that Chennai Super Kings signed a new contract during an international football match. The coach praised the player's fitness and tactical performance. Fans discussed the result after the final whistle.,Sports
1599,"In the latest update, the cabinet reviewed government programmes at an election rally. The proposal will be discussed by elected representatives. The decision is expected to become an important public issue.",Political
1600,A recent report said Suriya promoted the upcoming movie at the audio launch. The announcement generated strong interest among movie audiences. Fans discussed the trailer and upcoming release.,Cinema
1601,A recent report said Lionel Messi recorded a century after a closely fought contest. The coach praised the player's fitness and tactical performance. Fans discussed the result after the final whistle.,Sports
1602,"In a latest development, the Himalayan research group studied land use patterns in a rapidly growing city. Researchers said the findings could help regional planning. Scientists used maps and field observations for the analysis.",Geography
1603,Officials said mapping experts mapped a river basin across southern India. Researchers said the findings could help regional planning. Scientists used maps and field observations for the analysis.,Geography
1604,"According to a new report, the local police department launched an investigation after a robbery was reported. Police said the investigation is continuing. Investigators are examining evidence and questioning people connected with the case.",Crime
1605,"In the latest update, SpaceX engineers announced a lunar mission during a rocket launch. Scientists said the observations could improve understanding of the universe. The mission is expected to provide valuable scientific data.",Space
1606,"In a latest development, the lead actor shared details about the screenplay at the audio launch. The announcement generated strong interest among movie audiences. Fans discussed the trailer and upcoming release.",Cinema
1607,"According to a new report, regional researchers studied land use patterns across southern India. Researchers said the findings could help regional planning. Scientists used maps and field observations for the analysis.",Geography
1608,"According to a new report, geographers mapped a river basin across southern India. Researchers said the findings could help regional planning. Scientists used maps and field observations for the analysis.",Geography
1609,"In the latest update, the Parliament presented a budget proposal at an election rally. The proposal will be discussed by elected representatives. The decision is expected to become an important public issue.",Political
1610,"According to a new report, the coastal research team examined coastal changes across southern India. Researchers said the findings could help regional planning. Scientists used maps and field observations for the analysis.",Geography
1611,"According to a new report, geographic information scientists analyzed geographic features across southern India. Researchers said the findings could help regional planning. Scientists used maps and field observations for the analysis.",Geography
1612,"According to a new report, the Election Commission reviewed government programmes during a parliamentary session. The proposal will be discussed by elected representatives. The decision is expected to become an important public issue.",Political
1613,"In a latest development, Nayanthara revealed the first look at the audio launch. The announcement generated strong interest among movie audiences. Fans discussed the trailer and upcoming release.",Cinema
1614,Officials said Shah Rukh Khan announced a new movie for the upcoming Tamil film. The announcement generated strong interest among movie audiences. Fans discussed the trailer and upcoming release.,Cinema
1615,A recent report said city police arrested a suspect following an arrest. Police said the investigation is continuing. Investigators are examining evidence and questioning people connected with the case.,Crime
1616,"According to a new report, Kylian Mbappe recorded a century during an international football match. The coach praised the player's fitness and tactical performance. Fans discussed the result after the final whistle.",Sports
1617,New information shows that political leaders reviewed government programmes during a parliamentary session. The proposal will be discussed by elected representatives. The decision is expected to become an important public issue.,Political
1618,A recent report said detectives uncovered a fraud operation following an arrest. Police said the investigation is continuing. Investigators are examining evidence and questioning people connected with the case.,Crime
1619,Officials said Ajith Kumar shared details about the screenplay for the upcoming Tamil film. The announcement generated strong interest among movie audiences. Fans discussed the trailer and upcoming release.,Cinema
1620,New information shows that Dhanush promoted the upcoming movie for the upcoming Tamil film. The announcement generated strong interest among movie audiences. Fans discussed the trailer and upcoming release.,Cinema
1621,Officials said India cricket team recorded a century during an international football match. The coach praised the player's fitness and tactical performance. Fans discussed the result after the final whistle.,Sports
1622,Officials said Shah Rukh Khan promoted the upcoming movie for the upcoming Tamil film. The announcement generated strong interest among movie audiences. Fans discussed the trailer and upcoming release.,Cinema
1623,A recent report said city police arrested a suspect following an arrest. Police said the investigation is continuing. Investigators are examining evidence and questioning people connected with the case.,Crime
1624,"In the latest update, mapping experts mapped a river basin in a rapidly growing city. Researchers said the findings could help regional planning. Scientists used maps and field observations for the analysis.",Geography
1625,Officials said the film production team shared details about the screenplay for the upcoming Tamil film. The announcement generated strong interest among movie audiences. Fans discussed the trailer and upcoming release.,Cinema
1626,"In a latest development, the Chief Minister addressed parliament at an election rally. The proposal will be discussed by elected representatives. The decision is expected to become an important public issue.",Political
1627,New information shows that the finance minister presented a budget proposal during a parliamentary session. The proposal will be discussed by elected representatives. The decision is expected to become an important public issue.,Political
1628,Officials said Cristiano Ronaldo scored a decisive goal during an international football match. The coach praised the player's fitness and tactical performance. Fans discussed the result after the final whistle.,Sports
1629,"In the latest update, the foreign minister discussed bilateral relations at an election rally. The proposal will be discussed by elected representatives. The decision is expected to become an important public issue.",Political
1630,Officials said the election campaign addressed parliament during a parliamentary session. The proposal will be discussed by elected representatives. The decision is expected to become an important public issue.,Political
1631,"In the latest update, urban planners examined soil distribution in a rapidly growing city. Researchers said the findings could help regional planning. Scientists used maps and field observations for the analysis.",Geography
1632,A recent report said the Prime Minister announced a new policy at an election rally. The proposal will be discussed by elected representatives. The decision is expected to become an important public issue.,Political
1633,Officials said urban planners examined soil distribution across southern India. Researchers said the findings could help regional planning. Scientists used maps and field observations for the analysis.,Geography
1634,A recent report said the Election Commission reviewed government programmes at an election rally. The proposal will be discussed by elected representatives. The decision is expected to become an important public issue.,Political
1635,Officials said Rajinikanth announced a new movie for the upcoming Tamil film. The announcement generated strong interest among movie audiences. Fans discussed the trailer and upcoming release.,Cinema
1636,New information shows that law enforcement officials recovered stolen property after a robbery was reported. Police said the investigation is continuing. Investigators are examining evidence and questioning people connected with the case.,Crime
1637,A recent report said the Mars exploration team studied an asteroid during a rocket launch. Scientists said the observations could improve understanding of the universe. The mission is expected to provide valuable scientific data.,Space
1638,A recent report said the coastal research team examined coastal changes in a rapidly growing city. Researchers said the findings could help regional planning. Scientists used maps and field observations for the analysis.,Geography
1639,"According to a new report, the Mars exploration team studied an asteroid during a space mission. Scientists said the observations could improve understanding of the universe. The mission is expected to provide valuable scientific data.",Space
1640,New information shows that researchers analyzed geographic features across southern India. Researchers said the findings could help regional planning. Scientists used maps and field observations for the analysis.,Geography
1641,"According to a new report, regional researchers studied land use patterns across southern India. Researchers said the findings could help regional planning. Scientists used maps and field observations for the analysis.",Geography
1642,"In a latest development, the James Webb Space Telescope studied an asteroid during a rocket launch. Scientists said the observations could improve understanding of the universe. The mission is expected to provide valuable scientific data.",Space
1643,"In a latest development, the Chief Minister addressed parliament at an election rally. The proposal will be discussed by elected representatives. The decision is expected to become an important public issue.",Political
1644,A recent report said Mani Ratnam received praise for the performance at the audio launch. The announcement generated strong interest among movie audiences. Fans discussed the trailer and upcoming release.,Cinema
1645,"In a latest development, the climate monitoring team examined soil distribution in a rapidly growing city. Researchers said the findings could help regional planning. Scientists used maps and field observations for the analysis.",Geography
1646,"According to a new report, members of parliament discussed bilateral relations during a parliamentary session. The proposal will be discussed by elected representatives. The decision is expected to become an important public issue.",Political
1647,New information shows that the river basin study team mapped a river basin across southern India. Researchers said the findings could help regional planning. Scientists used maps and field observations for the analysis.,Geography
1648,New information shows that Kylian Mbappe recorded a century during an international football match. The coach praised the player's fitness and tactical performance. Fans discussed the result after the final whistle.,Sports
1649,New information shows that Kylian Mbappe recorded a century during an international football match. The coach praised the player's fitness and tactical performance. Fans discussed the result after the final whistle.,Sports
1650,A recent report said geographic information scientists analyzed geographic features in a rapidly growing city. Researchers said the findings could help regional planning. Scientists used maps and field observations for the analysis.,Geography
1651,"In a latest development, the river basin study team mapped a river basin in a rapidly growing city. Researchers said the findings could help regional planning. Scientists used maps and field observations for the analysis.",Geography
1652,A recent report said environmental scientists examined soil distribution in a rapidly growing city. Researchers said the findings could help regional planning. Scientists used maps and field observations for the analysis.,Geography
1653,"In the latest update, the anti-narcotics team arrested a suspect following an arrest. Police said the investigation is continuing. Investigators are examining evidence and questioning people connected with the case.",Crime
1654,New information shows that the satellite launch team launched a spacecraft during a space mission. Scientists said the observations could improve understanding of the universe. The mission is expected to provide valuable scientific data.,Space
1655,Officials said Rajinikanth revealed the first look for the upcoming Tamil film. The announcement generated strong interest among movie audiences. Fans discussed the trailer and upcoming release.,Cinema
1656,"In the latest update, Rohit Sharma signed a new contract after a closely fought contest. The coach praised the player's fitness and tactical performance. Fans discussed the result after the final whistle.",Sports
1657,"In the latest update, customs officials launched an investigation following an arrest. Police said the investigation is continuing. Investigators are examining evidence and questioning people connected with the case.",Crime
1658,Officials said Dhanush promoted the upcoming movie for the upcoming Tamil film. The announcement generated strong interest among movie audiences. Fans discussed the trailer and upcoming release.,Cinema
1659,"According to a new report, Kylian Mbappe recorded a century during an international football match. The coach praised the player's fitness and tactical performance. Fans discussed the result after the final whistle.",Sports
1660,New information shows that Shah Rukh Khan announced a new movie for the upcoming Tamil film. The announcement generated strong interest among movie audiences. Fans discussed the trailer and upcoming release.,Cinema
1661,"In a latest development, astronauts prepared astronauts for a mission during a rocket launch. Scientists said the observations could improve understanding of the universe. The mission is expected to provide valuable scientific data.",Space
1662,A recent report said Jude Bellingham scored a decisive goal after a closely fought contest. The coach praised the player's fitness and tactical performance. Fans discussed the result after the final whistle.,Sports
1663,"In the latest update, the Parliament presented a budget proposal at an election rally. The proposal will be discussed by elected representatives. The decision is expected to become an important public issue.",Political
1664,"In a latest development, climate researchers examined coastal changes in a rapidly growing city. Researchers said the findings could help regional planning. Scientists used maps and field observations for the analysis.",Geography
1665,"According to a new report, the Election Commission reviewed government programmes during a parliamentary session. The proposal will be discussed by elected representatives. The decision is expected to become an important public issue.",Political
1666,New information shows that the film production team promoted the upcoming movie for the upcoming Tamil film. The announcement generated strong interest among movie audiences. Fans discussed the trailer and upcoming release.,Cinema
1667,New information shows that Chennai Super Kings signed a new contract during an international football match. The coach praised the player's fitness and tactical performance. Fans discussed the result after the final whistle.,Sports
1668,Officials said the European Space Agency studied an asteroid during a space mission. Scientists said the observations could improve understanding of the universe. The mission is expected to provide valuable scientific data.,Space
1669,"In a latest development, Aamir Khan revealed the first look at the audio launch. The announcement generated strong interest among movie audiences. Fans discussed the trailer and upcoming release.",Cinema
1670,New information shows that the climate monitoring team examined soil distribution across southern India. Researchers said the findings could help regional planning. Scientists used maps and field observations for the analysis.,Geography
1671,Officials said the cyber crime unit examined CCTV footage after a robbery was reported. Police said the investigation is continuing. Investigators are examining evidence and questioning people connected with the case.,Crime
1672,"According to a new report, investigators examined CCTV footage after a robbery was reported. Police said the investigation is continuing. Investigators are examining evidence and questioning people connected with the case.",Crime
1673,"In a latest development, researchers analyzed geographic features in a rapidly growing city. Researchers said the findings could help regional planning. Scientists used maps and field observations for the analysis.",Geography
1674,A recent report said members of parliament discussed bilateral relations at an election rally. The proposal will be discussed by elected representatives. The decision is expected to become an important public issue.,Political
1675,A recent report said the Election Commission reviewed government programmes at an election rally. The proposal will be discussed by elected representatives. The decision is expected to become an important public issue.,Political
1676,New information shows that MS Dhoni was selected for the squad during an international football match. The coach praised the player's fitness and tactical performance. Fans discussed the result after the final whistle.,Sports
1677,"In a latest development, the Chief Minister addressed parliament at an election rally. The proposal will be discussed by elected representatives. The decision is expected to become an important public issue.",Political
1678,"In a latest development, court officials uncovered a fraud operation following an arrest. Police said the investigation is continuing. Investigators are examining evidence and questioning people connected with the case.",Crime
1679,"In the latest update, Jude Bellingham scored a decisive goal after a closely fought contest. The coach praised the player's fitness and tactical performance. Fans discussed the result after the final whistle.",Sports
1680,"In a latest development, Manchester City scored a decisive goal after a closely fought contest. The coach praised the player's fitness and tactical performance. Fans discussed the result after the final whistle.",Sports
1681,"In the latest update, Kamal Haasan received praise for the performance at the audio launch. The announcement generated strong interest among movie audiences. Fans discussed the trailer and upcoming release.",Cinema
1682,"In the latest update, Novak Djokovic set a new record after a closely fought contest. The coach praised the player's fitness and tactical performance. Fans discussed the result after the final whistle.",Sports
1683,Officials said MS Dhoni was selected for the squad during an international football match. The coach praised the player's fitness and tactical performance. Fans discussed the result after the final whistle.,Sports
1684,"In the latest update, the Parliament presented a budget proposal at an election rally. The proposal will be discussed by elected representatives. The decision is expected to become an important public issue.",Political
1685,"In a latest development, the satellite launch team launched a spacecraft during a rocket launch. Scientists said the observations could improve understanding of the universe. The mission is expected to provide valuable scientific data.",Space
1686,New information shows that climate researchers examined coastal changes across southern India. Researchers said the findings could help regional planning. Scientists used maps and field observations for the analysis.,Geography
1687,A recent report said Manchester City scored a decisive goal after a closely fought contest. The coach praised the player's fitness and tactical performance. Fans discussed the result after the final whistle.,Sports
1688,Officials said the Parliament presented a budget proposal during a parliamentary session. The proposal will be discussed by elected representatives. The decision is expected to become an important public issue.,Political
1689,"In a latest development, the legislative assembly announced a new policy at an election rally. The proposal will be discussed by elected representatives. The decision is expected to become an important public issue.",Political
1690,"According to a new report, Indian space scientists announced a lunar mission during a space mission. Scientists said the observations could improve understanding of the universe. The mission is expected to provide valuable scientific data.",Space
1691,Officials said the cyber crime unit examined CCTV footage after a robbery was reported. Police said the investigation is continuing. Investigators are examining evidence and questioning people connected with the case.,Crime
1692,"According to a new report, ESA completed a spaceflight test during a space mission. Scientists said the observations could improve understanding of the universe. The mission is expected to provide valuable scientific data.",Space
1693,"In a latest development, the river basin study team mapped a river basin in a rapidly growing city. Researchers said the findings could help regional planning. Scientists used maps and field observations for the analysis.",Geography
1694,"In the latest update, Jude Bellingham scored a decisive goal after a closely fought contest. The coach praised the player's fitness and tactical performance. Fans discussed the result after the final whistle.",Sports
1695,New information shows that the climate monitoring team examined soil distribution across southern India. Researchers said the findings could help regional planning. Scientists used maps and field observations for the analysis.,Geography
1696,"According to a new report, ESA completed a spaceflight test during a space mission. Scientists said the observations could improve understanding of the universe. The mission is expected to provide valuable scientific data.",Space
1697,Officials said the film production team promoted the upcoming movie for the upcoming Tamil film. The announcement generated strong interest among movie audiences. Fans discussed the trailer and upcoming release.,Cinema
1698,Officials said the cyber crime unit examined CCTV footage after a robbery was reported. Police said the investigation is continuing. Investigators are examining evidence and questioning people connected with the case.,Crime
1699,"In a latest development, political leaders reviewed government programmes at an election rally. The proposal will be discussed by elected representatives. The decision is expected to become an important public issue.",Political
1700,Officials said PV Sindhu scored a decisive goal during an international football match. The coach praised the player's fitness and tactical performance. Fans discussed the result after the final whistle.,Sports
1701,A recent report said city police arrested a suspect following an arrest. Police said the investigation is continuing. Investigators are examining evidence and questioning people connected with the case.,Crime
1702,A recent report said regional researchers studied land use patterns in a rapidly growing city. Researchers said the findings could help regional planning. Scientists used maps and field observations for the analysis.,Geography
1703,"In a latest development, the Chief Minister addressed parliament at an election rally. The proposal will be discussed by elected representatives. The decision is expected to become an important public issue.",Political
1704,Officials said the geographical survey team studied land use patterns across southern India. Researchers said the findings could help regional planning. Scientists used maps and field observations for the analysis.,Geography
1705,"According to a new report, Deepika Padukone received praise for the performance for the upcoming Tamil film. The announcement generated strong interest among movie audiences. Fans discussed the trailer and upcoming release.",Cinema
1706,"In a latest development, the legislative assembly announced a new policy at an election rally. The proposal will be discussed by elected representatives. The decision is expected to become an important public issue.",Political
1707,"According to a new report, regional researchers studied land use patterns across southern India. Researchers said the findings could help regional planning. Scientists used maps and field observations for the analysis.",Geography
1708,"According to a new report, regional researchers studied land use patterns across southern India. Researchers said the findings could help regional planning. Scientists used maps and field observations for the analysis.",Geography
1709,New information shows that astronauts prepared astronauts for a mission during a space mission. Scientists said the observations could improve understanding of the universe. The mission is expected to provide valuable scientific data.,Space
1710,"In a latest development, the legislative assembly announced a new policy at an election rally. The proposal will be discussed by elected representatives. The decision is expected to become an important public issue.",Political
1711,New information shows that court officials uncovered a fraud operation after a robbery was reported. Police said the investigation is continuing. Investigators are examining evidence and questioning people connected with the case.,Crime
1712,"In the latest update, Nayanthara revealed the first look at the audio launch. The announcement generated strong interest among movie audiences. Fans discussed the trailer and upcoming release.",Cinema
1713,Officials said urban planners examined soil distribution across southern India. Researchers said the findings could help regional planning. Scientists used maps and field observations for the analysis.,Geography
1714,"In a latest development, the James Webb Space Telescope studied an asteroid during a rocket launch. Scientists said the observations could improve understanding of the universe. The mission is expected to provide valuable scientific data.",Space
1715,"According to a new report, Ajith Kumar shared details about the screenplay for the upcoming Tamil film. The announcement generated strong interest among movie audiences. Fans discussed the trailer and upcoming release.",Cinema
1716,Officials said security officers recovered stolen property after a robbery was reported. Police said the investigation is continuing. Investigators are examining evidence and questioning people connected with the case.,Crime
1717,New information shows that the legislative assembly announced a new policy during a parliamentary session. The proposal will be discussed by elected representatives. The decision is expected to become an important public issue.,Political
1718,A recent report said LeBron James recorded a century after a closely fought contest. The coach praised the player's fitness and tactical performance. Fans discussed the result after the final whistle.,Sports
1719,A recent report said Novak Djokovic set a new record after a closely fought contest. The coach praised the player's fitness and tactical performance. Fans discussed the result after the final whistle.,Sports
1720,A recent report said the coastal research team examined coastal changes in a rapidly growing city. Researchers said the findings could help regional planning. Scientists used maps and field observations for the analysis.,Geography
1721,"In a latest development, the state government discussed bilateral relations at an election rally. The proposal will be discussed by elected representatives. The decision is expected to become an important public issue.",Political
1722,"In a latest development, researchers analyzed geographic features in a rapidly growing city. Researchers said the findings could help regional planning. Scientists used maps and field observations for the analysis.",Geography
1723,"In the latest update, Manchester City scored a decisive goal after a closely fought contest. The coach praised the player's fitness and tactical performance. Fans discussed the result after the final whistle.",Sports
1724,A recent report said Kamal Haasan promoted the upcoming movie at the audio launch. The announcement generated strong interest among movie audiences. Fans discussed the trailer and upcoming release.,Cinema
1725,New information shows that the river basin study team mapped a river basin across southern India. Researchers said the findings could help regional planning. Scientists used maps and field observations for the analysis.,Geography
1726,Officials said Virat Kohli set a new record during an international football match. The coach praised the player's fitness and tactical performance. Fans discussed the result after the final whistle.,Sports
1727,"According to a new report, Real Madrid was selected for the squad during an international football match. The coach praised the player's fitness and tactical performance. Fans discussed the result after the final whistle.",Sports
1728,A recent report said the Mars exploration team studied an asteroid during a rocket launch. Scientists said the observations could improve understanding of the universe. The mission is expected to provide valuable scientific data.,Space
1729,New information shows that the river basin study team mapped a river basin across southern India. Researchers said the findings could help regional planning. Scientists used maps and field observations for the analysis.,Geography
1730,New information shows that Cristiano Ronaldo scored a decisive goal during an international football match. The coach praised the player's fitness and tactical performance. Fans discussed the result after the final whistle.,Sports
1731,New information shows that PV Sindhu scored a decisive goal during an international football match. The coach praised the player's fitness and tactical performance. Fans discussed the result after the final whistle.,Sports
1732,"According to a new report, the film production team announced a new movie for the upcoming Tamil film. The announcement generated strong interest among movie audiences. Fans discussed the trailer and upcoming release.",Cinema
1733,"In the latest update, the geographical survey team studied land use patterns in a rapidly growing city. Researchers said the findings could help regional planning. Scientists used maps and field observations for the analysis.",Geography
1734,"In the latest update, Jude Bellingham scored a decisive goal after a closely fought contest. The coach praised the player's fitness and tactical performance. Fans discussed the result after the final whistle.",Sports
1735,"In a latest development, researchers analyzed geographic features in a rapidly growing city. Researchers said the findings could help regional planning. Scientists used maps and field observations for the analysis.",Geography
1736,A recent report said the Election Commission reviewed government programmes at an election rally. The proposal will be discussed by elected representatives. The decision is expected to become an important public issue.,Political
1737,New information shows that the Chief Minister addressed parliament during a parliamentary session. The proposal will be discussed by elected representatives. The decision is expected to become an important public issue.,Political
1738,"In a latest development, Brazil football team set a new record after a closely fought contest. The coach praised the player's fitness and tactical performance. Fans discussed the result after the final whistle.",Sports
1739,"In the latest update, Rohit Sharma signed a new contract after a closely fought contest. The coach praised the player's fitness and tactical performance. Fans discussed the result after the final whistle.",Sports
1740,"According to a new report, the film production team promoted the upcoming movie for the upcoming Tamil film. The announcement generated strong interest among movie audiences. Fans discussed the trailer and upcoming release.",Cinema
1741,"In the latest update, the election campaign addressed parliament at an election rally. The proposal will be discussed by elected representatives. The decision is expected to become an important public issue.",Political
1742,A recent report said NASA launched a spacecraft during a rocket launch. Scientists said the observations could improve understanding of the universe. The mission is expected to provide valuable scientific data.,Space
1743,"In the latest update, urban planners examined soil distribution in a rapidly growing city. Researchers said the findings could help regional planning. Scientists used maps and field observations for the analysis.",Geography
1744,Officials said SpaceX prepared astronauts for a mission during a space mission. Scientists said the observations could improve understanding of the universe. The mission is expected to provide valuable scientific data.,Space
1745,"In a latest development, Suriya promoted the upcoming movie at the audio launch. The announcement generated strong interest among movie audiences. Fans discussed the trailer and upcoming release.",Cinema
1746,Officials said the anti-narcotics team arrested a suspect after a robbery was reported. Police said the investigation is continuing. Investigators are examining evidence and questioning people connected with the case.,Crime
1747,A recent report said Jude Bellingham scored a decisive goal after a closely fought contest. The coach praised the player's fitness and tactical performance. Fans discussed the result after the final whistle.,Sports
1748,New information shows that India cricket team recorded a century during an international football match. The coach praised the player's fitness and tactical performance. Fans discussed the result after the final whistle.,Sports
1749,"In the latest update, customs officials launched an investigation following an arrest. Police said the investigation is continuing. Investigators are examining evidence and questioning people connected with the case.",Crime
1750,"In a latest development, the climate monitoring team examined soil distribution in a rapidly growing city. Researchers said the findings could help regional planning. Scientists used maps and field observations for the analysis.",Geography
1751,"According to a new report, Dhanush received praise for the performance for the upcoming Tamil film. The announcement generated strong interest among movie audiences. Fans discussed the trailer and upcoming release.",Cinema
1752,"In the latest update, Prabhas promoted the upcoming movie at the audio launch. The announcement generated strong interest among movie audiences. Fans discussed the trailer and upcoming release.",Cinema
1753,New information shows that researchers analyzed geographic features across southern India. Researchers said the findings could help regional planning. Scientists used maps and field observations for the analysis.,Geography
1754,A recent report said LeBron James recorded a century after a closely fought contest. The coach praised the player's fitness and tactical performance. Fans discussed the result after the final whistle.,Sports
1755,"In a latest development, the finance minister presented a budget proposal at an election rally. The proposal will be discussed by elected representatives. The decision is expected to become an important public issue.",Political
1756,A recent report said ESA completed a spaceflight test during a rocket launch. Scientists said the observations could improve understanding of the universe. The mission is expected to provide valuable scientific data.,Space
1757,"According to a new report, ESA completed a spaceflight test during a space mission. Scientists said the observations could improve understanding of the universe. The mission is expected to provide valuable scientific data.",Space
1758,Officials said cartographers analyzed geographic features across southern India. Researchers said the findings could help regional planning. Scientists used maps and field observations for the analysis.,Geography
1759,"According to a new report, the district police recovered stolen property after a robbery was reported. Police said the investigation is continuing. Investigators are examining evidence and questioning people connected with the case.",Crime
1760,A recent report said the local police department launched an investigation following an arrest. Police said the investigation is continuing. Investigators are examining evidence and questioning people connected with the case.,Crime
1761,"According to a new report, Real Madrid was selected for the squad during an international football match. The coach praised the player's fitness and tactical performance. Fans discussed the result after the final whistle.",Sports
1762,"In the latest update, Arsenal signed a new contract after a closely fought contest. The coach praised the player's fitness and tactical performance. Fans discussed the result after the final whistle.",Sports
1763,New information shows that Stephen Curry set a new record during an international football match. The coach praised the player's fitness and tactical performance. Fans discussed the result after the final whistle.,Sports
1764,"In a latest development, political leaders reviewed government programmes at an election rally. The proposal will be discussed by elected representatives. The decision is expected to become an important public issue.",Political
1765,"According to a new report, the Election Commission reviewed government programmes during a parliamentary session. The proposal will be discussed by elected representatives. The decision is expected to become an important public issue.",Political
1766,"According to a new report, members of parliament discussed bilateral relations during a parliamentary session. The proposal will be discussed by elected representatives. The decision is expected to become an important public issue.",Political
1767,"According to a new report, investigators examined CCTV footage after a robbery was reported. Police said the investigation is continuing. Investigators are examining evidence and questioning people connected with the case.",Crime
1768,"In the latest update, customs officials launched an investigation following an arrest. Police said the investigation is continuing. Investigators are examining evidence and questioning people connected with the case.",Crime
1769,Officials said the prosecution uncovered a fraud operation after a robbery was reported. Police said the investigation is continuing. Investigators are examining evidence and questioning people connected with the case.,Crime
1770,A recent report said Lionel Messi recorded a century after a closely fought contest. The coach praised the player's fitness and tactical performance. Fans discussed the result after the final whistle.,Sports
1771,Officials said the election campaign addressed parliament during a parliamentary session. The proposal will be discussed by elected representatives. The decision is expected to become an important public issue.,Political
1772,A recent report said Rohit Sharma signed a new contract after a closely fought contest. The coach praised the player's fitness and tactical performance. Fans discussed the result after the final whistle.,Sports
1773,"According to a new report, Dhanush promoted the upcoming movie for the upcoming Tamil film. The announcement generated strong interest among movie audiences. Fans discussed the trailer and upcoming release.",Cinema
1774,Officials said the prosecution uncovered a fraud operation after a robbery was reported. Police said the investigation is continuing. Investigators are examining evidence and questioning people connected with the case.,Crime
1775,"According to a new report, detectives uncovered a fraud operation after a robbery was reported. Police said the investigation is continuing. Investigators are examining evidence and questioning people connected with the case.",Crime
1776,"In the latest update, SpaceX engineers announced a lunar mission during a rocket launch. Scientists said the observations could improve understanding of the universe. The mission is expected to provide valuable scientific data.",Space
1777,Officials said Stephen Curry set a new record during an international football match. The coach praised the player's fitness and tactical performance. Fans discussed the result after the final whistle.,Sports
1778,"In the latest update, security officers recovered stolen property following an arrest. Police said the investigation is continuing. Investigators are examining evidence and questioning people connected with the case.",Crime
1779,"In the latest update, the prosecution uncovered a fraud operation following an arrest. Police said the investigation is continuing. Investigators are examining evidence and questioning people connected with the case.",Crime
1780,A recent report said the ruling party addressed parliament at an election rally. The proposal will be discussed by elected representatives. The decision is expected to become an important public issue.,Political
1781,"According to a new report, Ajith Kumar revealed the first look for the upcoming Tamil film. The announcement generated strong interest among movie audiences. Fans discussed the trailer and upcoming release.",Cinema
1782,"In a latest development, Arsenal signed a new contract after a closely fought contest. The coach praised the player's fitness and tactical performance. Fans discussed the result after the final whistle.",Sports
1783,"In a latest development, the James Webb Space Telescope studied an asteroid during a rocket launch. Scientists said the observations could improve understanding of the universe. The mission is expected to provide valuable scientific data.",Space
1784,"In a latest development, political leaders reviewed government programmes at an election rally. The proposal will be discussed by elected representatives. The decision is expected to become an important public issue.",Political
1785,"In the latest update, the anti-narcotics team arrested a suspect following an arrest. Police said the investigation is continuing. Investigators are examining evidence and questioning people connected with the case.",Crime
1786,"In the latest update, Mani Ratnam received praise for the performance at the audio launch. The announcement generated strong interest among movie audiences. Fans discussed the trailer and upcoming release.",Cinema
1787,New information shows that India cricket team recorded a century during an international football match. The coach praised the player's fitness and tactical performance. Fans discussed the result after the final whistle.,Sports
1788,"In the latest update, the prosecution uncovered a fraud operation following an arrest. Police said the investigation is continuing. Investigators are examining evidence and questioning people connected with the case.",Crime
1789,Officials said urban planners examined soil distribution across southern India. Researchers said the findings could help regional planning. Scientists used maps and field observations for the analysis.,Geography
1790,New information shows that the Himalayan research group studied land use patterns across southern India. Researchers said the findings could help regional planning. Scientists used maps and field observations for the analysis.,Geography
1791,Officials said Dhanush received praise for the performance for the upcoming Tamil film. The announcement generated strong interest among movie audiences. Fans discussed the trailer and upcoming release.,Cinema
1792,"According to a new report, the Election Commission reviewed government programmes during a parliamentary session. The proposal will be discussed by elected representatives. The decision is expected to become an important public issue.",Political
1793,Officials said Allu Arjun revealed the first look for the upcoming Tamil film. The announcement generated strong interest among movie audiences. Fans discussed the trailer and upcoming release.,Cinema
1794,"According to a new report, Kylian Mbappe recorded a century during an international football match. The coach praised the player's fitness and tactical performance. Fans discussed the result after the final whistle.",Sports
1795,"In the latest update, the lunar mission team completed a spaceflight test during a rocket launch. Scientists said the observations could improve understanding of the universe. The mission is expected to provide valuable scientific data.",Space
1796,Officials said Ajith Kumar received praise for the performance for the upcoming Tamil film. The announcement generated strong interest among movie audiences. Fans discussed the trailer and upcoming release.,Cinema
1797,A recent report said Vijay promoted the upcoming movie at the audio launch. The announcement generated strong interest among movie audiences. Fans discussed the trailer and upcoming release.,Cinema
1798,"In a latest development, Nayanthara promoted the upcoming movie at the audio launch. The announcement generated strong interest among movie audiences. Fans discussed the trailer and upcoming release.",Cinema
1799,"In the latest update, the election campaign addressed parliament at an election rally. The proposal will be discussed by elected representatives. The decision is expected to become an important public issue.",Political
1800,New information shows that court officials uncovered a fraud operation after a robbery was reported. Police said the investigation is continuing. Investigators are examining evidence and questioning people connected with the case.,Crime
1801,New information shows that astronauts prepared astronauts for a mission during a space mission. Scientists said the observations could improve understanding of the universe. The mission is expected to provide valuable scientific data.,Space
1802,New information shows that the state government discussed bilateral relations during a parliamentary session. The proposal will be discussed by elected representatives. The decision is expected to become an important public issue.,Political
1803,"In a latest development, researchers analyzed geographic features in a rapidly growing city. Researchers said the findings could help regional planning. Scientists used maps and field observations for the analysis.",Geography
1804,A recent report said Suriya revealed the first look at the audio launch. The announcement generated strong interest among movie audiences. Fans discussed the trailer and upcoming release.,Cinema
1805,"In the latest update, the prosecution uncovered a fraud operation following an arrest. Police said the investigation is continuing. Investigators are examining evidence and questioning people connected with the case.",Crime
1806,A recent report said investigators examined CCTV footage following an arrest. Police said the investigation is continuing. Investigators are examining evidence and questioning people connected with the case.,Crime
1807,New information shows that ISRO announced a lunar mission during a space mission. Scientists said the observations could improve understanding of the universe. The mission is expected to provide valuable scientific data.,Space
1808,Officials said the Parliament presented a budget proposal during a parliamentary session. The proposal will be discussed by elected representatives. The decision is expected to become an important public issue.,Political
1809,"In the latest update, the Parliament presented a budget proposal at an election rally. The proposal will be discussed by elected representatives. The decision is expected to become an important public issue.",Political
1810,Officials said the film production team revealed the first look for the upcoming Tamil film. The announcement generated strong interest among movie audiences. Fans discussed the trailer and upcoming release.,Cinema
1811,"In a latest development, Manchester City scored a decisive goal after a closely fought contest. The coach praised the player's fitness and tactical performance. Fans discussed the result after the final whistle.",Sports
1812,"In the latest update, the election campaign addressed parliament at an election rally. The proposal will be discussed by elected representatives. The decision is expected to become an important public issue.",Political
1813,"In a latest development, Lionel Messi recorded a century after a closely fought contest. The coach praised the player's fitness and tactical performance. Fans discussed the result after the final whistle.",Sports
1814,"In a latest development, the Himalayan research group studied land use patterns in a rapidly growing city. Researchers said the findings could help regional planning. Scientists used maps and field observations for the analysis.",Geography
1815,"In a latest development, forensic investigators examined CCTV footage following an arrest. Police said the investigation is continuing. Investigators are examining evidence and questioning people connected with the case.",Crime
1816,Officials said the cabinet reviewed government programmes during a parliamentary session. The proposal will be discussed by elected representatives. The decision is expected to become an important public issue.,Political
1817,"In a latest development, Mumbai Indians was selected for the squad after a closely fought contest. The coach praised the player's fitness and tactical performance. Fans discussed the result after the final whistle.",Sports
1818,New information shows that Cristiano Ronaldo scored a decisive goal during an international football match. The coach praised the player's fitness and tactical performance. Fans discussed the result after the final whistle.,Sports
1819,Officials said SpaceX prepared astronauts for a mission during a space mission. Scientists said the observations could improve understanding of the universe. The mission is expected to provide valuable scientific data.,Space
1820,A recent report said ISRO scientists prepared astronauts for a mission during a rocket launch. Scientists said the observations could improve understanding of the universe. The mission is expected to provide valuable scientific data.,Space
1821,New information shows that the state government discussed bilateral relations during a parliamentary session. The proposal will be discussed by elected representatives. The decision is expected to become an important public issue.,Political
1822,New information shows that Allu Arjun promoted the upcoming movie for the upcoming Tamil film. The announcement generated strong interest among movie audiences. Fans discussed the trailer and upcoming release.,Cinema
1823,A recent report said members of parliament discussed bilateral relations at an election rally. The proposal will be discussed by elected representatives. The decision is expected to become an important public issue.,Political
1824,"In the latest update, the election campaign addressed parliament at an election rally. The proposal will be discussed by elected representatives. The decision is expected to become an important public issue.",Political
1825,A recent report said ESA completed a spaceflight test during a rocket launch. Scientists said the observations could improve understanding of the universe. The mission is expected to provide valuable scientific data.,Space
1826,"In a latest development, investigators launched an investigation following an arrest. Police said the investigation is continuing. Investigators are examining evidence and questioning people connected with the case.",Crime
1827,Officials said customs officials launched an investigation after a robbery was reported. Police said the investigation is continuing. Investigators are examining evidence and questioning people connected with the case.,Crime
1828,"According to a new report, NASA launched a spacecraft during a space mission. Scientists said the observations could improve understanding of the universe. The mission is expected to provide valuable scientific data.",Space
1829,Officials said the cyber crime unit examined CCTV footage after a robbery was reported. Police said the investigation is continuing. Investigators are examining evidence and questioning people connected with the case.,Crime
1830,"In a latest development, court officials uncovered a fraud operation following an arrest. Police said the investigation is continuing. Investigators are examining evidence and questioning people connected with the case.",Crime
1831,A recent report said the coastal research team examined coastal changes in a rapidly growing city. Researchers said the findings could help regional planning. Scientists used maps and field observations for the analysis.,Geography
1832,New information shows that researchers analyzed geographic features across southern India. Researchers said the findings could help regional planning. Scientists used maps and field observations for the analysis.,Geography
1833,"In a latest development, Mani Ratnam shared details about the screenplay at the audio launch. The announcement generated strong interest among movie audiences. Fans discussed the trailer and upcoming release.",Cinema
1834,"According to a new report, geographic information scientists analyzed geographic features across southern India. Researchers said the findings could help regional planning. Scientists used maps and field observations for the analysis.",Geography
1835,"In the latest update, Kamal Haasan revealed the first look at the audio launch. The announcement generated strong interest among movie audiences. Fans discussed the trailer and upcoming release.",Cinema
1836,"In a latest development, Manchester City scored a decisive goal after a closely fought contest. The coach praised the player's fitness and tactical performance. Fans discussed the result after the final whistle.",Sports
1837,"In the latest update, the cabinet reviewed government programmes at an election rally. The proposal will be discussed by elected representatives. The decision is expected to become an important public issue.",Political
1838,Officials said Stephen Curry set a new record during an international football match. The coach praised the player's fitness and tactical performance. Fans discussed the result after the final whistle.,Sports
1839,"According to a new report, the ruling party addressed parliament during a parliamentary session. The proposal will be discussed by elected representatives. The decision is expected to become an important public issue.",Political
1840,"According to a new report, Allu Arjun announced a new movie for the upcoming Tamil film. The announcement generated strong interest among movie audiences. Fans discussed the trailer and upcoming release.",Cinema
1841,"In the latest update, the foreign minister discussed bilateral relations at an election rally. The proposal will be discussed by elected representatives. The decision is expected to become an important public issue.",Political
1842,"In a latest development, Rohit Sharma signed a new contract after a closely fought contest. The coach praised the player's fitness and tactical performance. Fans discussed the result after the final whistle.",Sports
1843,"In a latest development, astronomers completed a spaceflight test during a rocket launch. Scientists said the observations could improve understanding of the universe. The mission is expected to provide valuable scientific data.",Space
1844,"According to a new report, the Election Commission reviewed government programmes during a parliamentary session. The proposal will be discussed by elected representatives. The decision is expected to become an important public issue.",Political
1845,Officials said NASA scientists launched a spacecraft during a space mission. Scientists said the observations could improve understanding of the universe. The mission is expected to provide valuable scientific data.,Space
1846,"In the latest update, SpaceX prepared astronauts for a mission during a rocket launch. Scientists said the observations could improve understanding of the universe. The mission is expected to provide valuable scientific data.",Space
1847,A recent report said geographic information scientists analyzed geographic features in a rapidly growing city. Researchers said the findings could help regional planning. Scientists used maps and field observations for the analysis.,Geography
1848,New information shows that MS Dhoni was selected for the squad during an international football match. The coach praised the player's fitness and tactical performance. Fans discussed the result after the final whistle.,Sports
1849,New information shows that Dhanush announced a new movie for the upcoming Tamil film. The announcement generated strong interest among movie audiences. Fans discussed the trailer and upcoming release.,Cinema
1850,"In a latest development, climate researchers examined coastal changes in a rapidly growing city. Researchers said the findings could help regional planning. Scientists used maps and field observations for the analysis.",Geography
1851,"In the latest update, the Parliament presented a budget proposal at an election rally. The proposal will be discussed by elected representatives. The decision is expected to become an important public issue.",Political
1852,New information shows that Allu Arjun announced a new movie for the upcoming Tamil film. The announcement generated strong interest among movie audiences. Fans discussed the trailer and upcoming release.,Cinema
1853,"In the latest update, cartographers analyzed geographic features in a rapidly growing city. Researchers said the findings could help regional planning. Scientists used maps and field observations for the analysis.",Geography
1854,"In the latest update, Nayanthara revealed the first look at the audio launch. The announcement generated strong interest among movie audiences. Fans discussed the trailer and upcoming release.",Cinema
1855,"In a latest development, crime branch officers arrested a suspect following an arrest. Police said the investigation is continuing. Investigators are examining evidence and questioning people connected with the case.",Crime
1856,"According to a new report, Allu Arjun revealed the first look for the upcoming Tamil film. The announcement generated strong interest among movie audiences. Fans discussed the trailer and upcoming release.",Cinema
1857,"In the latest update, SpaceX prepared astronauts for a mission during a rocket launch. Scientists said the observations could improve understanding of the universe. The mission is expected to provide valuable scientific data.",Space
1858,New information shows that the film production team announced a new movie for the upcoming Tamil film. The announcement generated strong interest among movie audiences. Fans discussed the trailer and upcoming release.,Cinema
1859,"According to a new report, Rajinikanth shared details about the screenplay for the upcoming Tamil film. The announcement generated strong interest among movie audiences. Fans discussed the trailer and upcoming release.",Cinema
1860,New information shows that Lokesh Kanagaraj shared details about the screenplay for the upcoming Tamil film. The announcement generated strong interest among movie audiences. Fans discussed the trailer and upcoming release.,Cinema
1861,"According to a new report, city police arrested a suspect after a robbery was reported. Police said the investigation is continuing. Investigators are examining evidence and questioning people connected with the case.",Crime
1862,New information shows that forensic investigators examined CCTV footage after a robbery was reported. Police said the investigation is continuing. Investigators are examining evidence and questioning people connected with the case.,Crime
1863,A recent report said the local police department launched an investigation following an arrest. Police said the investigation is continuing. Investigators are examining evidence and questioning people connected with the case.,Crime
1864,"In a latest development, Kamal Haasan shared details about the screenplay at the audio launch. The announcement generated strong interest among movie audiences. Fans discussed the trailer and upcoming release.",Cinema
1865,A recent report said geographers mapped a river basin in a rapidly growing city. Researchers said the findings could help regional planning. Scientists used maps and field observations for the analysis.,Geography
1866,Officials said SpaceX engineers announced a lunar mission during a space mission. Scientists said the observations could improve understanding of the universe. The mission is expected to provide valuable scientific data.,Space
1867,"According to a new report, ESA completed a spaceflight test during a space mission. Scientists said the observations could improve understanding of the universe. The mission is expected to provide valuable scientific data.",Space
1868,"According to a new report, investigators examined CCTV footage after a robbery was reported. Police said the investigation is continuing. Investigators are examining evidence and questioning people connected with the case.",Crime
1869,"According to a new report, geographic information scientists analyzed geographic features across southern India. Researchers said the findings could help regional planning. Scientists used maps and field observations for the analysis.",Geography
1870,A recent report said Prabhas promoted the upcoming movie at the audio launch. The announcement generated strong interest among movie audiences. Fans discussed the trailer and upcoming release.,Cinema
1871,"In a latest development, astronauts prepared astronauts for a mission during a rocket launch. Scientists said the observations could improve understanding of the universe. The mission is expected to provide valuable scientific data.",Space
1872,A recent report said city police arrested a suspect following an arrest. Police said the investigation is continuing. Investigators are examining evidence and questioning people connected with the case.,Crime
1873,"According to a new report, city police arrested a suspect after a robbery was reported. Police said the investigation is continuing. Investigators are examining evidence and questioning people connected with the case.",Crime
1874,"In the latest update, the Parliament presented a budget proposal at an election rally. The proposal will be discussed by elected representatives. The decision is expected to become an important public issue.",Political
1875,Officials said earth scientists examined coastal changes across southern India. Researchers said the findings could help regional planning. Scientists used maps and field observations for the analysis.,Geography
1876,"According to a new report, ISRO scientists prepared astronauts for a mission during a space mission. Scientists said the observations could improve understanding of the universe. The mission is expected to provide valuable scientific data.",Space
1877,"According to a new report, the Prime Minister announced a new policy during a parliamentary session. The proposal will be discussed by elected representatives. The decision is expected to become an important public issue.",Political
1878,A recent report said Indian space scientists announced a lunar mission during a rocket launch. Scientists said the observations could improve understanding of the universe. The mission is expected to provide valuable scientific data.,Space
1879,"According to a new report, the Prime Minister announced a new policy during a parliamentary session. The proposal will be discussed by elected representatives. The decision is expected to become an important public issue.",Political
1880,Officials said Cristiano Ronaldo scored a decisive goal during an international football match. The coach praised the player's fitness and tactical performance. Fans discussed the result after the final whistle.,Sports
1881,"In the latest update, Mumbai Indians was selected for the squad after a closely fought contest. The coach praised the player's fitness and tactical performance. Fans discussed the result after the final whistle.",Sports
1882,"In a latest development, the state government discussed bilateral relations at an election rally. The proposal will be discussed by elected representatives. The decision is expected to become an important public issue.",Political
1883,A recent report said Brazil football team set a new record after a closely fought contest. The coach praised the player's fitness and tactical performance. Fans discussed the result after the final whistle.,Sports
1884,Officials said Real Madrid was selected for the squad during an international football match. The coach praised the player's fitness and tactical performance. Fans discussed the result after the final whistle.,Sports
1885,"According to a new report, Indian space scientists announced a lunar mission during a space mission. Scientists said the observations could improve understanding of the universe. The mission is expected to provide valuable scientific data.",Space
1886,"According to a new report, ISRO scientists prepared astronauts for a mission during a space mission. Scientists said the observations could improve understanding of the universe. The mission is expected to provide valuable scientific data.",Space
1887,A recent report said environmental scientists examined soil distribution in a rapidly growing city. Researchers said the findings could help regional planning. Scientists used maps and field observations for the analysis.,Geography
1888,Officials said cartographers analyzed geographic features across southern India. Researchers said the findings could help regional planning. Scientists used maps and field observations for the analysis.,Geography
1889,"In the latest update, Manchester City scored a decisive goal after a closely fought contest. The coach praised the player's fitness and tactical performance. Fans discussed the result after the final whistle.",Sports
1890,"In the latest update, Vijay promoted the upcoming movie at the audio launch. The announcement generated strong interest among movie audiences. Fans discussed the trailer and upcoming release.",Cinema
1891,"In the latest update, the geographical survey team studied land use patterns in a rapidly growing city. Researchers said the findings could help regional planning. Scientists used maps and field observations for the analysis.",Geography
1892,Officials said the cabinet reviewed government programmes during a parliamentary session. The proposal will be discussed by elected representatives. The decision is expected to become an important public issue.,Political
1893,"In the latest update, the cabinet reviewed government programmes at an election rally. The proposal will be discussed by elected representatives. The decision is expected to become an important public issue.",Political
1894,"In the latest update, Nayanthara promoted the upcoming movie at the audio launch. The announcement generated strong interest among movie audiences. Fans discussed the trailer and upcoming release.",Cinema
1895,New information shows that climate researchers examined coastal changes across southern India. Researchers said the findings could help regional planning. Scientists used maps and field observations for the analysis.,Geography
1896,"In the latest update, the cyber crime unit examined CCTV footage following an arrest. Police said the investigation is continuing. Investigators are examining evidence and questioning people connected with the case.",Crime
1897,"According to a new report, PV Sindhu scored a decisive goal during an international football match. The coach praised the player's fitness and tactical performance. Fans discussed the result after the final whistle.",Sports
1898,"According to a new report, the Election Commission reviewed government programmes during a parliamentary session. The proposal will be discussed by elected representatives. The decision is expected to become an important public issue.",Political
1899,Officials said cartographers analyzed geographic features across southern India. Researchers said the findings could help regional planning. Scientists used maps and field observations for the analysis.,Geography
1900,A recent report said the Mars exploration team studied an asteroid during a rocket launch. Scientists said the observations could improve understanding of the universe. The mission is expected to provide valuable scientific data.,Space
1901,Officials said the anti-narcotics team arrested a suspect after a robbery was reported. Police said the investigation is continuing. Investigators are examining evidence and questioning people connected with the case.,Crime
1902,"In a latest development, ISRO announced a lunar mission during a rocket launch. Scientists said the observations could improve understanding of the universe. The mission is expected to provide valuable scientific data.",Space
1903,"According to a new report, Deepika Padukone announced a new movie for the upcoming Tamil film. The announcement generated strong interest among movie audiences. Fans discussed the trailer and upcoming release.",Cinema
1904,A recent report said geographic information scientists analyzed geographic features in a rapidly growing city. Researchers said the findings could help regional planning. Scientists used maps and field observations for the analysis.,Geography
1905,A recent report said investigators examined CCTV footage following an arrest. Police said the investigation is continuing. Investigators are examining evidence and questioning people connected with the case.,Crime
1906,"According to a new report, Deepika Padukone received praise for the performance for the upcoming Tamil film. The announcement generated strong interest among movie audiences. Fans discussed the trailer and upcoming release.",Cinema
1907,New information shows that Kylian Mbappe recorded a century during an international football match. The coach praised the player's fitness and tactical performance. Fans discussed the result after the final whistle.,Sports
1908,Officials said the anti-narcotics team arrested a suspect after a robbery was reported. Police said the investigation is continuing. Investigators are examining evidence and questioning people connected with the case.,Crime
1909,"In a latest development, the climate monitoring team examined soil distribution in a rapidly growing city. Researchers said the findings could help regional planning. Scientists used maps and field observations for the analysis.",Geography
1910,A recent report said the Mars exploration team studied an asteroid during a rocket launch. Scientists said the observations could improve understanding of the universe. The mission is expected to provide valuable scientific data.,Space
1911,Officials said the geographical survey team studied land use patterns across southern India. Researchers said the findings could help regional planning. Scientists used maps and field observations for the analysis.,Geography
1912,New information shows that the satellite launch team launched a spacecraft during a space mission. Scientists said the observations could improve understanding of the universe. The mission is expected to provide valuable scientific data.,Space
1913,"In the latest update, the Parliament presented a budget proposal at an election rally. The proposal will be discussed by elected representatives. The decision is expected to become an important public issue.",Political
1914,"In the latest update, the lead actor revealed the first look at the audio launch. The announcement generated strong interest among movie audiences. Fans discussed the trailer and upcoming release.",Cinema
1915,"In the latest update, cartographers analyzed geographic features in a rapidly growing city. Researchers said the findings could help regional planning. Scientists used maps and field observations for the analysis.",Geography
1916,"In the latest update, LeBron James recorded a century after a closely fought contest. The coach praised the player's fitness and tactical performance. Fans discussed the result after the final whistle.",Sports
1917,"In a latest development, Suriya received praise for the performance at the audio launch. The announcement generated strong interest among movie audiences. Fans discussed the trailer and upcoming release.",Cinema
1918,"According to a new report, Lokesh Kanagaraj received praise for the performance for the upcoming Tamil film. The announcement generated strong interest among movie audiences. Fans discussed the trailer and upcoming release.",Cinema
1919,Officials said PV Sindhu scored a decisive goal during an international football match. The coach praised the player's fitness and tactical performance. Fans discussed the result after the final whistle.,Sports
1920,"In the latest update, the foreign minister discussed bilateral relations at an election rally. The proposal will be discussed by elected representatives. The decision is expected to become an important public issue.",Political
1921,"According to a new report, the film production team shared details about the screenplay for the upcoming Tamil film. The announcement generated strong interest among movie audiences. Fans discussed the trailer and upcoming release.",Cinema
1922,"According to a new report, geographic information scientists analyzed geographic features across southern India. Researchers said the findings could help regional planning. Scientists used maps and field observations for the analysis.",Geography
1923,Officials said the cyber crime unit examined CCTV footage after a robbery was reported. Police said the investigation is continuing. Investigators are examining evidence and questioning people connected with the case.,Crime
1924,Officials said NASA scientists launched a spacecraft during a space mission. Scientists said the observations could improve understanding of the universe. The mission is expected to provide valuable scientific data.,Space
1925,A recent report said Arsenal signed a new contract after a closely fought contest. The coach praised the player's fitness and tactical performance. Fans discussed the result after the final whistle.,Sports
1926,"According to a new report, members of parliament discussed bilateral relations during a parliamentary session. The proposal will be discussed by elected representatives. The decision is expected to become an important public issue.",Political
1927,Officials said NASA scientists launched a spacecraft during a space mission. Scientists said the observations could improve understanding of the universe. The mission is expected to provide valuable scientific data.,Space
1928,Officials said earth scientists examined coastal changes across southern India. Researchers said the findings could help regional planning. Scientists used maps and field observations for the analysis.,Geography
1929,Officials said SpaceX prepared astronauts for a mission during a space mission. Scientists said the observations could improve understanding of the universe. The mission is expected to provide valuable scientific data.,Space
1930,"In the latest update, the European Space Agency studied an asteroid during a rocket launch. Scientists said the observations could improve understanding of the universe. The mission is expected to provide valuable scientific data.",Space
1931,"In a latest development, Neeraj Chopra was selected for the squad after a closely fought contest. The coach praised the player's fitness and tactical performance. Fans discussed the result after the final whistle.",Sports
1932,New information shows that the finance minister presented a budget proposal during a parliamentary session. The proposal will be discussed by elected representatives. The decision is expected to become an important public issue.,Political
1933,A recent report said environmental scientists examined soil distribution in a rapidly growing city. Researchers said the findings could help regional planning. Scientists used maps and field observations for the analysis.,Geography
1934,A recent report said NASA launched a spacecraft during a rocket launch. Scientists said the observations could improve understanding of the universe. The mission is expected to provide valuable scientific data.,Space
1935,A recent report said environmental scientists examined soil distribution in a rapidly growing city. Researchers said the findings could help regional planning. Scientists used maps and field observations for the analysis.,Geography
1936,Officials said Real Madrid was selected for the squad during an international football match. The coach praised the player's fitness and tactical performance. Fans discussed the result after the final whistle.,Sports
1937,"According to a new report, Real Madrid was selected for the squad during an international football match. The coach praised the player's fitness and tactical performance. Fans discussed the result after the final whistle.",Sports
1938,"According to a new report, ISRO scientists prepared astronauts for a mission during a space mission. Scientists said the observations could improve understanding of the universe. The mission is expected to provide valuable scientific data.",Space
1939,New information shows that climate researchers examined coastal changes across southern India. Researchers said the findings could help regional planning. Scientists used maps and field observations for the analysis.,Geography
1940,"According to a new report, the Prime Minister announced a new policy during a parliamentary session. The proposal will be discussed by elected representatives. The decision is expected to become an important public issue.",Political
1941,"According to a new report, Lokesh Kanagaraj announced a new movie for the upcoming Tamil film. The announcement generated strong interest among movie audiences. Fans discussed the trailer and upcoming release.",Cinema
1942,New information shows that the climate monitoring team examined soil distribution across southern India. Researchers said the findings could help regional planning. Scientists used maps and field observations for the analysis.,Geography
1943,Officials said the lunar mission team completed a spaceflight test during a space mission. Scientists said the observations could improve understanding of the universe. The mission is expected to provide valuable scientific data.,Space
1944,"According to a new report, Cristiano Ronaldo scored a decisive goal during an international football match. The coach praised the player's fitness and tactical performance. Fans discussed the result after the final whistle.",Sports
1945,New information shows that the Chief Minister addressed parliament during a parliamentary session. The proposal will be discussed by elected representatives. The decision is expected to become an important public issue.,Political
1946,"According to a new report, government officials presented a budget proposal during a parliamentary session. The proposal will be discussed by elected representatives. The decision is expected to become an important public issue.",Political
1947,Officials said cartographers analyzed geographic features across southern India. Researchers said the findings could help regional planning. Scientists used maps and field observations for the analysis.,Geography
1948,"In a latest development, law enforcement officials recovered stolen property following an arrest. Police said the investigation is continuing. Investigators are examining evidence and questioning people connected with the case.",Crime
1949,"According to a new report, the district police recovered stolen property after a robbery was reported. Police said the investigation is continuing. Investigators are examining evidence and questioning people connected with the case.",Crime
1950,A recent report said detectives uncovered a fraud operation following an arrest. Police said the investigation is continuing. Investigators are examining evidence and questioning people connected with the case.,Crime
1951,"In a latest development, Rohit Sharma signed a new contract after a closely fought contest. The coach praised the player's fitness and tactical performance. Fans discussed the result after the final whistle.",Sports
1952,A recent report said the Election Commission reviewed government programmes at an election rally. The proposal will be discussed by elected representatives. The decision is expected to become an important public issue.,Political
1953,Officials said the prosecution uncovered a fraud operation after a robbery was reported. Police said the investigation is continuing. Investigators are examining evidence and questioning people connected with the case.,Crime
1954,"In the latest update, the cyber crime unit examined CCTV footage following an arrest. Police said the investigation is continuing. Investigators are examining evidence and questioning people connected with the case.",Crime
1955,"In the latest update, the election campaign addressed parliament at an election rally. The proposal will be discussed by elected representatives. The decision is expected to become an important public issue.",Political
1956,New information shows that Shah Rukh Khan shared details about the screenplay for the upcoming Tamil film. The announcement generated strong interest among movie audiences. Fans discussed the trailer and upcoming release.,Cinema
1957,"According to a new report, ESA completed a spaceflight test during a space mission. Scientists said the observations could improve understanding of the universe. The mission is expected to provide valuable scientific data.",Space
1958,"According to a new report, Chennai Super Kings signed a new contract during an international football match. The coach praised the player's fitness and tactical performance. Fans discussed the result after the final whistle.",Sports
1959,"According to a new report, members of parliament discussed bilateral relations during a parliamentary session. The proposal will be discussed by elected representatives. The decision is expected to become an important public issue.",Political
1960,New information shows that the river basin study team mapped a river basin across southern India. Researchers said the findings could help regional planning. Scientists used maps and field observations for the analysis.,Geography
1961,A recent report said the Election Commission reviewed government programmes at an election rally. The proposal will be discussed by elected representatives. The decision is expected to become an important public issue.,Political
1962,A recent report said the coastal research team examined coastal changes in a rapidly growing city. Researchers said the findings could help regional planning. Scientists used maps and field observations for the analysis.,Geography
1963,A recent report said members of parliament discussed bilateral relations at an election rally. The proposal will be discussed by elected representatives. The decision is expected to become an important public issue.,Political
1964,Officials said Stephen Curry set a new record during an international football match. The coach praised the player's fitness and tactical performance. Fans discussed the result after the final whistle.,Sports
1965,A recent report said ISRO scientists prepared astronauts for a mission during a rocket launch. Scientists said the observations could improve understanding of the universe. The mission is expected to provide valuable scientific data.,Space
1966,A recent report said detectives uncovered a fraud operation following an arrest. Police said the investigation is continuing. Investigators are examining evidence and questioning people connected with the case.,Crime
1967,"According to a new report, the ruling party addressed parliament during a parliamentary session. The proposal will be discussed by elected representatives. The decision is expected to become an important public issue.",Political
1968,"In a latest development, the Chief Minister addressed parliament at an election rally. The proposal will be discussed by elected representatives. The decision is expected to become an important public issue.",Political
1969,"In a latest development, the finance minister presented a budget proposal at an election rally. The proposal will be discussed by elected representatives. The decision is expected to become an important public issue.",Political
1970,A recent report said the Mars exploration team studied an asteroid during a rocket launch. Scientists said the observations could improve understanding of the universe. The mission is expected to provide valuable scientific data.,Space
1971,"According to a new report, Lokesh Kanagaraj promoted the upcoming movie for the upcoming Tamil film. The announcement generated strong interest among movie audiences. Fans discussed the trailer and upcoming release.",Cinema
1972,Officials said Lokesh Kanagaraj revealed the first look for the upcoming Tamil film. The announcement generated strong interest among movie audiences. Fans discussed the trailer and upcoming release.,Cinema
1973,Officials said security officers recovered stolen property after a robbery was reported. Police said the investigation is continuing. Investigators are examining evidence and questioning people connected with the case.,Crime
1974,"In the latest update, the Parliament presented a budget proposal at an election rally. The proposal will be discussed by elected representatives. The decision is expected to become an important public issue.",Political
1975,"In a latest development, investigators launched an investigation following an arrest. Police said the investigation is continuing. Investigators are examining evidence and questioning people connected with the case.",Crime
1976,"According to a new report, ISRO scientists prepared astronauts for a mission during a space mission. Scientists said the observations could improve understanding of the universe. The mission is expected to provide valuable scientific data.",Space
1977,New information shows that Lokesh Kanagaraj received praise for the performance for the upcoming Tamil film. The announcement generated strong interest among movie audiences. Fans discussed the trailer and upcoming release.,Cinema
1978,"In a latest development, climate researchers examined coastal changes in a rapidly growing city. Researchers said the findings could help regional planning. Scientists used maps and field observations for the analysis.",Geography
1979,"In the latest update, Prabhas revealed the first look at the audio launch. The announcement generated strong interest among movie audiences. Fans discussed the trailer and upcoming release.",Cinema
1980,"In a latest development, the James Webb Space Telescope studied an asteroid during a rocket launch. Scientists said the observations could improve understanding of the universe. The mission is expected to provide valuable scientific data.",Space
1981,A recent report said Vijay shared details about the screenplay at the audio launch. The announcement generated strong interest among movie audiences. Fans discussed the trailer and upcoming release.,Cinema
1982,"In a latest development, researchers analyzed geographic features in a rapidly growing city. Researchers said the findings could help regional planning. Scientists used maps and field observations for the analysis.",Geography
1983,"In a latest development, the river basin study team mapped a river basin in a rapidly growing city. Researchers said the findings could help regional planning. Scientists used maps and field observations for the analysis.",Geography
1984,New information shows that India cricket team recorded a century during an international football match. The coach praised the player's fitness and tactical performance. Fans discussed the result after the final whistle.,Sports
1985,"According to a new report, the coastal research team examined coastal changes across southern India. Researchers said the findings could help regional planning. Scientists used maps and field observations for the analysis.",Geography
1986,Officials said Real Madrid was selected for the squad during an international football match. The coach praised the player's fitness and tactical performance. Fans discussed the result after the final whistle.,Sports
1987,"In a latest development, LeBron James recorded a century after a closely fought contest. The coach praised the player's fitness and tactical performance. Fans discussed the result after the final whistle.",Sports
1988,"According to a new report, ISRO scientists prepared astronauts for a mission during a space mission. Scientists said the observations could improve understanding of the universe. The mission is expected to provide valuable scientific data.",Space
1989,A recent report said Indian space scientists announced a lunar mission during a rocket launch. Scientists said the observations could improve understanding of the universe. The mission is expected to provide valuable scientific data.,Space
1990,"In a latest development, Kamal Haasan announced a new movie at the audio launch. The announcement generated strong interest among movie audiences. Fans discussed the trailer and upcoming release.",Cinema
1991,New information shows that court officials uncovered a fraud operation after a robbery was reported. Police said the investigation is continuing. Investigators are examining evidence and questioning people connected with the case.,Crime
1992,New information shows that the legislative assembly announced a new policy during a parliamentary session. The proposal will be discussed by elected representatives. The decision is expected to become an important public issue.,Political
1993,"In a latest development, Kamal Haasan announced a new movie at the audio launch. The announcement generated strong interest among movie audiences. Fans discussed the trailer and upcoming release.",Cinema
1994,"In the latest update, LeBron James recorded a century after a closely fought contest. The coach praised the player's fitness and tactical performance. Fans discussed the result after the final whistle.",Sports
1995,"In the latest update, mapping experts mapped a river basin in a rapidly growing city. Researchers said the findings could help regional planning. Scientists used maps and field observations for the analysis.",Geography
1996,Officials said SpaceX prepared astronauts for a mission during a space mission. Scientists said the observations could improve understanding of the universe. The mission is expected to provide valuable scientific data.,Space
1997,New information shows that the legislative assembly announced a new policy during a parliamentary session. The proposal will be discussed by elected representatives. The decision is expected to become an important public issue.,Political
1998,"In a latest development, astronomers completed a spaceflight test during a rocket launch. Scientists said the observations could improve understanding of the universe. The mission is expected to provide valuable scientific data.",Space
1999,Officials said earth scientists examined coastal changes across southern India. Researchers said the findings could help regional planning. Scientists used maps and field observations for the analysis.,Geography
2000,"In the latest update, urban planners examined soil distribution in a rapidly growing city. Researchers said the findings could help regional planning. Scientists used maps and field observations for the analysis.",Geography
2001,A recent report said members of parliament discussed bilateral relations at an election rally. The proposal will be discussed by elected representatives. The decision is expected to become an important public issue.,Political
2002,New information shows that Deepika Padukone announced a new movie for the upcoming Tamil film. The announcement generated strong interest among movie audiences. Fans discussed the trailer and upcoming release.,Cinema
2003,New information shows that law enforcement officials recovered stolen property after a robbery was reported. Police said the investigation is continuing. Investigators are examining evidence and questioning people connected with the case.,Crime
2004,Officials said Lokesh Kanagaraj promoted the upcoming movie for the upcoming Tamil film. The announcement generated strong interest among movie audiences. Fans discussed the trailer and upcoming release.,Cinema
2005,"According to a new report, the district police recovered stolen property after a robbery was reported. Police said the investigation is continuing. Investigators are examining evidence and questioning people connected with the case.",Crime
2006,"In the latest update, Arsenal signed a new contract after a closely fought contest. The coach praised the player's fitness and tactical performance. Fans discussed the result after the final whistle.",Sports
2007,Officials said customs officials launched an investigation after a robbery was reported. Police said the investigation is continuing. Investigators are examining evidence and questioning people connected with the case.,Crime
2008,"In a latest development, crime branch officers arrested a suspect following an arrest. Police said the investigation is continuing. Investigators are examining evidence and questioning people connected with the case.",Crime
2009,"In the latest update, SpaceX prepared astronauts for a mission during a rocket launch. Scientists said the observations could improve understanding of the universe. The mission is expected to provide valuable scientific data.",Space
2010,"According to a new report, the local police department launched an investigation after a robbery was reported. Police said the investigation is continuing. Investigators are examining evidence and questioning people connected with the case.",Crime
2011,"According to a new report, Kylian Mbappe recorded a century during an international football match. The coach praised the player's fitness and tactical performance. Fans discussed the result after the final whistle.",Sports
2012,"In the latest update, the election campaign addressed parliament at an election rally. The proposal will be discussed by elected representatives. The decision is expected to become an important public issue.",Political
2013,"In the latest update, the geographical survey team studied land use patterns in a rapidly growing city. Researchers said the findings could help regional planning. Scientists used maps and field observations for the analysis.",Geography
2014,Officials said the cabinet reviewed government programmes during a parliamentary session. The proposal will be discussed by elected representatives. The decision is expected to become an important public issue.,Political
2015,"According to a new report, Stephen Curry set a new record during an international football match. The coach praised the player's fitness and tactical performance. Fans discussed the result after the final whistle.",Sports
2016,Officials said the election campaign addressed parliament during a parliamentary session. The proposal will be discussed by elected representatives. The decision is expected to become an important public issue.,Political
2017,"According to a new report, the Election Commission reviewed government programmes during a parliamentary session. The proposal will be discussed by elected representatives. The decision is expected to become an important public issue.",Political
2018,"According to a new report, environmental scientists examined soil distribution across southern India. Researchers said the findings could help regional planning. Scientists used maps and field observations for the analysis.",Geography
2019,"According to a new report, ISRO scientists prepared astronauts for a mission during a space mission. Scientists said the observations could improve understanding of the universe. The mission is expected to provide valuable scientific data.",Space
2020,"In the latest update, Kamal Haasan announced a new movie at the audio launch. The announcement generated strong interest among movie audiences. Fans discussed the trailer and upcoming release.",Cinema
2021,New information shows that crime branch officers arrested a suspect after a robbery was reported. Police said the investigation is continuing. Investigators are examining evidence and questioning people connected with the case.,Crime
2022,"In the latest update, the cabinet reviewed government programmes at an election rally. The proposal will be discussed by elected representatives. The decision is expected to become an important public issue.",Political
2023,New information shows that Chennai Super Kings signed a new contract during an international football match. The coach praised the player's fitness and tactical performance. Fans discussed the result after the final whistle.,Sports
2024,"In the latest update, Neeraj Chopra was selected for the squad after a closely fought contest. The coach praised the player's fitness and tactical performance. Fans discussed the result after the final whistle.",Sports
2025,A recent report said the Prime Minister announced a new policy at an election rally. The proposal will be discussed by elected representatives. The decision is expected to become an important public issue.,Political
2026,Officials said MS Dhoni was selected for the squad during an international football match. The coach praised the player's fitness and tactical performance. Fans discussed the result after the final whistle.,Sports
2027,"According to a new report, Carlos Alcaraz signed a new contract during an international football match. The coach praised the player's fitness and tactical performance. Fans discussed the result after the final whistle.",Sports
2028,"According to a new report, Indian space scientists announced a lunar mission during a space mission. Scientists said the observations could improve understanding of the universe. The mission is expected to provide valuable scientific data.",Space
2029,A recent report said geographers mapped a river basin in a rapidly growing city. Researchers said the findings could help regional planning. Scientists used maps and field observations for the analysis.,Geography
2030,A recent report said city police arrested a suspect following an arrest. Police said the investigation is continuing. Investigators are examining evidence and questioning people connected with the case.,Crime
2031,A recent report said Vijay revealed the first look at the audio launch. The announcement generated strong interest among movie audiences. Fans discussed the trailer and upcoming release.,Cinema
2032,New information shows that India cricket team recorded a century during an international football match. The coach praised the player's fitness and tactical performance. Fans discussed the result after the final whistle.,Sports
2033,"In a latest development, law enforcement officials recovered stolen property following an arrest. Police said the investigation is continuing. Investigators are examining evidence and questioning people connected with the case.",Crime
2034,"In a latest development, forensic investigators examined CCTV footage following an arrest. Police said the investigation is continuing. Investigators are examining evidence and questioning people connected with the case.",Crime
2035,"In the latest update, the cyber crime unit examined CCTV footage following an arrest. Police said the investigation is continuing. Investigators are examining evidence and questioning people connected with the case.",Crime
2036,New information shows that the climate monitoring team examined soil distribution across southern India. Researchers said the findings could help regional planning. Scientists used maps and field observations for the analysis.,Geography
2037,"In the latest update, customs officials launched an investigation following an arrest. Police said the investigation is continuing. Investigators are examining evidence and questioning people connected with the case.",Crime
2038,"According to a new report, the coastal research team examined coastal changes across southern India. Researchers said the findings could help regional planning. Scientists used maps and field observations for the analysis.",Geography
2039,A recent report said Aamir Khan announced a new movie at the audio launch. The announcement generated strong interest among movie audiences. Fans discussed the trailer and upcoming release.,Cinema
2040,"In a latest development, the climate monitoring team examined soil distribution in a rapidly growing city. Researchers said the findings could help regional planning. Scientists used maps and field observations for the analysis.",Geography
2041,New information shows that Deepika Padukone shared details about the screenplay for the upcoming Tamil film. The announcement generated strong interest among movie audiences. Fans discussed the trailer and upcoming release.,Cinema
2042,"In the latest update, the foreign minister discussed bilateral relations at an election rally. The proposal will be discussed by elected representatives. The decision is expected to become an important public issue.",Political
2043,"According to a new report, the film production team revealed the first look for the upcoming Tamil film. The announcement generated strong interest among movie audiences. Fans discussed the trailer and upcoming release.",Cinema
2044,"In a latest development, the state government discussed bilateral relations at an election rally. The proposal will be discussed by elected representatives. The decision is expected to become an important public issue.",Political
2045,"In a latest development, political leaders reviewed government programmes at an election rally. The proposal will be discussed by elected representatives. The decision is expected to become an important public issue.",Political
2046,New information shows that the Chief Minister addressed parliament during a parliamentary session. The proposal will be discussed by elected representatives. The decision is expected to become an important public issue.,Political
2047,New information shows that Shah Rukh Khan promoted the upcoming movie for the upcoming Tamil film. The announcement generated strong interest among movie audiences. Fans discussed the trailer and upcoming release.,Cinema
2048,"In the latest update, security officers recovered stolen property following an arrest. Police said the investigation is continuing. Investigators are examining evidence and questioning people connected with the case.",Crime
2049,New information shows that Lokesh Kanagaraj shared details about the screenplay for the upcoming Tamil film. The announcement generated strong interest among movie audiences. Fans discussed the trailer and upcoming release.,Cinema
2050,"In the latest update, Nayanthara shared details about the screenplay at the audio launch. The announcement generated strong interest among movie audiences. Fans discussed the trailer and upcoming release.",Cinema
2051,A recent report said Rohit Sharma signed a new contract after a closely fought contest. The coach praised the player's fitness and tactical performance. Fans discussed the result after the final whistle.,Sports
2052,"According to a new report, the Prime Minister announced a new policy during a parliamentary session. The proposal will be discussed by elected representatives. The decision is expected to become an important public issue.",Political
2053,New information shows that ISRO announced a lunar mission during a space mission. Scientists said the observations could improve understanding of the universe. The mission is expected to provide valuable scientific data.,Space
2054,A recent report said NASA launched a spacecraft during a rocket launch. Scientists said the observations could improve understanding of the universe. The mission is expected to provide valuable scientific data.,Space
2055,A recent report said Arsenal signed a new contract after a closely fought contest. The coach praised the player's fitness and tactical performance. Fans discussed the result after the final whistle.,Sports
2056,"In the latest update, the Parliament presented a budget proposal at an election rally. The proposal will be discussed by elected representatives. The decision is expected to become an important public issue.",Political
2057,Officials said the election campaign addressed parliament during a parliamentary session. The proposal will be discussed by elected representatives. The decision is expected to become an important public issue.,Political
2058,"In a latest development, political leaders reviewed government programmes at an election rally. The proposal will be discussed by elected representatives. The decision is expected to become an important public issue.",Political
2059,New information shows that the Chief Minister addressed parliament during a parliamentary session. The proposal will be discussed by elected representatives. The decision is expected to become an important public issue.,Political
2060,"According to a new report, the Prime Minister announced a new policy during a parliamentary session. The proposal will be discussed by elected representatives. The decision is expected to become an important public issue.",Political
2061,New information shows that forensic investigators examined CCTV footage after a robbery was reported. Police said the investigation is continuing. Investigators are examining evidence and questioning people connected with the case.,Crime
2062,"In a latest development, Mani Ratnam announced a new movie at the audio launch. The announcement generated strong interest among movie audiences. Fans discussed the trailer and upcoming release.",Cinema
2063,New information shows that the climate monitoring team examined soil distribution across southern India. Researchers said the findings could help regional planning. Scientists used maps and field observations for the analysis.,Geography
2064,Officials said the opposition party announced a new policy during a parliamentary session. The proposal will be discussed by elected representatives. The decision is expected to become an important public issue.,Political
2065,"According to a new report, NASA launched a spacecraft during a space mission. Scientists said the observations could improve understanding of the universe. The mission is expected to provide valuable scientific data.",Space
2066,"In the latest update, the election campaign addressed parliament at an election rally. The proposal will be discussed by elected representatives. The decision is expected to become an important public issue.",Political
2067,New information shows that law enforcement officials recovered stolen property after a robbery was reported. Police said the investigation is continuing. Investigators are examining evidence and questioning people connected with the case.,Crime
2068,New information shows that Shah Rukh Khan announced a new movie for the upcoming Tamil film. The announcement generated strong interest among movie audiences. Fans discussed the trailer and upcoming release.,Cinema
2069,New information shows that Real Madrid was selected for the squad during an international football match. The coach praised the player's fitness and tactical performance. Fans discussed the result after the final whistle.,Sports
2070,New information shows that investigators launched an investigation after a robbery was reported. Police said the investigation is continuing. Investigators are examining evidence and questioning people connected with the case.,Crime
2071,"In a latest development, Mumbai Indians was selected for the squad after a closely fought contest. The coach praised the player's fitness and tactical performance. Fans discussed the result after the final whistle.",Sports
2072,"In a latest development, ISRO announced a lunar mission during a rocket launch. Scientists said the observations could improve understanding of the universe. The mission is expected to provide valuable scientific data.",Space
2073,Officials said customs officials launched an investigation after a robbery was reported. Police said the investigation is continuing. Investigators are examining evidence and questioning people connected with the case.,Crime
2074,New information shows that crime branch officers arrested a suspect after a robbery was reported. Police said the investigation is continuing. Investigators are examining evidence and questioning people connected with the case.,Crime
2075,"According to a new report, city police arrested a suspect after a robbery was reported. Police said the investigation is continuing. Investigators are examining evidence and questioning people connected with the case.",Crime
2076,"In the latest update, urban planners examined soil distribution in a rapidly growing city. Researchers said the findings could help regional planning. Scientists used maps and field observations for the analysis.",Geography
2077,"According to a new report, geographic information scientists analyzed geographic features across southern India. Researchers said the findings could help regional planning. Scientists used maps and field observations for the analysis.",Geography
2078,New information shows that the legislative assembly announced a new policy during a parliamentary session. The proposal will be discussed by elected representatives. The decision is expected to become an important public issue.,Political
2079,"In the latest update, NASA scientists launched a spacecraft during a rocket launch. Scientists said the observations could improve understanding of the universe. The mission is expected to provide valuable scientific data.",Space
2080,"In the latest update, Neeraj Chopra was selected for the squad after a closely fought contest. The coach praised the player's fitness and tactical performance. Fans discussed the result after the final whistle.",Sports
2081,"In the latest update, the opposition party announced a new policy at an election rally. The proposal will be discussed by elected representatives. The decision is expected to become an important public issue.",Political
2082,A recent report said Rohit Sharma signed a new contract after a closely fought contest. The coach praised the player's fitness and tactical performance. Fans discussed the result after the final whistle.,Sports
2083,"According to a new report, ESA completed a spaceflight test during a space mission. Scientists said the observations could improve understanding of the universe. The mission is expected to provide valuable scientific data.",Space
2084,A recent report said Indian space scientists announced a lunar mission during a rocket launch. Scientists said the observations could improve understanding of the universe. The mission is expected to provide valuable scientific data.,Space
2085,Officials said the film production team promoted the upcoming movie for the upcoming Tamil film. The announcement generated strong interest among movie audiences. Fans discussed the trailer and upcoming release.,Cinema
2086,A recent report said Kamal Haasan promoted the upcoming movie at the audio launch. The announcement generated strong interest among movie audiences. Fans discussed the trailer and upcoming release.,Cinema
2087,"In a latest development, Suriya promoted the upcoming movie at the audio launch. The announcement generated strong interest among movie audiences. Fans discussed the trailer and upcoming release.",Cinema
2088,A recent report said Lionel Messi recorded a century after a closely fought contest. The coach praised the player's fitness and tactical performance. Fans discussed the result after the final whistle.,Sports
2089,"In the latest update, the cyber crime unit examined CCTV footage following an arrest. Police said the investigation is continuing. Investigators are examining evidence and questioning people connected with the case.",Crime
2090,Officials said Carlos Alcaraz signed a new contract during an international football match. The coach praised the player's fitness and tactical performance. Fans discussed the result after the final whistle.,Sports
2091,Officials said the geographical survey team studied land use patterns across southern India. Researchers said the findings could help regional planning. Scientists used maps and field observations for the analysis.,Geography
2092,New information shows that law enforcement officials recovered stolen property after a robbery was reported. Police said the investigation is continuing. Investigators are examining evidence and questioning people connected with the case.,Crime
2093,"In the latest update, Kamal Haasan shared details about the screenplay at the audio launch. The announcement generated strong interest among movie audiences. Fans discussed the trailer and upcoming release.",Cinema
2094,New information shows that Carlos Alcaraz signed a new contract during an international football match. The coach praised the player's fitness and tactical performance. Fans discussed the result after the final whistle.,Sports
2095,"In the latest update, Rohit Sharma signed a new contract after a closely fought contest. The coach praised the player's fitness and tactical performance. Fans discussed the result after the final whistle.",Sports
2096,Officials said mapping experts mapped a river basin across southern India. Researchers said the findings could help regional planning. Scientists used maps and field observations for the analysis.,Geography
2097,New information shows that Kylian Mbappe recorded a century during an international football match. The coach praised the player's fitness and tactical performance. Fans discussed the result after the final whistle.,Sports
2098,"In a latest development, the lead actor revealed the first look at the audio launch. The announcement generated strong interest among movie audiences. Fans discussed the trailer and upcoming release.",Cinema
2099,"In the latest update, earth scientists examined coastal changes in a rapidly growing city. Researchers said the findings could help regional planning. Scientists used maps and field observations for the analysis.",Geography
2100,"According to a new report, the Mars exploration team studied an asteroid during a space mission. Scientists said the observations could improve understanding of the universe. The mission is expected to provide valuable scientific data.",Space
2101,"In a latest development, Prabhas promoted the upcoming movie at the audio launch. The announcement generated strong interest among movie audiences. Fans discussed the trailer and upcoming release.",Cinema
2102,New information shows that the state government discussed bilateral relations during a parliamentary session. The proposal will be discussed by elected representatives. The decision is expected to become an important public issue.,Political
2103,"In a latest development, Jude Bellingham scored a decisive goal after a closely fought contest. The coach praised the player's fitness and tactical performance. Fans discussed the result after the final whistle.",Sports
2104,"According to a new report, Rajinikanth announced a new movie for the upcoming Tamil film. The announcement generated strong interest among movie audiences. Fans discussed the trailer and upcoming release.",Cinema
2105,Officials said NASA scientists launched a spacecraft during a space mission. Scientists said the observations could improve understanding of the universe. The mission is expected to provide valuable scientific data.,Space
2106,"According to a new report, the Prime Minister announced a new policy during a parliamentary session. The proposal will be discussed by elected representatives. The decision is expected to become an important public issue.",Political
2107,"In a latest development, the Chief Minister addressed parliament at an election rally. The proposal will be discussed by elected representatives. The decision is expected to become an important public issue.",Political
2108,Officials said SpaceX prepared astronauts for a mission during a space mission. Scientists said the observations could improve understanding of the universe. The mission is expected to provide valuable scientific data.,Space
2109,A recent report said city police arrested a suspect following an arrest. Police said the investigation is continuing. Investigators are examining evidence and questioning people connected with the case.,Crime
2110,"According to a new report, detectives uncovered a fraud operation after a robbery was reported. Police said the investigation is continuing. Investigators are examining evidence and questioning people connected with the case.",Crime
2111,A recent report said geographers mapped a river basin in a rapidly growing city. Researchers said the findings could help regional planning. Scientists used maps and field observations for the analysis.,Geography
2112,New information shows that the satellite launch team launched a spacecraft during a space mission. Scientists said the observations could improve understanding of the universe. The mission is expected to provide valuable scientific data.,Space
2113,"In the latest update, the lunar mission team completed a spaceflight test during a rocket launch. Scientists said the observations could improve understanding of the universe. The mission is expected to provide valuable scientific data.",Space
2114,"According to a new report, ISRO scientists prepared astronauts for a mission during a space mission. Scientists said the observations could improve understanding of the universe. The mission is expected to provide valuable scientific data.",Space
2115,"In a latest development, Novak Djokovic set a new record after a closely fought contest. The coach praised the player's fitness and tactical performance. Fans discussed the result after the final whistle.",Sports
2116,New information shows that political leaders reviewed government programmes during a parliamentary session. The proposal will be discussed by elected representatives. The decision is expected to become an important public issue.,Political
2117,Officials said security officers recovered stolen property after a robbery was reported. Police said the investigation is continuing. Investigators are examining evidence and questioning people connected with the case.,Crime
2118,A recent report said the local police department launched an investigation following an arrest. Police said the investigation is continuing. Investigators are examining evidence and questioning people connected with the case.,Crime
2119,"According to a new report, Kylian Mbappe recorded a century during an international football match. The coach praised the player's fitness and tactical performance. Fans discussed the result after the final whistle.",Sports
2120,"According to a new report, MS Dhoni was selected for the squad during an international football match. The coach praised the player's fitness and tactical performance. Fans discussed the result after the final whistle.",Sports
2121,"According to a new report, Shah Rukh Khan promoted the upcoming movie for the upcoming Tamil film. The announcement generated strong interest among movie audiences. Fans discussed the trailer and upcoming release.",Cinema
2122,Officials said the film production team shared details about the screenplay for the upcoming Tamil film. The announcement generated strong interest among movie audiences. Fans discussed the trailer and upcoming release.,Cinema
2123,"In a latest development, forensic investigators examined CCTV footage following an arrest. Police said the investigation is continuing. Investigators are examining evidence and questioning people connected with the case.",Crime
2124,"In the latest update, urban planners examined soil distribution in a rapidly growing city. Researchers said the findings could help regional planning. Scientists used maps and field observations for the analysis.",Geography
2125,Officials said the prosecution uncovered a fraud operation after a robbery was reported. Police said the investigation is continuing. Investigators are examining evidence and questioning people connected with the case.,Crime
2126,Officials said the European Space Agency studied an asteroid during a space mission. Scientists said the observations could improve understanding of the universe. The mission is expected to provide valuable scientific data.,Space
2127,Officials said Lokesh Kanagaraj revealed the first look for the upcoming Tamil film. The announcement generated strong interest among movie audiences. Fans discussed the trailer and upcoming release.,Cinema
2128,"In the latest update, the election campaign addressed parliament at an election rally. The proposal will be discussed by elected representatives. The decision is expected to become an important public issue.",Political
2129,New information shows that crime branch officers arrested a suspect after a robbery was reported. Police said the investigation is continuing. Investigators are examining evidence and questioning people connected with the case.,Crime
2130,New information shows that the satellite launch team launched a spacecraft during a space mission. Scientists said the observations could improve understanding of the universe. The mission is expected to provide valuable scientific data.,Space
2131,Officials said Allu Arjun promoted the upcoming movie for the upcoming Tamil film. The announcement generated strong interest among movie audiences. Fans discussed the trailer and upcoming release.,Cinema
2132,"In a latest development, climate researchers examined coastal changes in a rapidly growing city. Researchers said the findings could help regional planning. Scientists used maps and field observations for the analysis.",Geography
2133,"According to a new report, the Election Commission reviewed government programmes during a parliamentary session. The proposal will be discussed by elected representatives. The decision is expected to become an important public issue.",Political
2134,"According to a new report, Kylian Mbappe recorded a century during an international football match. The coach praised the player's fitness and tactical performance. Fans discussed the result after the final whistle.",Sports
2135,Officials said the European Space Agency studied an asteroid during a space mission. Scientists said the observations could improve understanding of the universe. The mission is expected to provide valuable scientific data.,Space
2136,"In a latest development, the Himalayan research group studied land use patterns in a rapidly growing city. Researchers said the findings could help regional planning. Scientists used maps and field observations for the analysis.",Geography
2137,New information shows that court officials uncovered a fraud operation after a robbery was reported. Police said the investigation is continuing. Investigators are examining evidence and questioning people connected with the case.,Crime
2138,Officials said urban planners examined soil distribution across southern India. Researchers said the findings could help regional planning. Scientists used maps and field observations for the analysis.,Geography
2139,"According to a new report, the Mars exploration team studied an asteroid during a space mission. Scientists said the observations could improve understanding of the universe. The mission is expected to provide valuable scientific data.",Space
2140,"In the latest update, earth scientists examined coastal changes in a rapidly growing city. Researchers said the findings could help regional planning. Scientists used maps and field observations for the analysis.",Geography
2141,"According to a new report, ISRO scientists prepared astronauts for a mission during a space mission. Scientists said the observations could improve understanding of the universe. The mission is expected to provide valuable scientific data.",Space
2142,A recent report said detectives uncovered a fraud operation following an arrest. Police said the investigation is continuing. Investigators are examining evidence and questioning people connected with the case.,Crime
2143,A recent report said the lead actor shared details about the screenplay at the audio launch. The announcement generated strong interest among movie audiences. Fans discussed the trailer and upcoming release.,Cinema
2144,New information shows that the climate monitoring team examined soil distribution across southern India. Researchers said the findings could help regional planning. Scientists used maps and field observations for the analysis.,Geography
2145,New information shows that Ajith Kumar announced a new movie for the upcoming Tamil film. The announcement generated strong interest among movie audiences. Fans discussed the trailer and upcoming release.,Cinema
2146,A recent report said government officials presented a budget proposal at an election rally. The proposal will be discussed by elected representatives. The decision is expected to become an important public issue.,Political
2147,"In a latest development, the state government discussed bilateral relations at an election rally. The proposal will be discussed by elected representatives. The decision is expected to become an important public issue.",Political
2148,"According to a new report, the local police department launched an investigation after a robbery was reported. Police said the investigation is continuing. Investigators are examining evidence and questioning people connected with the case.",Crime
2149,"In a latest development, Mumbai Indians was selected for the squad after a closely fought contest. The coach praised the player's fitness and tactical performance. Fans discussed the result after the final whistle.",Sports
2150,New information shows that Allu Arjun received praise for the performance for the upcoming Tamil film. The announcement generated strong interest among movie audiences. Fans discussed the trailer and upcoming release.,Cinema
2151,A recent report said the district police recovered stolen property following an arrest. Police said the investigation is continuing. Investigators are examining evidence and questioning people connected with the case.,Crime
2152,"In a latest development, LeBron James recorded a century after a closely fought contest. The coach praised the player's fitness and tactical performance. Fans discussed the result after the final whistle.",Sports
2153,"According to a new report, the local police department launched an investigation after a robbery was reported. Police said the investigation is continuing. Investigators are examining evidence and questioning people connected with the case.",Crime
2154,"According to a new report, government officials presented a budget proposal during a parliamentary session. The proposal will be discussed by elected representatives. The decision is expected to become an important public issue.",Political
2155,"In the latest update, the lead actor revealed the first look at the audio launch. The announcement generated strong interest among movie audiences. Fans discussed the trailer and upcoming release.",Cinema
2156,"According to a new report, the district police recovered stolen property after a robbery was reported. Police said the investigation is continuing. Investigators are examining evidence and questioning people connected with the case.",Crime
2157,"In a latest development, crime branch officers arrested a suspect following an arrest. Police said the investigation is continuing. Investigators are examining evidence and questioning people connected with the case.",Crime
2158,Officials said the anti-narcotics team arrested a suspect after a robbery was reported. Police said the investigation is continuing. Investigators are examining evidence and questioning people connected with the case.,Crime
2159,"In the latest update, urban planners examined soil distribution in a rapidly growing city. Researchers said the findings could help regional planning. Scientists used maps and field observations for the analysis.",Geography
2160,New information shows that law enforcement officials recovered stolen property after a robbery was reported. Police said the investigation is continuing. Investigators are examining evidence and questioning people connected with the case.,Crime
2161,New information shows that climate researchers examined coastal changes across southern India. Researchers said the findings could help regional planning. Scientists used maps and field observations for the analysis.,Geography
2162,A recent report said the Prime Minister announced a new policy at an election rally. The proposal will be discussed by elected representatives. The decision is expected to become an important public issue.,Political
2163,A recent report said the coastal research team examined coastal changes in a rapidly growing city. Researchers said the findings could help regional planning. Scientists used maps and field observations for the analysis.,Geography
2164,New information shows that the Himalayan research group studied land use patterns across southern India. Researchers said the findings could help regional planning. Scientists used maps and field observations for the analysis.,Geography
2165,"In a latest development, astronauts prepared astronauts for a mission during a rocket launch. Scientists said the observations could improve understanding of the universe. The mission is expected to provide valuable scientific data.",Space
2166,"According to a new report, detectives uncovered a fraud operation after a robbery was reported. Police said the investigation is continuing. Investigators are examining evidence and questioning people connected with the case.",Crime
2167,"According to a new report, city police arrested a suspect after a robbery was reported. Police said the investigation is continuing. Investigators are examining evidence and questioning people connected with the case.",Crime
2168,A recent report said Mumbai Indians was selected for the squad after a closely fought contest. The coach praised the player's fitness and tactical performance. Fans discussed the result after the final whistle.,Sports
2169,"In the latest update, the cabinet reviewed government programmes at an election rally. The proposal will be discussed by elected representatives. The decision is expected to become an important public issue.",Political
2170,A recent report said detectives uncovered a fraud operation following an arrest. Police said the investigation is continuing. Investigators are examining evidence and questioning people connected with the case.,Crime
2171,Officials said SpaceX engineers announced a lunar mission during a space mission. Scientists said the observations could improve understanding of the universe. The mission is expected to provide valuable scientific data.,Space
2172,"In a latest development, the finance minister presented a budget proposal at an election rally. The proposal will be discussed by elected representatives. The decision is expected to become an important public issue.",Political
2173,"In a latest development, Vijay revealed the first look at the audio launch. The announcement generated strong interest among movie audiences. Fans discussed the trailer and upcoming release.",Cinema
2174,"According to a new report, ISRO scientists prepared astronauts for a mission during a space mission. Scientists said the observations could improve understanding of the universe. The mission is expected to provide valuable scientific data.",Space
2175,"In a latest development, astronomers completed a spaceflight test during a rocket launch. Scientists said the observations could improve understanding of the universe. The mission is expected to provide valuable scientific data.",Space
2176,"In the latest update, the cyber crime unit examined CCTV footage following an arrest. Police said the investigation is continuing. Investigators are examining evidence and questioning people connected with the case.",Crime
2177,New information shows that the state government discussed bilateral relations during a parliamentary session. The proposal will be discussed by elected representatives. The decision is expected to become an important public issue.,Political
2178,New information shows that astronauts prepared astronauts for a mission during a space mission. Scientists said the observations could improve understanding of the universe. The mission is expected to provide valuable scientific data.,Space
2179,"In a latest development, the climate monitoring team examined soil distribution in a rapidly growing city. Researchers said the findings could help regional planning. Scientists used maps and field observations for the analysis.",Geography
2180,A recent report said the ruling party addressed parliament at an election rally. The proposal will be discussed by elected representatives. The decision is expected to become an important public issue.,Political
2181,New information shows that forensic investigators examined CCTV footage after a robbery was reported. Police said the investigation is continuing. Investigators are examining evidence and questioning people connected with the case.,Crime
2182,New information shows that researchers analyzed geographic features across southern India. Researchers said the findings could help regional planning. Scientists used maps and field observations for the analysis.,Geography
2183,New information shows that ISRO announced a lunar mission during a space mission. Scientists said the observations could improve understanding of the universe. The mission is expected to provide valuable scientific data.,Space
2184,Officials said the European Space Agency studied an asteroid during a space mission. Scientists said the observations could improve understanding of the universe. The mission is expected to provide valuable scientific data.,Space
2185,A recent report said government officials presented a budget proposal at an election rally. The proposal will be discussed by elected representatives. The decision is expected to become an important public issue.,Political
2186,"According to a new report, Indian space scientists announced a lunar mission during a space mission. Scientists said the observations could improve understanding of the universe. The mission is expected to provide valuable scientific data.",Space
2187,New information shows that investigators launched an investigation after a robbery was reported. Police said the investigation is continuing. Investigators are examining evidence and questioning people connected with the case.,Crime
2188,"According to a new report, members of parliament discussed bilateral relations during a parliamentary session. The proposal will be discussed by elected representatives. The decision is expected to become an important public issue.",Political
2189,New information shows that astronomers completed a spaceflight test during a space mission. Scientists said the observations could improve understanding of the universe. The mission is expected to provide valuable scientific data.,Space
2190,New information shows that the river basin study team mapped a river basin across southern India. Researchers said the findings could help regional planning. Scientists used maps and field observations for the analysis.,Geography
2191,New information shows that Dhanush promoted the upcoming movie for the upcoming Tamil film. The announcement generated strong interest among movie audiences. Fans discussed the trailer and upcoming release.,Cinema
2192,A recent report said geographic information scientists analyzed geographic features in a rapidly growing city. Researchers said the findings could help regional planning. Scientists used maps and field observations for the analysis.,Geography
2193,New information shows that crime branch officers arrested a suspect after a robbery was reported. Police said the investigation is continuing. Investigators are examining evidence and questioning people connected with the case.,Crime
2194,"According to a new report, geographic information scientists analyzed geographic features across southern India. Researchers said the findings could help regional planning. Scientists used maps and field observations for the analysis.",Geography
2195,"In the latest update, Manchester City scored a decisive goal after a closely fought contest. The coach praised the player's fitness and tactical performance. Fans discussed the result after the final whistle.",Sports
2196,Officials said Dhanush promoted the upcoming movie for the upcoming Tamil film. The announcement generated strong interest among movie audiences. Fans discussed the trailer and upcoming release.,Cinema
2197,"In a latest development, Mumbai Indians was selected for the squad after a closely fought contest. The coach praised the player's fitness and tactical performance. Fans discussed the result after the final whistle.",Sports
2198,Officials said cartographers analyzed geographic features across southern India. Researchers said the findings could help regional planning. Scientists used maps and field observations for the analysis.,Geography
2199,"According to a new report, Cristiano Ronaldo scored a decisive goal during an international football match. The coach praised the player's fitness and tactical performance. Fans discussed the result after the final whistle.",Sports
2200,"In the latest update, the geographical survey team studied land use patterns in a rapidly growing city. Researchers said the findings could help regional planning. Scientists used maps and field observations for the analysis.",Geography
2201,Officials said the anti-narcotics team arrested a suspect after a robbery was reported. Police said the investigation is continuing. Investigators are examining evidence and questioning people connected with the case.,Crime
2202,"According to a new report, investigators examined CCTV footage after a robbery was reported. Police said the investigation is continuing. Investigators are examining evidence and questioning people connected with the case.",Crime
2203,"In the latest update, mapping experts mapped a river basin in a rapidly growing city. Researchers said the findings could help regional planning. Scientists used maps and field observations for the analysis.",Geography
2204,"According to a new report, environmental scientists examined soil distribution across southern India. Researchers said the findings could help regional planning. Scientists used maps and field observations for the analysis.",Geography
2205,Officials said the geographical survey team studied land use patterns across southern India. Researchers said the findings could help regional planning. Scientists used maps and field observations for the analysis.,Geography
2206,Officials said Shah Rukh Khan revealed the first look for the upcoming Tamil film. The announcement generated strong interest among movie audiences. Fans discussed the trailer and upcoming release.,Cinema
2207,A recent report said geographers mapped a river basin in a rapidly growing city. Researchers said the findings could help regional planning. Scientists used maps and field observations for the analysis.,Geography
2208,"In a latest development, researchers analyzed geographic features in a rapidly growing city. Researchers said the findings could help regional planning. Scientists used maps and field observations for the analysis.",Geography
2209,"In a latest development, Prabhas revealed the first look at the audio launch. The announcement generated strong interest among movie audiences. Fans discussed the trailer and upcoming release.",Cinema
2210,A recent report said Mumbai Indians was selected for the squad after a closely fought contest. The coach praised the player's fitness and tactical performance. Fans discussed the result after the final whistle.,Sports
2211,"According to a new report, Indian space scientists announced a lunar mission during a space mission. Scientists said the observations could improve understanding of the universe. The mission is expected to provide valuable scientific data.",Space
2212,Officials said the prosecution uncovered a fraud operation after a robbery was reported. Police said the investigation is continuing. Investigators are examining evidence and questioning people connected with the case.,Crime
2213,"In the latest update, earth scientists examined coastal changes in a rapidly growing city. Researchers said the findings could help regional planning. Scientists used maps and field observations for the analysis.",Geography
2214,"In a latest development, astronomers completed a spaceflight test during a rocket launch. Scientists said the observations could improve understanding of the universe. The mission is expected to provide valuable scientific data.",Space
2215,"In the latest update, the European Space Agency studied an asteroid during a rocket launch. Scientists said the observations could improve understanding of the universe. The mission is expected to provide valuable scientific data.",Space
2216,A recent report said the local police department launched an investigation following an arrest. Police said the investigation is continuing. Investigators are examining evidence and questioning people connected with the case.,Crime
2217,A recent report said ISRO scientists prepared astronauts for a mission during a rocket launch. Scientists said the observations could improve understanding of the universe. The mission is expected to provide valuable scientific data.,Space
2218,Officials said security officers recovered stolen property after a robbery was reported. Police said the investigation is continuing. Investigators are examining evidence and questioning people connected with the case.,Crime
2219,"In a latest development, the legislative assembly announced a new policy at an election rally. The proposal will be discussed by elected representatives. The decision is expected to become an important public issue.",Political
2220,New information shows that investigators launched an investigation after a robbery was reported. Police said the investigation is continuing. Investigators are examining evidence and questioning people connected with the case.,Crime
2221,New information shows that Virat Kohli set a new record during an international football match. The coach praised the player's fitness and tactical performance. Fans discussed the result after the final whistle.,Sports
2222,A recent report said ISRO scientists prepared astronauts for a mission during a rocket launch. Scientists said the observations could improve understanding of the universe. The mission is expected to provide valuable scientific data.,Space
2223,A recent report said members of parliament discussed bilateral relations at an election rally. The proposal will be discussed by elected representatives. The decision is expected to become an important public issue.,Political
2224,"In a latest development, the James Webb Space Telescope studied an asteroid during a rocket launch. Scientists said the observations could improve understanding of the universe. The mission is expected to provide valuable scientific data.",Space
2225,Officials said the European Space Agency studied an asteroid during a space mission. Scientists said the observations could improve understanding of the universe. The mission is expected to provide valuable scientific data.,Space
2226,New information shows that the legislative assembly announced a new policy during a parliamentary session. The proposal will be discussed by elected representatives. The decision is expected to become an important public issue.,Political
2227,"In a latest development, Kamal Haasan revealed the first look at the audio launch. The announcement generated strong interest among movie audiences. Fans discussed the trailer and upcoming release.",Cinema
2228,"In the latest update, security officers recovered stolen property following an arrest. Police said the investigation is continuing. Investigators are examining evidence and questioning people connected with the case.",Crime
2229,"In the latest update, the European Space Agency studied an asteroid during a rocket launch. Scientists said the observations could improve understanding of the universe. The mission is expected to provide valuable scientific data.",Space
2230,"According to a new report, ESA completed a spaceflight test during a space mission. Scientists said the observations could improve understanding of the universe. The mission is expected to provide valuable scientific data.",Space
2231,"In a latest development, investigators launched an investigation following an arrest. Police said the investigation is continuing. Investigators are examining evidence and questioning people connected with the case.",Crime
2232,New information shows that the film production team received praise for the performance for the upcoming Tamil film. The announcement generated strong interest among movie audiences. Fans discussed the trailer and upcoming release.,Cinema
2233,New information shows that Stephen Curry set a new record during an international football match. The coach praised the player's fitness and tactical performance. Fans discussed the result after the final whistle.,Sports
2234,"According to a new report, the Prime Minister announced a new policy during a parliamentary session. The proposal will be discussed by elected representatives. The decision is expected to become an important public issue.",Political
2235,New information shows that the legislative assembly announced a new policy during a parliamentary session. The proposal will be discussed by elected representatives. The decision is expected to become an important public issue.,Political
2236,Officials said the lunar mission team completed a spaceflight test during a space mission. Scientists said the observations could improve understanding of the universe. The mission is expected to provide valuable scientific data.,Space
2237,Officials said Carlos Alcaraz signed a new contract during an international football match. The coach praised the player's fitness and tactical performance. Fans discussed the result after the final whistle.,Sports
2238,"In a latest development, Jude Bellingham scored a decisive goal after a closely fought contest. The coach praised the player's fitness and tactical performance. Fans discussed the result after the final whistle.",Sports
2239,"According to a new report, geographers mapped a river basin across southern India. Researchers said the findings could help regional planning. Scientists used maps and field observations for the analysis.",Geography
2240,A recent report said LeBron James recorded a century after a closely fought contest. The coach praised the player's fitness and tactical performance. Fans discussed the result after the final whistle.,Sports
2241,A recent report said geographic information scientists analyzed geographic features in a rapidly growing city. Researchers said the findings could help regional planning. Scientists used maps and field observations for the analysis.,Geography
2242,A recent report said environmental scientists examined soil distribution in a rapidly growing city. Researchers said the findings could help regional planning. Scientists used maps and field observations for the analysis.,Geography
2243,"In the latest update, LeBron James recorded a century after a closely fought contest. The coach praised the player's fitness and tactical performance. Fans discussed the result after the final whistle.",Sports
2244,A recent report said Novak Djokovic set a new record after a closely fought contest. The coach praised the player's fitness and tactical performance. Fans discussed the result after the final whistle.,Sports
2245,"In the latest update, Neeraj Chopra was selected for the squad after a closely fought contest. The coach praised the player's fitness and tactical performance. Fans discussed the result after the final whistle.",Sports
2246,A recent report said Vijay received praise for the performance at the audio launch. The announcement generated strong interest among movie audiences. Fans discussed the trailer and upcoming release.,Cinema
2247,"In a latest development, the finance minister presented a budget proposal at an election rally. The proposal will be discussed by elected representatives. The decision is expected to become an important public issue.",Political
2248,"In the latest update, the lunar mission team completed a spaceflight test during a rocket launch. Scientists said the observations could improve understanding of the universe. The mission is expected to provide valuable scientific data.",Space
2249,A recent report said government officials presented a budget proposal at an election rally. The proposal will be discussed by elected representatives. The decision is expected to become an important public issue.,Political
2250,A recent report said the ruling party addressed parliament at an election rally. The proposal will be discussed by elected representatives. The decision is expected to become an important public issue.,Political
2251,New information shows that forensic investigators examined CCTV footage after a robbery was reported. Police said the investigation is continuing. Investigators are examining evidence and questioning people connected with the case.,Crime
2252,"In the latest update, the Parliament presented a budget proposal at an election rally. The proposal will be discussed by elected representatives. The decision is expected to become an important public issue.",Political
2253,Officials said Allu Arjun shared details about the screenplay for the upcoming Tamil film. The announcement generated strong interest among movie audiences. Fans discussed the trailer and upcoming release.,Cinema
2254,"In the latest update, SpaceX prepared astronauts for a mission during a rocket launch. Scientists said the observations could improve understanding of the universe. The mission is expected to provide valuable scientific data.",Space
2255,A recent report said geographers mapped a river basin in a rapidly growing city. Researchers said the findings could help regional planning. Scientists used maps and field observations for the analysis.,Geography
2256,"In the latest update, mapping experts mapped a river basin in a rapidly growing city. Researchers said the findings could help regional planning. Scientists used maps and field observations for the analysis.",Geography
2257,New information shows that ISRO announced a lunar mission during a space mission. Scientists said the observations could improve understanding of the universe. The mission is expected to provide valuable scientific data.,Space
2258,"In the latest update, SpaceX prepared astronauts for a mission during a rocket launch. Scientists said the observations could improve understanding of the universe. The mission is expected to provide valuable scientific data.",Space
2259,New information shows that the climate monitoring team examined soil distribution across southern India. Researchers said the findings could help regional planning. Scientists used maps and field observations for the analysis.,Geography
2260,"In a latest development, Vijay promoted the upcoming movie at the audio launch. The announcement generated strong interest among movie audiences. Fans discussed the trailer and upcoming release.",Cinema
2261,"In a latest development, Prabhas revealed the first look at the audio launch. The announcement generated strong interest among movie audiences. Fans discussed the trailer and upcoming release.",Cinema
2262,"In a latest development, Vijay shared details about the screenplay at the audio launch. The announcement generated strong interest among movie audiences. Fans discussed the trailer and upcoming release.",Cinema
2263,"In the latest update, SpaceX engineers announced a lunar mission during a rocket launch. Scientists said the observations could improve understanding of the universe. The mission is expected to provide valuable scientific data.",Space
2264,New information shows that the James Webb Space Telescope studied an asteroid during a space mission. Scientists said the observations could improve understanding of the universe. The mission is expected to provide valuable scientific data.,Space
2265,"In the latest update, Mani Ratnam shared details about the screenplay at the audio launch. The announcement generated strong interest among movie audiences. Fans discussed the trailer and upcoming release.",Cinema
2266,"In the latest update, Rohit Sharma signed a new contract after a closely fought contest. The coach praised the player's fitness and tactical performance. Fans discussed the result after the final whistle.",Sports
2267,"In a latest development, the satellite launch team launched a spacecraft during a rocket launch. Scientists said the observations could improve understanding of the universe. The mission is expected to provide valuable scientific data.",Space
2268,"In the latest update, Kamal Haasan promoted the upcoming movie at the audio launch. The announcement generated strong interest among movie audiences. Fans discussed the trailer and upcoming release.",Cinema
2269,"In the latest update, Aamir Khan received praise for the performance at the audio launch. The announcement generated strong interest among movie audiences. Fans discussed the trailer and upcoming release.",Cinema
2270,"In the latest update, SpaceX prepared astronauts for a mission during a rocket launch. Scientists said the observations could improve understanding of the universe. The mission is expected to provide valuable scientific data.",Space
2271,A recent report said NASA launched a spacecraft during a rocket launch. Scientists said the observations could improve understanding of the universe. The mission is expected to provide valuable scientific data.,Space
2272,"In the latest update, the opposition party announced a new policy at an election rally. The proposal will be discussed by elected representatives. The decision is expected to become an important public issue.",Political
2273,New information shows that the river basin study team mapped a river basin across southern India. Researchers said the findings could help regional planning. Scientists used maps and field observations for the analysis.,Geography
2274,Officials said Virat Kohli set a new record during an international football match. The coach praised the player's fitness and tactical performance. Fans discussed the result after the final whistle.,Sports
2275,"In the latest update, SpaceX engineers announced a lunar mission during a rocket launch. Scientists said the observations could improve understanding of the universe. The mission is expected to provide valuable scientific data.",Space
2276,New information shows that the James Webb Space Telescope studied an asteroid during a space mission. Scientists said the observations could improve understanding of the universe. The mission is expected to provide valuable scientific data.,Space
2277,"According to a new report, Indian space scientists announced a lunar mission during a space mission. Scientists said the observations could improve understanding of the universe. The mission is expected to provide valuable scientific data.",Space
2278,Officials said the European Space Agency studied an asteroid during a space mission. Scientists said the observations could improve understanding of the universe. The mission is expected to provide valuable scientific data.,Space
2279,A recent report said the local police department launched an investigation following an arrest. Police said the investigation is continuing. Investigators are examining evidence and questioning people connected with the case.,Crime
2280,Officials said urban planners examined soil distribution across southern India. Researchers said the findings could help regional planning. Scientists used maps and field observations for the analysis.,Geography
2281,A recent report said the local police department launched an investigation following an arrest. Police said the investigation is continuing. Investigators are examining evidence and questioning people connected with the case.,Crime
2282,"According to a new report, Indian space scientists announced a lunar mission during a space mission. Scientists said the observations could improve understanding of the universe. The mission is expected to provide valuable scientific data.",Space
2283,"In the latest update, the European Space Agency studied an asteroid during a rocket launch. Scientists said the observations could improve understanding of the universe. The mission is expected to provide valuable scientific data.",Space
2284,Officials said the opposition party announced a new policy during a parliamentary session. The proposal will be discussed by elected representatives. The decision is expected to become an important public issue.,Political
2285,New information shows that PV Sindhu scored a decisive goal during an international football match. The coach praised the player's fitness and tactical performance. Fans discussed the result after the final whistle.,Sports
2286,"In the latest update, mapping experts mapped a river basin in a rapidly growing city. Researchers said the findings could help regional planning. Scientists used maps and field observations for the analysis.",Geography
2287,Officials said the lunar mission team completed a spaceflight test during a space mission. Scientists said the observations could improve understanding of the universe. The mission is expected to provide valuable scientific data.,Space
2288,"In a latest development, investigators launched an investigation following an arrest. Police said the investigation is continuing. Investigators are examining evidence and questioning people connected with the case.",Crime
2289,New information shows that the James Webb Space Telescope studied an asteroid during a space mission. Scientists said the observations could improve understanding of the universe. The mission is expected to provide valuable scientific data.,Space
2290,Officials said SpaceX engineers announced a lunar mission during a space mission. Scientists said the observations could improve understanding of the universe. The mission is expected to provide valuable scientific data.,Space
2291,"According to a new report, Cristiano Ronaldo scored a decisive goal during an international football match. The coach praised the player's fitness and tactical performance. Fans discussed the result after the final whistle.",Sports
2292,"According to a new report, the Mars exploration team studied an asteroid during a space mission. Scientists said the observations could improve understanding of the universe. The mission is expected to provide valuable scientific data.",Space
2293,New information shows that crime branch officers arrested a suspect after a robbery was reported. Police said the investigation is continuing. Investigators are examining evidence and questioning people connected with the case.,Crime
2294,"In the latest update, Prabhas shared details about the screenplay at the audio launch. The announcement generated strong interest among movie audiences. Fans discussed the trailer and upcoming release.",Cinema
2295,"In the latest update, Lionel Messi recorded a century after a closely fought contest. The coach praised the player's fitness and tactical performance. Fans discussed the result after the final whistle.",Sports
2296,Officials said the opposition party announced a new policy during a parliamentary session. The proposal will be discussed by elected representatives. The decision is expected to become an important public issue.,Political
2297,New information shows that the Himalayan research group studied land use patterns across southern India. Researchers said the findings could help regional planning. Scientists used maps and field observations for the analysis.,Geography
2298,"In a latest development, Kamal Haasan promoted the upcoming movie at the audio launch. The announcement generated strong interest among movie audiences. Fans discussed the trailer and upcoming release.",Cinema
2299,Officials said PV Sindhu scored a decisive goal during an international football match. The coach praised the player's fitness and tactical performance. Fans discussed the result after the final whistle.,Sports
2300,"In the latest update, the foreign minister discussed bilateral relations at an election rally. The proposal will be discussed by elected representatives. The decision is expected to become an important public issue.",Political
2301,New information shows that MS Dhoni was selected for the squad during an international football match. The coach praised the player's fitness and tactical performance. Fans discussed the result after the final whistle.,Sports
2302,New information shows that Lokesh Kanagaraj revealed the first look for the upcoming Tamil film. The announcement generated strong interest among movie audiences. Fans discussed the trailer and upcoming release.,Cinema
2303,"In a latest development, the Himalayan research group studied land use patterns in a rapidly growing city. Researchers said the findings could help regional planning. Scientists used maps and field observations for the analysis.",Geography
2304,Officials said Carlos Alcaraz signed a new contract during an international football match. The coach praised the player's fitness and tactical performance. Fans discussed the result after the final whistle.,Sports
2305,A recent report said Jude Bellingham scored a decisive goal after a closely fought contest. The coach praised the player's fitness and tactical performance. Fans discussed the result after the final whistle.,Sports
2306,"In the latest update, LeBron James recorded a century after a closely fought contest. The coach praised the player's fitness and tactical performance. Fans discussed the result after the final whistle.",Sports
2307,"According to a new report, the local police department launched an investigation after a robbery was reported. Police said the investigation is continuing. Investigators are examining evidence and questioning people connected with the case.",Crime
2308,"According to a new report, members of parliament discussed bilateral relations during a parliamentary session. The proposal will be discussed by elected representatives. The decision is expected to become an important public issue.",Political
2309,"In the latest update, SpaceX prepared astronauts for a mission during a rocket launch. Scientists said the observations could improve understanding of the universe. The mission is expected to provide valuable scientific data.",Space
2310,"In the latest update, the anti-narcotics team arrested a suspect following an arrest. Police said the investigation is continuing. Investigators are examining evidence and questioning people connected with the case.",Crime
2311,A recent report said the Prime Minister announced a new policy at an election rally. The proposal will be discussed by elected representatives. The decision is expected to become an important public issue.,Political
2312,Officials said Shah Rukh Khan received praise for the performance for the upcoming Tamil film. The announcement generated strong interest among movie audiences. Fans discussed the trailer and upcoming release.,Cinema
2313,"According to a new report, NASA launched a spacecraft during a space mission. Scientists said the observations could improve understanding of the universe. The mission is expected to provide valuable scientific data.",Space
2314,A recent report said geographers mapped a river basin in a rapidly growing city. Researchers said the findings could help regional planning. Scientists used maps and field observations for the analysis.,Geography
2315,Officials said MS Dhoni was selected for the squad during an international football match. The coach praised the player's fitness and tactical performance. Fans discussed the result after the final whistle.,Sports
2316,"According to a new report, Chennai Super Kings signed a new contract during an international football match. The coach praised the player's fitness and tactical performance. Fans discussed the result after the final whistle.",Sports
2317,"According to a new report, Dhanush promoted the upcoming movie for the upcoming Tamil film. The announcement generated strong interest among movie audiences. Fans discussed the trailer and upcoming release.",Cinema
2318,"In the latest update, customs officials launched an investigation following an arrest. Police said the investigation is continuing. Investigators are examining evidence and questioning people connected with the case.",Crime
2319,"According to a new report, the district police recovered stolen property after a robbery was reported. Police said the investigation is continuing. Investigators are examining evidence and questioning people connected with the case.",Crime
2320,Officials said the prosecution uncovered a fraud operation after a robbery was reported. Police said the investigation is continuing. Investigators are examining evidence and questioning people connected with the case.,Crime
2321,Officials said the lunar mission team completed a spaceflight test during a space mission. Scientists said the observations could improve understanding of the universe. The mission is expected to provide valuable scientific data.,Space
2322,New information shows that climate researchers examined coastal changes across southern India. Researchers said the findings could help regional planning. Scientists used maps and field observations for the analysis.,Geography
2323,New information shows that law enforcement officials recovered stolen property after a robbery was reported. Police said the investigation is continuing. Investigators are examining evidence and questioning people connected with the case.,Crime
2324,Officials said Kylian Mbappe recorded a century during an international football match. The coach praised the player's fitness and tactical performance. Fans discussed the result after the final whistle.,Sports
2325,New information shows that the James Webb Space Telescope studied an asteroid during a space mission. Scientists said the observations could improve understanding of the universe. The mission is expected to provide valuable scientific data.,Space
2326,"In the latest update, SpaceX engineers announced a lunar mission during a rocket launch. Scientists said the observations could improve understanding of the universe. The mission is expected to provide valuable scientific data.",Space
2327,"In the latest update, Brazil football team set a new record after a closely fought contest. The coach praised the player's fitness and tactical performance. Fans discussed the result after the final whistle.",Sports
2328,"In a latest development, the legislative assembly announced a new policy at an election rally. The proposal will be discussed by elected representatives. The decision is expected to become an important public issue.",Political
2329,"According to a new report, government officials presented a budget proposal during a parliamentary session. The proposal will be discussed by elected representatives. The decision is expected to become an important public issue.",Political
2330,"In the latest update, Rohit Sharma signed a new contract after a closely fought contest. The coach praised the player's fitness and tactical performance. Fans discussed the result after the final whistle.",Sports
2331,Officials said the anti-narcotics team arrested a suspect after a robbery was reported. Police said the investigation is continuing. Investigators are examining evidence and questioning people connected with the case.,Crime
2332,A recent report said Suriya announced a new movie at the audio launch. The announcement generated strong interest among movie audiences. Fans discussed the trailer and upcoming release.,Cinema
2333,A recent report said geographers mapped a river basin in a rapidly growing city. Researchers said the findings could help regional planning. Scientists used maps and field observations for the analysis.,Geography
2334,A recent report said geographers mapped a river basin in a rapidly growing city. Researchers said the findings could help regional planning. Scientists used maps and field observations for the analysis.,Geography
2335,"In a latest development, the river basin study team mapped a river basin in a rapidly growing city. Researchers said the findings could help regional planning. Scientists used maps and field observations for the analysis.",Geography
2336,A recent report said ESA completed a spaceflight test during a rocket launch. Scientists said the observations could improve understanding of the universe. The mission is expected to provide valuable scientific data.,Space
2337,A recent report said the ruling party addressed parliament at an election rally. The proposal will be discussed by elected representatives. The decision is expected to become an important public issue.,Political
2338,Officials said the Parliament presented a budget proposal during a parliamentary session. The proposal will be discussed by elected representatives. The decision is expected to become an important public issue.,Political
2339,"In a latest development, the satellite launch team launched a spacecraft during a rocket launch. Scientists said the observations could improve understanding of the universe. The mission is expected to provide valuable scientific data.",Space
2340,"In a latest development, the satellite launch team launched a spacecraft during a rocket launch. Scientists said the observations could improve understanding of the universe. The mission is expected to provide valuable scientific data.",Space
2341,"In a latest development, political leaders reviewed government programmes at an election rally. The proposal will be discussed by elected representatives. The decision is expected to become an important public issue.",Political
2342,New information shows that Rajinikanth revealed the first look for the upcoming Tamil film. The announcement generated strong interest among movie audiences. Fans discussed the trailer and upcoming release.,Cinema
2343,Officials said the Parliament presented a budget proposal during a parliamentary session. The proposal will be discussed by elected representatives. The decision is expected to become an important public issue.,Political
2344,A recent report said Suriya promoted the upcoming movie at the audio launch. The announcement generated strong interest among movie audiences. Fans discussed the trailer and upcoming release.,Cinema
2345,New information shows that researchers analyzed geographic features across southern India. Researchers said the findings could help regional planning. Scientists used maps and field observations for the analysis.,Geography
2346,Officials said the cabinet reviewed government programmes during a parliamentary session. The proposal will be discussed by elected representatives. The decision is expected to become an important public issue.,Political
2347,A recent report said the lead actor received praise for the performance at the audio launch. The announcement generated strong interest among movie audiences. Fans discussed the trailer and upcoming release.,Cinema
2348,Officials said customs officials launched an investigation after a robbery was reported. Police said the investigation is continuing. Investigators are examining evidence and questioning people connected with the case.,Crime
2349,Officials said Cristiano Ronaldo scored a decisive goal during an international football match. The coach praised the player's fitness and tactical performance. Fans discussed the result after the final whistle.,Sports
2350,New information shows that law enforcement officials recovered stolen property after a robbery was reported. Police said the investigation is continuing. Investigators are examining evidence and questioning people connected with the case.,Crime
2351,A recent report said the lead actor shared details about the screenplay at the audio launch. The announcement generated strong interest among movie audiences. Fans discussed the trailer and upcoming release.,Cinema
2352,"In the latest update, the geographical survey team studied land use patterns in a rapidly growing city. Researchers said the findings could help regional planning. Scientists used maps and field observations for the analysis.",Geography
2353,"In the latest update, Prabhas shared details about the screenplay at the audio launch. The announcement generated strong interest among movie audiences. Fans discussed the trailer and upcoming release.",Cinema
2354,Officials said SpaceX prepared astronauts for a mission during a space mission. Scientists said the observations could improve understanding of the universe. The mission is expected to provide valuable scientific data.,Space
2355,"In a latest development, astronomers completed a spaceflight test during a rocket launch. Scientists said the observations could improve understanding of the universe. The mission is expected to provide valuable scientific data.",Space
2356,New information shows that political leaders reviewed government programmes during a parliamentary session. The proposal will be discussed by elected representatives. The decision is expected to become an important public issue.,Political
2357,"In a latest development, the state government discussed bilateral relations at an election rally. The proposal will be discussed by elected representatives. The decision is expected to become an important public issue.",Political
2358,Officials said earth scientists examined coastal changes across southern India. Researchers said the findings could help regional planning. Scientists used maps and field observations for the analysis.,Geography
2359,"In a latest development, researchers analyzed geographic features in a rapidly growing city. Researchers said the findings could help regional planning. Scientists used maps and field observations for the analysis.",Geography
2360,Officials said the lunar mission team completed a spaceflight test during a space mission. Scientists said the observations could improve understanding of the universe. The mission is expected to provide valuable scientific data.,Space
2361,"In the latest update, the cyber crime unit examined CCTV footage following an arrest. Police said the investigation is continuing. Investigators are examining evidence and questioning people connected with the case.",Crime
2362,Officials said urban planners examined soil distribution across southern India. Researchers said the findings could help regional planning. Scientists used maps and field observations for the analysis.,Geography
2363,A recent report said ESA completed a spaceflight test during a rocket launch. Scientists said the observations could improve understanding of the universe. The mission is expected to provide valuable scientific data.,Space
2364,"According to a new report, Rajinikanth received praise for the performance for the upcoming Tamil film. The announcement generated strong interest among movie audiences. Fans discussed the trailer and upcoming release.",Cinema
2365,"According to a new report, Dhanush shared details about the screenplay for the upcoming Tamil film. The announcement generated strong interest among movie audiences. Fans discussed the trailer and upcoming release.",Cinema
2366,"In the latest update, the opposition party announced a new policy at an election rally. The proposal will be discussed by elected representatives. The decision is expected to become an important public issue.",Political
2367,New information shows that the climate monitoring team examined soil distribution across southern India. Researchers said the findings could help regional planning. Scientists used maps and field observations for the analysis.,Geography
2368,A recent report said Neeraj Chopra was selected for the squad after a closely fought contest. The coach praised the player's fitness and tactical performance. Fans discussed the result after the final whistle.,Sports
2369,"In a latest development, investigators launched an investigation following an arrest. Police said the investigation is continuing. Investigators are examining evidence and questioning people connected with the case.",Crime
2370,A recent report said Lionel Messi recorded a century after a closely fought contest. The coach praised the player's fitness and tactical performance. Fans discussed the result after the final whistle.,Sports
2371,"According to a new report, Virat Kohli set a new record during an international football match. The coach praised the player's fitness and tactical performance. Fans discussed the result after the final whistle.",Sports
2372,Officials said the prosecution uncovered a fraud operation after a robbery was reported. Police said the investigation is continuing. Investigators are examining evidence and questioning people connected with the case.,Crime
2373,"In the latest update, cartographers analyzed geographic features in a rapidly growing city. Researchers said the findings could help regional planning. Scientists used maps and field observations for the analysis.",Geography
2374,Officials said the prosecution uncovered a fraud operation after a robbery was reported. Police said the investigation is continuing. Investigators are examining evidence and questioning people connected with the case.,Crime
2375,New information shows that PV Sindhu scored a decisive goal during an international football match. The coach praised the player's fitness and tactical performance. Fans discussed the result after the final whistle.,Sports
2376,New information shows that astronauts prepared astronauts for a mission during a space mission. Scientists said the observations could improve understanding of the universe. The mission is expected to provide valuable scientific data.,Space
2377,Officials said SpaceX engineers announced a lunar mission during a space mission. Scientists said the observations could improve understanding of the universe. The mission is expected to provide valuable scientific data.,Space
2378,"In a latest development, the James Webb Space Telescope studied an asteroid during a rocket launch. Scientists said the observations could improve understanding of the universe. The mission is expected to provide valuable scientific data.",Space
2379,"According to a new report, Virat Kohli set a new record during an international football match. The coach praised the player's fitness and tactical performance. Fans discussed the result after the final whistle.",Sports
2380,"In the latest update, Mani Ratnam received praise for the performance at the audio launch. The announcement generated strong interest among movie audiences. Fans discussed the trailer and upcoming release.",Cinema
2381,Officials said security officers recovered stolen property after a robbery was reported. Police said the investigation is continuing. Investigators are examining evidence and questioning people connected with the case.,Crime
2382,Officials said PV Sindhu scored a decisive goal during an international football match. The coach praised the player's fitness and tactical performance. Fans discussed the result after the final whistle.,Sports
2383,"In the latest update, mapping experts mapped a river basin in a rapidly growing city. Researchers said the findings could help regional planning. Scientists used maps and field observations for the analysis.",Geography
2384,Officials said the cyber crime unit examined CCTV footage after a robbery was reported. Police said the investigation is continuing. Investigators are examining evidence and questioning people connected with the case.,Crime
2385,A recent report said Nayanthara promoted the upcoming movie at the audio launch. The announcement generated strong interest among movie audiences. Fans discussed the trailer and upcoming release.,Cinema
2386,"According to a new report, city police arrested a suspect after a robbery was reported. Police said the investigation is continuing. Investigators are examining evidence and questioning people connected with the case.",Crime
2387,"In a latest development, Mani Ratnam revealed the first look at the audio launch. The announcement generated strong interest among movie audiences. Fans discussed the trailer and upcoming release.",Cinema
2388,A recent report said Indian space scientists announced a lunar mission during a rocket launch. Scientists said the observations could improve understanding of the universe. The mission is expected to provide valuable scientific data.,Space
2389,Officials said NASA scientists launched a spacecraft during a space mission. Scientists said the observations could improve understanding of the universe. The mission is expected to provide valuable scientific data.,Space
2390,"According to a new report, environmental scientists examined soil distribution across southern India. Researchers said the findings could help regional planning. Scientists used maps and field observations for the analysis.",Geography
2391,"In the latest update, Manchester City scored a decisive goal after a closely fought contest. The coach praised the player's fitness and tactical performance. Fans discussed the result after the final whistle.",Sports
2392,"According to a new report, the ruling party addressed parliament during a parliamentary session. The proposal will be discussed by elected representatives. The decision is expected to become an important public issue.",Political
2393,Officials said Rajinikanth revealed the first look for the upcoming Tamil film. The announcement generated strong interest among movie audiences. Fans discussed the trailer and upcoming release.,Cinema
2394,A recent report said government officials presented a budget proposal at an election rally. The proposal will be discussed by elected representatives. The decision is expected to become an important public issue.,Political
2395,"In a latest development, the climate monitoring team examined soil distribution in a rapidly growing city. Researchers said the findings could help regional planning. Scientists used maps and field observations for the analysis.",Geography
2396,"According to a new report, Shah Rukh Khan announced a new movie for the upcoming Tamil film. The announcement generated strong interest among movie audiences. Fans discussed the trailer and upcoming release.",Cinema
2397,New information shows that Deepika Padukone received praise for the performance for the upcoming Tamil film. The announcement generated strong interest among movie audiences. Fans discussed the trailer and upcoming release.,Cinema
2398,"According to a new report, detectives uncovered a fraud operation after a robbery was reported. Police said the investigation is continuing. Investigators are examining evidence and questioning people connected with the case.",Crime
2399,Officials said Ajith Kumar promoted the upcoming movie for the upcoming Tamil film. The announcement generated strong interest among movie audiences. Fans discussed the trailer and upcoming release.,Cinema
2400,"In a latest development, LeBron James recorded a century after a closely fought contest. The coach praised the player's fitness and tactical performance. Fans discussed the result after the final whistle.",Sports
2401,New information shows that Virat Kohli set a new record during an international football match. The coach praised the player's fitness and tactical performance. Fans discussed the result after the final whistle.,Sports
2402,Officials said customs officials launched an investigation after a robbery was reported. Police said the investigation is continuing. Investigators are examining evidence and questioning people connected with the case.,Crime
2403,"In the latest update, Suriya received praise for the performance at the audio launch. The announcement generated strong interest among movie audiences. Fans discussed the trailer and upcoming release.",Cinema
2404,A recent report said Manchester City scored a decisive goal after a closely fought contest. The coach praised the player's fitness and tactical performance. Fans discussed the result after the final whistle.,Sports
2405,"In the latest update, SpaceX engineers announced a lunar mission during a rocket launch. Scientists said the observations could improve understanding of the universe. The mission is expected to provide valuable scientific data.",Space
2406,A recent report said ISRO scientists prepared astronauts for a mission during a rocket launch. Scientists said the observations could improve understanding of the universe. The mission is expected to provide valuable scientific data.,Space
2407,New information shows that Chennai Super Kings signed a new contract during an international football match. The coach praised the player's fitness and tactical performance. Fans discussed the result after the final whistle.,Sports
2408,"According to a new report, PV Sindhu scored a decisive goal during an international football match. The coach praised the player's fitness and tactical performance. Fans discussed the result after the final whistle.",Sports
2409,Officials said Deepika Padukone revealed the first look for the upcoming Tamil film. The announcement generated strong interest among movie audiences. Fans discussed the trailer and upcoming release.,Cinema
2410,New information shows that the satellite launch team launched a spacecraft during a space mission. Scientists said the observations could improve understanding of the universe. The mission is expected to provide valuable scientific data.,Space
2411,"In a latest development, Suriya revealed the first look at the audio launch. The announcement generated strong interest among movie audiences. Fans discussed the trailer and upcoming release.",Cinema
2412,A recent report said Suriya shared details about the screenplay at the audio launch. The announcement generated strong interest among movie audiences. Fans discussed the trailer and upcoming release.,Cinema
2413,"In the latest update, urban planners examined soil distribution in a rapidly growing city. Researchers said the findings could help regional planning. Scientists used maps and field observations for the analysis.",Geography
2414,"In a latest development, crime branch officers arrested a suspect following an arrest. Police said the investigation is continuing. Investigators are examining evidence and questioning people connected with the case.",Crime
2415,"According to a new report, Allu Arjun revealed the first look for the upcoming Tamil film. The announcement generated strong interest among movie audiences. Fans discussed the trailer and upcoming release.",Cinema
2416,"In a latest development, the climate monitoring team examined soil distribution in a rapidly growing city. Researchers said the findings could help regional planning. Scientists used maps and field observations for the analysis.",Geography
2417,"According to a new report, detectives uncovered a fraud operation after a robbery was reported. Police said the investigation is continuing. Investigators are examining evidence and questioning people connected with the case.",Crime
2418,"In a latest development, ISRO announced a lunar mission during a rocket launch. Scientists said the observations could improve understanding of the universe. The mission is expected to provide valuable scientific data.",Space
2419,"According to a new report, geographers mapped a river basin across southern India. Researchers said the findings could help regional planning. Scientists used maps and field observations for the analysis.",Geography
2420,Officials said SpaceX prepared astronauts for a mission during a space mission. Scientists said the observations could improve understanding of the universe. The mission is expected to provide valuable scientific data.,Space
2421,"In a latest development, climate researchers examined coastal changes in a rapidly growing city. Researchers said the findings could help regional planning. Scientists used maps and field observations for the analysis.",Geography
2422,"In a latest development, Brazil football team set a new record after a closely fought contest. The coach praised the player's fitness and tactical performance. Fans discussed the result after the final whistle.",Sports
2423,A recent report said geographic information scientists analyzed geographic features in a rapidly growing city. Researchers said the findings could help regional planning. Scientists used maps and field observations for the analysis.,Geography
2424,"According to a new report, Cristiano Ronaldo scored a decisive goal during an international football match. The coach praised the player's fitness and tactical performance. Fans discussed the result after the final whistle.",Sports
2425,"According to a new report, ISRO scientists prepared astronauts for a mission during a space mission. Scientists said the observations could improve understanding of the universe. The mission is expected to provide valuable scientific data.",Space
2426,A recent report said Kamal Haasan announced a new movie at the audio launch. The announcement generated strong interest among movie audiences. Fans discussed the trailer and upcoming release.,Cinema
2427,New information shows that the river basin study team mapped a river basin across southern India. Researchers said the findings could help regional planning. Scientists used maps and field observations for the analysis.,Geography
2428,New information shows that the James Webb Space Telescope studied an asteroid during a space mission. Scientists said the observations could improve understanding of the universe. The mission is expected to provide valuable scientific data.,Space
2429,New information shows that the Himalayan research group studied land use patterns across southern India. Researchers said the findings could help regional planning. Scientists used maps and field observations for the analysis.,Geography
2430,"In a latest development, court officials uncovered a fraud operation following an arrest. Police said the investigation is continuing. Investigators are examining evidence and questioning people connected with the case.",Crime
2431,"According to a new report, geographers mapped a river basin across southern India. Researchers said the findings could help regional planning. Scientists used maps and field observations for the analysis.",Geography
2432,"According to a new report, NASA launched a spacecraft during a space mission. Scientists said the observations could improve understanding of the universe. The mission is expected to provide valuable scientific data.",Space
2433,New information shows that the James Webb Space Telescope studied an asteroid during a space mission. Scientists said the observations could improve understanding of the universe. The mission is expected to provide valuable scientific data.,Space
2434,A recent report said Indian space scientists announced a lunar mission during a rocket launch. Scientists said the observations could improve understanding of the universe. The mission is expected to provide valuable scientific data.,Space
2435,Officials said mapping experts mapped a river basin across southern India. Researchers said the findings could help regional planning. Scientists used maps and field observations for the analysis.,Geography
2436,New information shows that law enforcement officials recovered stolen property after a robbery was reported. Police said the investigation is continuing. Investigators are examining evidence and questioning people connected with the case.,Crime
2437,"According to a new report, environmental scientists examined soil distribution across southern India. Researchers said the findings could help regional planning. Scientists used maps and field observations for the analysis.",Geography
2438,"In the latest update, the election campaign addressed parliament at an election rally. The proposal will be discussed by elected representatives. The decision is expected to become an important public issue.",Political
2439,"In a latest development, forensic investigators examined CCTV footage following an arrest. Police said the investigation is continuing. Investigators are examining evidence and questioning people connected with the case.",Crime
2440,"In the latest update, the Parliament presented a budget proposal at an election rally. The proposal will be discussed by elected representatives. The decision is expected to become an important public issue.",Political
2441,"In a latest development, the finance minister presented a budget proposal at an election rally. The proposal will be discussed by elected representatives. The decision is expected to become an important public issue.",Political
2442,A recent report said ESA completed a spaceflight test during a rocket launch. Scientists said the observations could improve understanding of the universe. The mission is expected to provide valuable scientific data.,Space
2443,New information shows that the Chief Minister addressed parliament during a parliamentary session. The proposal will be discussed by elected representatives. The decision is expected to become an important public issue.,Political
2444,"According to a new report, government officials presented a budget proposal during a parliamentary session. The proposal will be discussed by elected representatives. The decision is expected to become an important public issue.",Political
2445,"In the latest update, SpaceX prepared astronauts for a mission during a rocket launch. Scientists said the observations could improve understanding of the universe. The mission is expected to provide valuable scientific data.",Space
2446,New information shows that Real Madrid was selected for the squad during an international football match. The coach praised the player's fitness and tactical performance. Fans discussed the result after the final whistle.,Sports
2447,"In a latest development, the Himalayan research group studied land use patterns in a rapidly growing city. Researchers said the findings could help regional planning. Scientists used maps and field observations for the analysis.",Geography
2448,A recent report said Neeraj Chopra was selected for the squad after a closely fought contest. The coach praised the player's fitness and tactical performance. Fans discussed the result after the final whistle.,Sports
2449,"According to a new report, the Mars exploration team studied an asteroid during a space mission. Scientists said the observations could improve understanding of the universe. The mission is expected to provide valuable scientific data.",Space
2450,"In a latest development, Lionel Messi recorded a century after a closely fought contest. The coach praised the player's fitness and tactical performance. Fans discussed the result after the final whistle.",Sports
2451,"In the latest update, the election campaign addressed parliament at an election rally. The proposal will be discussed by elected representatives. The decision is expected to become an important public issue.",Political
2452,Officials said Kylian Mbappe recorded a century during an international football match. The coach praised the player's fitness and tactical performance. Fans discussed the result after the final whistle.,Sports
2453,A recent report said Indian space scientists announced a lunar mission during a rocket launch. Scientists said the observations could improve understanding of the universe. The mission is expected to provide valuable scientific data.,Space
2454,"In the latest update, Prabhas received praise for the performance at the audio launch. The announcement generated strong interest among movie audiences. Fans discussed the trailer and upcoming release.",Cinema
2455,A recent report said government officials presented a budget proposal at an election rally. The proposal will be discussed by elected representatives. The decision is expected to become an important public issue.,Political
2456,A recent report said Kamal Haasan received praise for the performance at the audio launch. The announcement generated strong interest among movie audiences. Fans discussed the trailer and upcoming release.,Cinema
2457,"According to a new report, India cricket team recorded a century during an international football match. The coach praised the player's fitness and tactical performance. Fans discussed the result after the final whistle.",Sports
2458,New information shows that law enforcement officials recovered stolen property after a robbery was reported. Police said the investigation is continuing. Investigators are examining evidence and questioning people connected with the case.,Crime
2459,New information shows that Allu Arjun promoted the upcoming movie for the upcoming Tamil film. The announcement generated strong interest among movie audiences. Fans discussed the trailer and upcoming release.,Cinema
2460,"In the latest update, the lunar mission team completed a spaceflight test during a rocket launch. Scientists said the observations could improve understanding of the universe. The mission is expected to provide valuable scientific data.",Space
2461,New information shows that the legislative assembly announced a new policy during a parliamentary session. The proposal will be discussed by elected representatives. The decision is expected to become an important public issue.,Political
2462,"In the latest update, earth scientists examined coastal changes in a rapidly growing city. Researchers said the findings could help regional planning. Scientists used maps and field observations for the analysis.",Geography
2463,"According to a new report, Chennai Super Kings signed a new contract during an international football match. The coach praised the player's fitness and tactical performance. Fans discussed the result after the final whistle.",Sports
2464,Officials said the geographical survey team studied land use patterns across southern India. Researchers said the findings could help regional planning. Scientists used maps and field observations for the analysis.,Geography
2465,"According to a new report, geographic information scientists analyzed geographic features across southern India. Researchers said the findings could help regional planning. Scientists used maps and field observations for the analysis.",Geography
2466,Officials said Lokesh Kanagaraj announced a new movie for the upcoming Tamil film. The announcement generated strong interest among movie audiences. Fans discussed the trailer and upcoming release.,Cinema
2467,Officials said SpaceX prepared astronauts for a mission during a space mission. Scientists said the observations could improve understanding of the universe. The mission is expected to provide valuable scientific data.,Space
2468,"According to a new report, Virat Kohli set a new record during an international football match. The coach praised the player's fitness and tactical performance. Fans discussed the result after the final whistle.",Sports
2469,New information shows that the James Webb Space Telescope studied an asteroid during a space mission. Scientists said the observations could improve understanding of the universe. The mission is expected to provide valuable scientific data.,Space
2470,New information shows that Carlos Alcaraz signed a new contract during an international football match. The coach praised the player's fitness and tactical performance. Fans discussed the result after the final whistle.,Sports
2471,A recent report said members of parliament discussed bilateral relations at an election rally. The proposal will be discussed by elected representatives. The decision is expected to become an important public issue.,Political
2472,A recent report said Brazil football team set a new record after a closely fought contest. The coach praised the player's fitness and tactical performance. Fans discussed the result after the final whistle.,Sports
2473,"In the latest update, customs officials launched an investigation following an arrest. Police said the investigation is continuing. Investigators are examining evidence and questioning people connected with the case.",Crime
2474,Officials said the lunar mission team completed a spaceflight test during a space mission. Scientists said the observations could improve understanding of the universe. The mission is expected to provide valuable scientific data.,Space
2475,New information shows that climate researchers examined coastal changes across southern India. Researchers said the findings could help regional planning. Scientists used maps and field observations for the analysis.,Geography
2476,New information shows that Stephen Curry set a new record during an international football match. The coach praised the player's fitness and tactical performance. Fans discussed the result after the final whistle.,Sports
2477,A recent report said Aamir Khan received praise for the performance at the audio launch. The announcement generated strong interest among movie audiences. Fans discussed the trailer and upcoming release.,Cinema
2478,New information shows that law enforcement officials recovered stolen property after a robbery was reported. Police said the investigation is continuing. Investigators are examining evidence and questioning people connected with the case.,Crime
2479,"In the latest update, the anti-narcotics team arrested a suspect following an arrest. Police said the investigation is continuing. Investigators are examining evidence and questioning people connected with the case.",Crime
2480,A recent report said the district police recovered stolen property following an arrest. Police said the investigation is continuing. Investigators are examining evidence and questioning people connected with the case.,Crime
2481,New information shows that the state government discussed bilateral relations during a parliamentary session. The proposal will be discussed by elected representatives. The decision is expected to become an important public issue.,Political
2482,A recent report said Aamir Khan promoted the upcoming movie at the audio launch. The announcement generated strong interest among movie audiences. Fans discussed the trailer and upcoming release.,Cinema
2483,"In the latest update, the anti-narcotics team arrested a suspect following an arrest. Police said the investigation is continuing. Investigators are examining evidence and questioning people connected with the case.",Crime
2484,A recent report said members of parliament discussed bilateral relations at an election rally. The proposal will be discussed by elected representatives. The decision is expected to become an important public issue.,Political
2485,Officials said Chennai Super Kings signed a new contract during an international football match. The coach praised the player's fitness and tactical performance. Fans discussed the result after the final whistle.,Sports
2486,Officials said Cristiano Ronaldo scored a decisive goal during an international football match. The coach praised the player's fitness and tactical performance. Fans discussed the result after the final whistle.,Sports
2487,A recent report said environmental scientists examined soil distribution in a rapidly growing city. Researchers said the findings could help regional planning. Scientists used maps and field observations for the analysis.,Geography
2488,Officials said earth scientists examined coastal changes across southern India. Researchers said the findings could help regional planning. Scientists used maps and field observations for the analysis.,Geography
2489,"In the latest update, Arsenal signed a new contract after a closely fought contest. The coach praised the player's fitness and tactical performance. Fans discussed the result after the final whistle.",Sports
2490,"According to a new report, Kylian Mbappe recorded a century during an international football match. The coach praised the player's fitness and tactical performance. Fans discussed the result after the final whistle.",Sports
2491,Officials said Allu Arjun received praise for the performance for the upcoming Tamil film. The announcement generated strong interest among movie audiences. Fans discussed the trailer and upcoming release.,Cinema
2492,"According to a new report, Shah Rukh Khan announced a new movie for the upcoming Tamil film. The announcement generated strong interest among movie audiences. Fans discussed the trailer and upcoming release.",Cinema
2493,New information shows that climate researchers examined coastal changes across southern India. Researchers said the findings could help regional planning. Scientists used maps and field observations for the analysis.,Geography
2494,"In a latest development, Prabhas promoted the upcoming movie at the audio launch. The announcement generated strong interest among movie audiences. Fans discussed the trailer and upcoming release.",Cinema
2495,"In a latest development, the James Webb Space Telescope studied an asteroid during a rocket launch. Scientists said the observations could improve understanding of the universe. The mission is expected to provide valuable scientific data.",Space
2496,A recent report said the Prime Minister announced a new policy at an election rally. The proposal will be discussed by elected representatives. The decision is expected to become an important public issue.,Political
2497,Officials said the anti-narcotics team arrested a suspect after a robbery was reported. Police said the investigation is continuing. Investigators are examining evidence and questioning people connected with the case.,Crime
2498,New information shows that the climate monitoring team examined soil distribution across southern India. Researchers said the findings could help regional planning. Scientists used maps and field observations for the analysis.,Geography
2499,A recent report said the Election Commission reviewed government programmes at an election rally. The proposal will be discussed by elected representatives. The decision is expected to become an important public issue.,Political
2500,"In a latest development, the climate monitoring team examined soil distribution in a rapidly growing city. Researchers said the findings could help regional planning. Scientists used maps and field observations for the analysis.",Geography
2501,"In a latest development, the finance minister presented a budget proposal at an election rally. The proposal will be discussed by elected representatives. The decision is expected to become an important public issue.",Political
2502,A recent report said the district police recovered stolen property following an arrest. Police said the investigation is continuing. Investigators are examining evidence and questioning people connected with the case.,Crime
2503,Officials said mapping experts mapped a river basin across southern India. Researchers said the findings could help regional planning. Scientists used maps and field observations for the analysis.,Geography
2504,A recent report said NASA launched a spacecraft during a rocket launch. Scientists said the observations could improve understanding of the universe. The mission is expected to provide valuable scientific data.,Space
2505,Officials said Chennai Super Kings signed a new contract during an international football match. The coach praised the player's fitness and tactical performance. Fans discussed the result after the final whistle.,Sports
2506,"In a latest development, law enforcement officials recovered stolen property following an arrest. Police said the investigation is continuing. Investigators are examining evidence and questioning people connected with the case.",Crime
2507,New information shows that the satellite launch team launched a spacecraft during a space mission. Scientists said the observations could improve understanding of the universe. The mission is expected to provide valuable scientific data.,Space
2508,"In the latest update, security officers recovered stolen property following an arrest. Police said the investigation is continuing. Investigators are examining evidence and questioning people connected with the case.",Crime
2509,Officials said the foreign minister discussed bilateral relations during a parliamentary session. The proposal will be discussed by elected representatives. The decision is expected to become an important public issue.,Political
2510,New information shows that astronomers completed a spaceflight test during a space mission. Scientists said the observations could improve understanding of the universe. The mission is expected to provide valuable scientific data.,Space
2511,Officials said Kylian Mbappe recorded a century during an international football match. The coach praised the player's fitness and tactical performance. Fans discussed the result after the final whistle.,Sports
2512,"In a latest development, the climate monitoring team examined soil distribution in a rapidly growing city. Researchers said the findings could help regional planning. Scientists used maps and field observations for the analysis.",Geography
2513,A recent report said Vijay promoted the upcoming movie at the audio launch. The announcement generated strong interest among movie audiences. Fans discussed the trailer and upcoming release.,Cinema
2514,"In a latest development, Arsenal signed a new contract after a closely fought contest. The coach praised the player's fitness and tactical performance. Fans discussed the result after the final whistle.",Sports
2515,Officials said the election campaign addressed parliament during a parliamentary session. The proposal will be discussed by elected representatives. The decision is expected to become an important public issue.,Political
2516,"According to a new report, the Election Commission reviewed government programmes during a parliamentary session. The proposal will be discussed by elected representatives. The decision is expected to become an important public issue.",Political
2517,"In the latest update, the geographical survey team studied land use patterns in a rapidly growing city. Researchers said the findings could help regional planning. Scientists used maps and field observations for the analysis.",Geography
2518,A recent report said Neeraj Chopra was selected for the squad after a closely fought contest. The coach praised the player's fitness and tactical performance. Fans discussed the result after the final whistle.,Sports
2519,Officials said the Parliament presented a budget proposal during a parliamentary session. The proposal will be discussed by elected representatives. The decision is expected to become an important public issue.,Political
2520,Officials said the cabinet reviewed government programmes during a parliamentary session. The proposal will be discussed by elected representatives. The decision is expected to become an important public issue.,Political
2521,"According to a new report, the ruling party addressed parliament during a parliamentary session. The proposal will be discussed by elected representatives. The decision is expected to become an important public issue.",Political
2522,"According to a new report, the film production team shared details about the screenplay for the upcoming Tamil film. The announcement generated strong interest among movie audiences. Fans discussed the trailer and upcoming release.",Cinema
2523,Officials said Kylian Mbappe recorded a century during an international football match. The coach praised the player's fitness and tactical performance. Fans discussed the result after the final whistle.,Sports
2524,"According to a new report, the Election Commission reviewed government programmes during a parliamentary session. The proposal will be discussed by elected representatives. The decision is expected to become an important public issue.",Political
2525,"According to a new report, the film production team received praise for the performance for the upcoming Tamil film. The announcement generated strong interest among movie audiences. Fans discussed the trailer and upcoming release.",Cinema
2526,"In a latest development, the Chief Minister addressed parliament at an election rally. The proposal will be discussed by elected representatives. The decision is expected to become an important public issue.",Political
2527,Officials said MS Dhoni was selected for the squad during an international football match. The coach praised the player's fitness and tactical performance. Fans discussed the result after the final whistle.,Sports
2528,"According to a new report, Stephen Curry set a new record during an international football match. The coach praised the player's fitness and tactical performance. Fans discussed the result after the final whistle.",Sports
2529,"According to a new report, the district police recovered stolen property after a robbery was reported. Police said the investigation is continuing. Investigators are examining evidence and questioning people connected with the case.",Crime
2530,"In a latest development, Kamal Haasan received praise for the performance at the audio launch. The announcement generated strong interest among movie audiences. Fans discussed the trailer and upcoming release.",Cinema
2531,"In a latest development, Brazil football team set a new record after a closely fought contest. The coach praised the player's fitness and tactical performance. Fans discussed the result after the final whistle.",Sports
2532,New information shows that investigators launched an investigation after a robbery was reported. Police said the investigation is continuing. Investigators are examining evidence and questioning people connected with the case.,Crime
2533,A recent report said Suriya received praise for the performance at the audio launch. The announcement generated strong interest among movie audiences. Fans discussed the trailer and upcoming release.,Cinema
2534,"In a latest development, investigators launched an investigation following an arrest. Police said the investigation is continuing. Investigators are examining evidence and questioning people connected with the case.",Crime
2535,"According to a new report, detectives uncovered a fraud operation after a robbery was reported. Police said the investigation is continuing. Investigators are examining evidence and questioning people connected with the case.",Crime
2536,"In the latest update, the cabinet reviewed government programmes at an election rally. The proposal will be discussed by elected representatives. The decision is expected to become an important public issue.",Political
2537,"According to a new report, Indian space scientists announced a lunar mission during a space mission. Scientists said the observations could improve understanding of the universe. The mission is expected to provide valuable scientific data.",Space
2538,Officials said SpaceX engineers announced a lunar mission during a space mission. Scientists said the observations could improve understanding of the universe. The mission is expected to provide valuable scientific data.,Space
2539,Officials said the lunar mission team completed a spaceflight test during a space mission. Scientists said the observations could improve understanding of the universe. The mission is expected to provide valuable scientific data.,Space
2540,Officials said the cabinet reviewed government programmes during a parliamentary session. The proposal will be discussed by elected representatives. The decision is expected to become an important public issue.,Political
2541,A recent report said NASA launched a spacecraft during a rocket launch. Scientists said the observations could improve understanding of the universe. The mission is expected to provide valuable scientific data.,Space
2542,A recent report said Rohit Sharma signed a new contract after a closely fought contest. The coach praised the player's fitness and tactical performance. Fans discussed the result after the final whistle.,Sports
2543,"In a latest development, Nayanthara revealed the first look at the audio launch. The announcement generated strong interest among movie audiences. Fans discussed the trailer and upcoming release.",Cinema
2544,Officials said NASA scientists launched a spacecraft during a space mission. Scientists said the observations could improve understanding of the universe. The mission is expected to provide valuable scientific data.,Space
2545,"According to a new report, government officials presented a budget proposal during a parliamentary session. The proposal will be discussed by elected representatives. The decision is expected to become an important public issue.",Political
2546,"In the latest update, Vijay received praise for the performance at the audio launch. The announcement generated strong interest among movie audiences. Fans discussed the trailer and upcoming release.",Cinema
2547,Officials said the prosecution uncovered a fraud operation after a robbery was reported. Police said the investigation is continuing. Investigators are examining evidence and questioning people connected with the case.,Crime
2548,A recent report said ISRO scientists prepared astronauts for a mission during a rocket launch. Scientists said the observations could improve understanding of the universe. The mission is expected to provide valuable scientific data.,Space
2549,"According to a new report, NASA launched a spacecraft during a space mission. Scientists said the observations could improve understanding of the universe. The mission is expected to provide valuable scientific data.",Space
2550,A recent report said the coastal research team examined coastal changes in a rapidly growing city. Researchers said the findings could help regional planning. Scientists used maps and field observations for the analysis.,Geography
2551,"According to a new report, geographers mapped a river basin across southern India. Researchers said the findings could help regional planning. Scientists used maps and field observations for the analysis.",Geography
2552,"In a latest development, Jude Bellingham scored a decisive goal after a closely fought contest. The coach praised the player's fitness and tactical performance. Fans discussed the result after the final whistle.",Sports
2553,Officials said Shah Rukh Khan promoted the upcoming movie for the upcoming Tamil film. The announcement generated strong interest among movie audiences. Fans discussed the trailer and upcoming release.,Cinema
2554,A recent report said detectives uncovered a fraud operation following an arrest. Police said the investigation is continuing. Investigators are examining evidence and questioning people connected with the case.,Crime
2555,New information shows that the James Webb Space Telescope studied an asteroid during a space mission. Scientists said the observations could improve understanding of the universe. The mission is expected to provide valuable scientific data.,Space
2556,A recent report said detectives uncovered a fraud operation following an arrest. Police said the investigation is continuing. Investigators are examining evidence and questioning people connected with the case.,Crime
2557,"In a latest development, Neeraj Chopra was selected for the squad after a closely fought contest. The coach praised the player's fitness and tactical performance. Fans discussed the result after the final whistle.",Sports
2558,"According to a new report, regional researchers studied land use patterns across southern India. Researchers said the findings could help regional planning. Scientists used maps and field observations for the analysis.",Geography
2559,A recent report said Indian space scientists announced a lunar mission during a rocket launch. Scientists said the observations could improve understanding of the universe. The mission is expected to provide valuable scientific data.,Space
2560,"According to a new report, Virat Kohli set a new record during an international football match. The coach praised the player's fitness and tactical performance. Fans discussed the result after the final whistle.",Sports
2561,A recent report said Nayanthara revealed the first look at the audio launch. The announcement generated strong interest among movie audiences. Fans discussed the trailer and upcoming release.,Cinema
2562,"According to a new report, investigators examined CCTV footage after a robbery was reported. Police said the investigation is continuing. Investigators are examining evidence and questioning people connected with the case.",Crime
2563,"In a latest development, the Himalayan research group studied land use patterns in a rapidly growing city. Researchers said the findings could help regional planning. Scientists used maps and field observations for the analysis.",Geography
2564,"According to a new report, Cristiano Ronaldo scored a decisive goal during an international football match. The coach praised the player's fitness and tactical performance. Fans discussed the result after the final whistle.",Sports
2565,A recent report said regional researchers studied land use patterns in a rapidly growing city. Researchers said the findings could help regional planning. Scientists used maps and field observations for the analysis.,Geography
2566,New information shows that political leaders reviewed government programmes during a parliamentary session. The proposal will be discussed by elected representatives. The decision is expected to become an important public issue.,Political
2567,"In a latest development, the legislative assembly announced a new policy at an election rally. The proposal will be discussed by elected representatives. The decision is expected to become an important public issue.",Political
2568,A recent report said the local police department launched an investigation following an arrest. Police said the investigation is continuing. Investigators are examining evidence and questioning people connected with the case.,Crime
2569,"In the latest update, Nayanthara announced a new movie at the audio launch. The announcement generated strong interest among movie audiences. Fans discussed the trailer and upcoming release.",Cinema
2570,A recent report said Indian space scientists announced a lunar mission during a rocket launch. Scientists said the observations could improve understanding of the universe. The mission is expected to provide valuable scientific data.,Space
2571,New information shows that court officials uncovered a fraud operation after a robbery was reported. Police said the investigation is continuing. Investigators are examining evidence and questioning people connected with the case.,Crime
2572,"In a latest development, astronomers completed a spaceflight test during a rocket launch. Scientists said the observations could improve understanding of the universe. The mission is expected to provide valuable scientific data.",Space
2573,"In the latest update, Novak Djokovic set a new record after a closely fought contest. The coach praised the player's fitness and tactical performance. Fans discussed the result after the final whistle.",Sports
2574,A recent report said regional researchers studied land use patterns in a rapidly growing city. Researchers said the findings could help regional planning. Scientists used maps and field observations for the analysis.,Geography
2575,"In a latest development, Vijay announced a new movie at the audio launch. The announcement generated strong interest among movie audiences. Fans discussed the trailer and upcoming release.",Cinema
2576,A recent report said Kamal Haasan announced a new movie at the audio launch. The announcement generated strong interest among movie audiences. Fans discussed the trailer and upcoming release.,Cinema
2577,Officials said Ajith Kumar revealed the first look for the upcoming Tamil film. The announcement generated strong interest among movie audiences. Fans discussed the trailer and upcoming release.,Cinema
2578,New information shows that the James Webb Space Telescope studied an asteroid during a space mission. Scientists said the observations could improve understanding of the universe. The mission is expected to provide valuable scientific data.,Space
2579,A recent report said government officials presented a budget proposal at an election rally. The proposal will be discussed by elected representatives. The decision is expected to become an important public issue.,Political
2580,"In a latest development, court officials uncovered a fraud operation following an arrest. Police said the investigation is continuing. Investigators are examining evidence and questioning people connected with the case.",Crime
2581,"In the latest update, customs officials launched an investigation following an arrest. Police said the investigation is continuing. Investigators are examining evidence and questioning people connected with the case.",Crime
2582,"In the latest update, the foreign minister discussed bilateral relations at an election rally. The proposal will be discussed by elected representatives. The decision is expected to become an important public issue.",Political
2583,A recent report said investigators examined CCTV footage following an arrest. Police said the investigation is continuing. Investigators are examining evidence and questioning people connected with the case.,Crime
2584,Officials said the prosecution uncovered a fraud operation after a robbery was reported. Police said the investigation is continuing. Investigators are examining evidence and questioning people connected with the case.,Crime
2585,"In a latest development, LeBron James recorded a century after a closely fought contest. The coach praised the player's fitness and tactical performance. Fans discussed the result after the final whistle.",Sports
2586,"According to a new report, regional researchers studied land use patterns across southern India. Researchers said the findings could help regional planning. Scientists used maps and field observations for the analysis.",Geography
2587,Officials said mapping experts mapped a river basin across southern India. Researchers said the findings could help regional planning. Scientists used maps and field observations for the analysis.,Geography
2588,"In a latest development, the finance minister presented a budget proposal at an election rally. The proposal will be discussed by elected representatives. The decision is expected to become an important public issue.",Political
2589,"In a latest development, law enforcement officials recovered stolen property following an arrest. Police said the investigation is continuing. Investigators are examining evidence and questioning people connected with the case.",Crime
2590,New information shows that Dhanush received praise for the performance for the upcoming Tamil film. The announcement generated strong interest among movie audiences. Fans discussed the trailer and upcoming release.,Cinema
2591,"In the latest update, cartographers analyzed geographic features in a rapidly growing city. Researchers said the findings could help regional planning. Scientists used maps and field observations for the analysis.",Geography
2592,A recent report said regional researchers studied land use patterns in a rapidly growing city. Researchers said the findings could help regional planning. Scientists used maps and field observations for the analysis.,Geography
2593,"In a latest development, the lead actor received praise for the performance at the audio launch. The announcement generated strong interest among movie audiences. Fans discussed the trailer and upcoming release.",Cinema
2594,"According to a new report, Shah Rukh Khan promoted the upcoming movie for the upcoming Tamil film. The announcement generated strong interest among movie audiences. Fans discussed the trailer and upcoming release.",Cinema
2595,A recent report said Indian space scientists announced a lunar mission during a rocket launch. Scientists said the observations could improve understanding of the universe. The mission is expected to provide valuable scientific data.,Space
2596,Officials said NASA scientists launched a spacecraft during a space mission. Scientists said the observations could improve understanding of the universe. The mission is expected to provide valuable scientific data.,Space
2597,"In a latest development, the satellite launch team launched a spacecraft during a rocket launch. Scientists said the observations could improve understanding of the universe. The mission is expected to provide valuable scientific data.",Space
2598,"According to a new report, geographers mapped a river basin across southern India. Researchers said the findings could help regional planning. Scientists used maps and field observations for the analysis.",Geography
2599,A recent report said Prabhas shared details about the screenplay at the audio launch. The announcement generated strong interest among movie audiences. Fans discussed the trailer and upcoming release.,Cinema
2600,"In a latest development, law enforcement officials recovered stolen property following an arrest. Police said the investigation is continuing. Investigators are examining evidence and questioning people connected with the case.",Crime
2601,A recent report said city police arrested a suspect following an arrest. Police said the investigation is continuing. Investigators are examining evidence and questioning people connected with the case.,Crime
2602,A recent report said the Election Commission reviewed government programmes at an election rally. The proposal will be discussed by elected representatives. The decision is expected to become an important public issue.,Political
2603,A recent report said environmental scientists examined soil distribution in a rapidly growing city. Researchers said the findings could help regional planning. Scientists used maps and field observations for the analysis.,Geography
2604,New information shows that the Chief Minister addressed parliament during a parliamentary session. The proposal will be discussed by elected representatives. The decision is expected to become an important public issue.,Political
2605,"In a latest development, crime branch officers arrested a suspect following an arrest. Police said the investigation is continuing. Investigators are examining evidence and questioning people connected with the case.",Crime
2606,"In the latest update, Lionel Messi recorded a century after a closely fought contest. The coach praised the player's fitness and tactical performance. Fans discussed the result after the final whistle.",Sports
2607,"According to a new report, NASA launched a spacecraft during a space mission. Scientists said the observations could improve understanding of the universe. The mission is expected to provide valuable scientific data.",Space
2608,New information shows that astronomers completed a spaceflight test during a space mission. Scientists said the observations could improve understanding of the universe. The mission is expected to provide valuable scientific data.,Space
2609,"In the latest update, the opposition party announced a new policy at an election rally. The proposal will be discussed by elected representatives. The decision is expected to become an important public issue.",Political
2610,Officials said security officers recovered stolen property after a robbery was reported. Police said the investigation is continuing. Investigators are examining evidence and questioning people connected with the case.,Crime
2611,"According to a new report, detectives uncovered a fraud operation after a robbery was reported. Police said the investigation is continuing. Investigators are examining evidence and questioning people connected with the case.",Crime
2612,A recent report said the Mars exploration team studied an asteroid during a rocket launch. Scientists said the observations could improve understanding of the universe. The mission is expected to provide valuable scientific data.,Space
2613,New information shows that MS Dhoni was selected for the squad during an international football match. The coach praised the player's fitness and tactical performance. Fans discussed the result after the final whistle.,Sports
2614,"According to a new report, Shah Rukh Khan received praise for the performance for the upcoming Tamil film. The announcement generated strong interest among movie audiences. Fans discussed the trailer and upcoming release.",Cinema
2615,"In the latest update, Kamal Haasan revealed the first look at the audio launch. The announcement generated strong interest among movie audiences. Fans discussed the trailer and upcoming release.",Cinema
2616,New information shows that Shah Rukh Khan received praise for the performance for the upcoming Tamil film. The announcement generated strong interest among movie audiences. Fans discussed the trailer and upcoming release.,Cinema
2617,New information shows that Allu Arjun received praise for the performance for the upcoming Tamil film. The announcement generated strong interest among movie audiences. Fans discussed the trailer and upcoming release.,Cinema
2618,New information shows that ISRO announced a lunar mission during a space mission. Scientists said the observations could improve understanding of the universe. The mission is expected to provide valuable scientific data.,Space
2619,"According to a new report, the coastal research team examined coastal changes across southern India. Researchers said the findings could help regional planning. Scientists used maps and field observations for the analysis.",Geography
2620,New information shows that Dhanush announced a new movie for the upcoming Tamil film. The announcement generated strong interest among movie audiences. Fans discussed the trailer and upcoming release.,Cinema
2621,New information shows that Deepika Padukone shared details about the screenplay for the upcoming Tamil film. The announcement generated strong interest among movie audiences. Fans discussed the trailer and upcoming release.,Cinema
2622,Officials said urban planners examined soil distribution across southern India. Researchers said the findings could help regional planning. Scientists used maps and field observations for the analysis.,Geography
2623,New information shows that Virat Kohli set a new record during an international football match. The coach praised the player's fitness and tactical performance. Fans discussed the result after the final whistle.,Sports
2624,Officials said Chennai Super Kings signed a new contract during an international football match. The coach praised the player's fitness and tactical performance. Fans discussed the result after the final whistle.,Sports
2625,"According to a new report, India cricket team recorded a century during an international football match. The coach praised the player's fitness and tactical performance. Fans discussed the result after the final whistle.",Sports
2626,"In the latest update, the geographical survey team studied land use patterns in a rapidly growing city. Researchers said the findings could help regional planning. Scientists used maps and field observations for the analysis.",Geography
2627,A recent report said Mumbai Indians was selected for the squad after a closely fought contest. The coach praised the player's fitness and tactical performance. Fans discussed the result after the final whistle.,Sports
2628,New information shows that the film production team announced a new movie for the upcoming Tamil film. The announcement generated strong interest among movie audiences. Fans discussed the trailer and upcoming release.,Cinema
2629,"In a latest development, political leaders reviewed government programmes at an election rally. The proposal will be discussed by elected representatives. The decision is expected to become an important public issue.",Political
2630,"In the latest update, the European Space Agency studied an asteroid during a rocket launch. Scientists said the observations could improve understanding of the universe. The mission is expected to provide valuable scientific data.",Space
2631,"According to a new report, Stephen Curry set a new record during an international football match. The coach praised the player's fitness and tactical performance. Fans discussed the result after the final whistle.",Sports
2632,A recent report said the district police recovered stolen property following an arrest. Police said the investigation is continuing. Investigators are examining evidence and questioning people connected with the case.,Crime
2633,Officials said PV Sindhu scored a decisive goal during an international football match. The coach praised the player's fitness and tactical performance. Fans discussed the result after the final whistle.,Sports
2634,"In a latest development, astronomers completed a spaceflight test during a rocket launch. Scientists said the observations could improve understanding of the universe. The mission is expected to provide valuable scientific data.",Space
2635,New information shows that Lokesh Kanagaraj promoted the upcoming movie for the upcoming Tamil film. The announcement generated strong interest among movie audiences. Fans discussed the trailer and upcoming release.,Cinema
2636,"In a latest development, the state government discussed bilateral relations at an election rally. The proposal will be discussed by elected representatives. The decision is expected to become an important public issue.",Political
2637,"In a latest development, Manchester City scored a decisive goal after a closely fought contest. The coach praised the player's fitness and tactical performance. Fans discussed the result after the final whistle.",Sports
2638,"In the latest update, Aamir Khan announced a new movie at the audio launch. The announcement generated strong interest among movie audiences. Fans discussed the trailer and upcoming release.",Cinema
2639,"According to a new report, Ajith Kumar announced a new movie for the upcoming Tamil film. The announcement generated strong interest among movie audiences. Fans discussed the trailer and upcoming release.",Cinema
2640,New information shows that the film production team promoted the upcoming movie for the upcoming Tamil film. The announcement generated strong interest among movie audiences. Fans discussed the trailer and upcoming release.,Cinema
2641,New information shows that law enforcement officials recovered stolen property after a robbery was reported. Police said the investigation is continuing. Investigators are examining evidence and questioning people connected with the case.,Crime
2642,New information shows that the Chief Minister addressed parliament during a parliamentary session. The proposal will be discussed by elected representatives. The decision is expected to become an important public issue.,Political
2643,New information shows that climate researchers examined coastal changes across southern India. Researchers said the findings could help regional planning. Scientists used maps and field observations for the analysis.,Geography
2644,"According to a new report, regional researchers studied land use patterns across southern India. Researchers said the findings could help regional planning. Scientists used maps and field observations for the analysis.",Geography
2645,"In a latest development, Suriya shared details about the screenplay at the audio launch. The announcement generated strong interest among movie audiences. Fans discussed the trailer and upcoming release.",Cinema
2646,A recent report said the ruling party addressed parliament at an election rally. The proposal will be discussed by elected representatives. The decision is expected to become an important public issue.,Political
2647,Officials said the prosecution uncovered a fraud operation after a robbery was reported. Police said the investigation is continuing. Investigators are examining evidence and questioning people connected with the case.,Crime
2648,"According to a new report, Stephen Curry set a new record during an international football match. The coach praised the player's fitness and tactical performance. Fans discussed the result after the final whistle.",Sports
2649,"In the latest update, NASA scientists launched a spacecraft during a rocket launch. Scientists said the observations could improve understanding of the universe. The mission is expected to provide valuable scientific data.",Space
2650,"According to a new report, Real Madrid was selected for the squad during an international football match. The coach praised the player's fitness and tactical performance. Fans discussed the result after the final whistle.",Sports
2651,New information shows that the James Webb Space Telescope studied an asteroid during a space mission. Scientists said the observations could improve understanding of the universe. The mission is expected to provide valuable scientific data.,Space
2652,A recent report said the Mars exploration team studied an asteroid during a rocket launch. Scientists said the observations could improve understanding of the universe. The mission is expected to provide valuable scientific data.,Space
2653,"In the latest update, Suriya received praise for the performance at the audio launch. The announcement generated strong interest among movie audiences. Fans discussed the trailer and upcoming release.",Cinema
2654,"According to a new report, Shah Rukh Khan shared details about the screenplay for the upcoming Tamil film. The announcement generated strong interest among movie audiences. Fans discussed the trailer and upcoming release.",Cinema
2655,"In a latest development, forensic investigators examined CCTV footage following an arrest. Police said the investigation is continuing. Investigators are examining evidence and questioning people connected with the case.",Crime
2656,A recent report said regional researchers studied land use patterns in a rapidly growing city. Researchers said the findings could help regional planning. Scientists used maps and field observations for the analysis.,Geography
2657,"In a latest development, the legislative assembly announced a new policy at an election rally. The proposal will be discussed by elected representatives. The decision is expected to become an important public issue.",Political
2658,"In a latest development, forensic investigators examined CCTV footage following an arrest. Police said the investigation is continuing. Investigators are examining evidence and questioning people connected with the case.",Crime
2659,"In the latest update, the lunar mission team completed a spaceflight test during a rocket launch. Scientists said the observations could improve understanding of the universe. The mission is expected to provide valuable scientific data.",Space
2660,"In a latest development, the Chief Minister addressed parliament at an election rally. The proposal will be discussed by elected representatives. The decision is expected to become an important public issue.",Political
2661,"In a latest development, Kamal Haasan received praise for the performance at the audio launch. The announcement generated strong interest among movie audiences. Fans discussed the trailer and upcoming release.",Cinema
2662,Officials said the election campaign addressed parliament during a parliamentary session. The proposal will be discussed by elected representatives. The decision is expected to become an important public issue.,Political
2663,"According to a new report, the coastal research team examined coastal changes across southern India. Researchers said the findings could help regional planning. Scientists used maps and field observations for the analysis.",Geography
2664,"In the latest update, Brazil football team set a new record after a closely fought contest. The coach praised the player's fitness and tactical performance. Fans discussed the result after the final whistle.",Sports
2665,Officials said cartographers analyzed geographic features across southern India. Researchers said the findings could help regional planning. Scientists used maps and field observations for the analysis.,Geography
2666,"According to a new report, the Mars exploration team studied an asteroid during a space mission. Scientists said the observations could improve understanding of the universe. The mission is expected to provide valuable scientific data.",Space
2667,"In a latest development, climate researchers examined coastal changes in a rapidly growing city. Researchers said the findings could help regional planning. Scientists used maps and field observations for the analysis.",Geography
2668,A recent report said regional researchers studied land use patterns in a rapidly growing city. Researchers said the findings could help regional planning. Scientists used maps and field observations for the analysis.,Geography
2669,New information shows that Lokesh Kanagaraj received praise for the performance for the upcoming Tamil film. The announcement generated strong interest among movie audiences. Fans discussed the trailer and upcoming release.,Cinema
2670,Officials said the foreign minister discussed bilateral relations during a parliamentary session. The proposal will be discussed by elected representatives. The decision is expected to become an important public issue.,Political
2671,A recent report said ISRO scientists prepared astronauts for a mission during a rocket launch. Scientists said the observations could improve understanding of the universe. The mission is expected to provide valuable scientific data.,Space
2672,"In the latest update, earth scientists examined coastal changes in a rapidly growing city. Researchers said the findings could help regional planning. Scientists used maps and field observations for the analysis.",Geography
2673,New information shows that India cricket team recorded a century during an international football match. The coach praised the player's fitness and tactical performance. Fans discussed the result after the final whistle.,Sports
2674,Officials said Cristiano Ronaldo scored a decisive goal during an international football match. The coach praised the player's fitness and tactical performance. Fans discussed the result after the final whistle.,Sports
2675,"In the latest update, cartographers analyzed geographic features in a rapidly growing city. Researchers said the findings could help regional planning. Scientists used maps and field observations for the analysis.",Geography
2676,New information shows that researchers analyzed geographic features across southern India. Researchers said the findings could help regional planning. Scientists used maps and field observations for the analysis.,Geography
2677,New information shows that the state government discussed bilateral relations during a parliamentary session. The proposal will be discussed by elected representatives. The decision is expected to become an important public issue.,Political
2678,A recent report said Arsenal signed a new contract after a closely fought contest. The coach praised the player's fitness and tactical performance. Fans discussed the result after the final whistle.,Sports
2679,New information shows that astronomers completed a spaceflight test during a space mission. Scientists said the observations could improve understanding of the universe. The mission is expected to provide valuable scientific data.,Space
2680,A recent report said the Prime Minister announced a new policy at an election rally. The proposal will be discussed by elected representatives. The decision is expected to become an important public issue.,Political
2681,"According to a new report, India cricket team recorded a century during an international football match. The coach praised the player's fitness and tactical performance. Fans discussed the result after the final whistle.",Sports
2682,New information shows that the state government discussed bilateral relations during a parliamentary session. The proposal will be discussed by elected representatives. The decision is expected to become an important public issue.,Political
2683,"In the latest update, mapping experts mapped a river basin in a rapidly growing city. Researchers said the findings could help regional planning. Scientists used maps and field observations for the analysis.",Geography
2684,"In the latest update, Novak Djokovic set a new record after a closely fought contest. The coach praised the player's fitness and tactical performance. Fans discussed the result after the final whistle.",Sports
2685,Officials said Dhanush shared details about the screenplay for the upcoming Tamil film. The announcement generated strong interest among movie audiences. Fans discussed the trailer and upcoming release.,Cinema
2686,"In the latest update, the geographical survey team studied land use patterns in a rapidly growing city. Researchers said the findings could help regional planning. Scientists used maps and field observations for the analysis.",Geography
2687,"In a latest development, the legislative assembly announced a new policy at an election rally. The proposal will be discussed by elected representatives. The decision is expected to become an important public issue.",Political
2688,"In the latest update, Prabhas announced a new movie at the audio launch. The announcement generated strong interest among movie audiences. Fans discussed the trailer and upcoming release.",Cinema
2689,"According to a new report, the coastal research team examined coastal changes across southern India. Researchers said the findings could help regional planning. Scientists used maps and field observations for the analysis.",Geography
2690,Officials said mapping experts mapped a river basin across southern India. Researchers said the findings could help regional planning. Scientists used maps and field observations for the analysis.,Geography
2691,Officials said the film production team received praise for the performance for the upcoming Tamil film. The announcement generated strong interest among movie audiences. Fans discussed the trailer and upcoming release.,Cinema
2692,"In a latest development, court officials uncovered a fraud operation following an arrest. Police said the investigation is continuing. Investigators are examining evidence and questioning people connected with the case.",Crime
2693,Officials said Carlos Alcaraz signed a new contract during an international football match. The coach praised the player's fitness and tactical performance. Fans discussed the result after the final whistle.,Sports
2694,A recent report said the district police recovered stolen property following an arrest. Police said the investigation is continuing. Investigators are examining evidence and questioning people connected with the case.,Crime
2695,New information shows that crime branch officers arrested a suspect after a robbery was reported. Police said the investigation is continuing. Investigators are examining evidence and questioning people connected with the case.,Crime
2696,A recent report said investigators examined CCTV footage following an arrest. Police said the investigation is continuing. Investigators are examining evidence and questioning people connected with the case.,Crime
2697,Officials said earth scientists examined coastal changes across southern India. Researchers said the findings could help regional planning. Scientists used maps and field observations for the analysis.,Geography
2698,Officials said the opposition party announced a new policy during a parliamentary session. The proposal will be discussed by elected representatives. The decision is expected to become an important public issue.,Political
2699,"In a latest development, researchers analyzed geographic features in a rapidly growing city. Researchers said the findings could help regional planning. Scientists used maps and field observations for the analysis.",Geography
2700,"In a latest development, Manchester City scored a decisive goal after a closely fought contest. The coach praised the player's fitness and tactical performance. Fans discussed the result after the final whistle.",Sports
2701,A recent report said Indian space scientists announced a lunar mission during a rocket launch. Scientists said the observations could improve understanding of the universe. The mission is expected to provide valuable scientific data.,Space
2702,A recent report said Arsenal signed a new contract after a closely fought contest. The coach praised the player's fitness and tactical performance. Fans discussed the result after the final whistle.,Sports
2703,A recent report said regional researchers studied land use patterns in a rapidly growing city. Researchers said the findings could help regional planning. Scientists used maps and field observations for the analysis.,Geography
2704,"According to a new report, the ruling party addressed parliament during a parliamentary session. The proposal will be discussed by elected representatives. The decision is expected to become an important public issue.",Political
2705,"In a latest development, the legislative assembly announced a new policy at an election rally. The proposal will be discussed by elected representatives. The decision is expected to become an important public issue.",Political
2706,New information shows that political leaders reviewed government programmes during a parliamentary session. The proposal will be discussed by elected representatives. The decision is expected to become an important public issue.,Political
2707,"In the latest update, the foreign minister discussed bilateral relations at an election rally. The proposal will be discussed by elected representatives. The decision is expected to become an important public issue.",Political
2708,"According to a new report, government officials presented a budget proposal during a parliamentary session. The proposal will be discussed by elected representatives. The decision is expected to become an important public issue.",Political
2709,Officials said the foreign minister discussed bilateral relations during a parliamentary session. The proposal will be discussed by elected representatives. The decision is expected to become an important public issue.,Political
2710,"According to a new report, the coastal research team examined coastal changes across southern India. Researchers said the findings could help regional planning. Scientists used maps and field observations for the analysis.",Geography
2711,New information shows that the legislative assembly announced a new policy during a parliamentary session. The proposal will be discussed by elected representatives. The decision is expected to become an important public issue.,Political
2712,"In a latest development, ISRO announced a lunar mission during a rocket launch. Scientists said the observations could improve understanding of the universe. The mission is expected to provide valuable scientific data.",Space
2713,New information shows that Chennai Super Kings signed a new contract during an international football match. The coach praised the player's fitness and tactical performance. Fans discussed the result after the final whistle.,Sports
2714,"According to a new report, Ajith Kumar received praise for the performance for the upcoming Tamil film. The announcement generated strong interest among movie audiences. Fans discussed the trailer and upcoming release.",Cinema
2715,A recent report said investigators examined CCTV footage following an arrest. Police said the investigation is continuing. Investigators are examining evidence and questioning people connected with the case.,Crime
2716,A recent report said city police arrested a suspect following an arrest. Police said the investigation is continuing. Investigators are examining evidence and questioning people connected with the case.,Crime
2717,"According to a new report, Chennai Super Kings signed a new contract during an international football match. The coach praised the player's fitness and tactical performance. Fans discussed the result after the final whistle.",Sports
2718,"According to a new report, geographers mapped a river basin across southern India. Researchers said the findings could help regional planning. Scientists used maps and field observations for the analysis.",Geography
2719,A recent report said Mani Ratnam revealed the first look at the audio launch. The announcement generated strong interest among movie audiences. Fans discussed the trailer and upcoming release.,Cinema
2720,Officials said the lunar mission team completed a spaceflight test during a space mission. Scientists said the observations could improve understanding of the universe. The mission is expected to provide valuable scientific data.,Space
2721,"In a latest development, investigators launched an investigation following an arrest. Police said the investigation is continuing. Investigators are examining evidence and questioning people connected with the case.",Crime
2722,A recent report said the Election Commission reviewed government programmes at an election rally. The proposal will be discussed by elected representatives. The decision is expected to become an important public issue.,Political
2723,New information shows that the Chief Minister addressed parliament during a parliamentary session. The proposal will be discussed by elected representatives. The decision is expected to become an important public issue.,Political
2724,Officials said urban planners examined soil distribution across southern India. Researchers said the findings could help regional planning. Scientists used maps and field observations for the analysis.,Geography
2725,"According to a new report, the ruling party addressed parliament during a parliamentary session. The proposal will be discussed by elected representatives. The decision is expected to become an important public issue.",Political
2726,"In a latest development, ISRO announced a lunar mission during a rocket launch. Scientists said the observations could improve understanding of the universe. The mission is expected to provide valuable scientific data.",Space
2727,A recent report said Indian space scientists announced a lunar mission during a rocket launch. Scientists said the observations could improve understanding of the universe. The mission is expected to provide valuable scientific data.,Space
2728,A recent report said the local police department launched an investigation following an arrest. Police said the investigation is continuing. Investigators are examining evidence and questioning people connected with the case.,Crime
2729,"According to a new report, Allu Arjun received praise for the performance for the upcoming Tamil film. The announcement generated strong interest among movie audiences. Fans discussed the trailer and upcoming release.",Cinema
2730,A recent report said Vijay revealed the first look at the audio launch. The announcement generated strong interest among movie audiences. Fans discussed the trailer and upcoming release.,Cinema
2731,"In the latest update, mapping experts mapped a river basin in a rapidly growing city. Researchers said the findings could help regional planning. Scientists used maps and field observations for the analysis.",Geography
2732,"According to a new report, government officials presented a budget proposal during a parliamentary session. The proposal will be discussed by elected representatives. The decision is expected to become an important public issue.",Political
2733,"In the latest update, SpaceX prepared astronauts for a mission during a rocket launch. Scientists said the observations could improve understanding of the universe. The mission is expected to provide valuable scientific data.",Space
2734,"In the latest update, the cabinet reviewed government programmes at an election rally. The proposal will be discussed by elected representatives. The decision is expected to become an important public issue.",Political
2735,New information shows that political leaders reviewed government programmes during a parliamentary session. The proposal will be discussed by elected representatives. The decision is expected to become an important public issue.,Political
2736,New information shows that Ajith Kumar received praise for the performance for the upcoming Tamil film. The announcement generated strong interest among movie audiences. Fans discussed the trailer and upcoming release.,Cinema
2737,"In the latest update, earth scientists examined coastal changes in a rapidly growing city. Researchers said the findings could help regional planning. Scientists used maps and field observations for the analysis.",Geography
2738,Officials said the cabinet reviewed government programmes during a parliamentary session. The proposal will be discussed by elected representatives. The decision is expected to become an important public issue.,Political
2739,A recent report said government officials presented a budget proposal at an election rally. The proposal will be discussed by elected representatives. The decision is expected to become an important public issue.,Political
2740,Officials said Lokesh Kanagaraj promoted the upcoming movie for the upcoming Tamil film. The announcement generated strong interest among movie audiences. Fans discussed the trailer and upcoming release.,Cinema
2741,New information shows that MS Dhoni was selected for the squad during an international football match. The coach praised the player's fitness and tactical performance. Fans discussed the result after the final whistle.,Sports
2742,New information shows that the film production team shared details about the screenplay for the upcoming Tamil film. The announcement generated strong interest among movie audiences. Fans discussed the trailer and upcoming release.,Cinema
2743,"According to a new report, Allu Arjun shared details about the screenplay for the upcoming Tamil film. The announcement generated strong interest among movie audiences. Fans discussed the trailer and upcoming release.",Cinema
2744,New information shows that the finance minister presented a budget proposal during a parliamentary session. The proposal will be discussed by elected representatives. The decision is expected to become an important public issue.,Political
2745,New information shows that the climate monitoring team examined soil distribution across southern India. Researchers said the findings could help regional planning. Scientists used maps and field observations for the analysis.,Geography
2746,New information shows that the state government discussed bilateral relations during a parliamentary session. The proposal will be discussed by elected representatives. The decision is expected to become an important public issue.,Political
2747,Officials said Carlos Alcaraz signed a new contract during an international football match. The coach praised the player's fitness and tactical performance. Fans discussed the result after the final whistle.,Sports
2748,Officials said the foreign minister discussed bilateral relations during a parliamentary session. The proposal will be discussed by elected representatives. The decision is expected to become an important public issue.,Political
2749,"According to a new report, Ajith Kumar promoted the upcoming movie for the upcoming Tamil film. The announcement generated strong interest among movie audiences. Fans discussed the trailer and upcoming release.",Cinema
2750,"In the latest update, the geographical survey team studied land use patterns in a rapidly growing city. Researchers said the findings could help regional planning. Scientists used maps and field observations for the analysis.",Geography
2751,Officials said the Parliament presented a budget proposal during a parliamentary session. The proposal will be discussed by elected representatives. The decision is expected to become an important public issue.,Political
2752,New information shows that the legislative assembly announced a new policy during a parliamentary session. The proposal will be discussed by elected representatives. The decision is expected to become an important public issue.,Political
2753,"According to a new report, regional researchers studied land use patterns across southern India. Researchers said the findings could help regional planning. Scientists used maps and field observations for the analysis.",Geography
2754,A recent report said ISRO scientists prepared astronauts for a mission during a rocket launch. Scientists said the observations could improve understanding of the universe. The mission is expected to provide valuable scientific data.,Space
2755,"In the latest update, NASA scientists launched a spacecraft during a rocket launch. Scientists said the observations could improve understanding of the universe. The mission is expected to provide valuable scientific data.",Space
2756,"In the latest update, earth scientists examined coastal changes in a rapidly growing city. Researchers said the findings could help regional planning. Scientists used maps and field observations for the analysis.",Geography
2757,A recent report said Neeraj Chopra was selected for the squad after a closely fought contest. The coach praised the player's fitness and tactical performance. Fans discussed the result after the final whistle.,Sports
2758,A recent report said regional researchers studied land use patterns in a rapidly growing city. Researchers said the findings could help regional planning. Scientists used maps and field observations for the analysis.,Geography
2759,A recent report said geographers mapped a river basin in a rapidly growing city. Researchers said the findings could help regional planning. Scientists used maps and field observations for the analysis.,Geography
2760,"According to a new report, the Prime Minister announced a new policy during a parliamentary session. The proposal will be discussed by elected representatives. The decision is expected to become an important public issue.",Political
2761,"In a latest development, the Chief Minister addressed parliament at an election rally. The proposal will be discussed by elected representatives. The decision is expected to become an important public issue.",Political
2762,New information shows that the James Webb Space Telescope studied an asteroid during a space mission. Scientists said the observations could improve understanding of the universe. The mission is expected to provide valuable scientific data.,Space
2763,"In the latest update, urban planners examined soil distribution in a rapidly growing city. Researchers said the findings could help regional planning. Scientists used maps and field observations for the analysis.",Geography
2764,Officials said the prosecution uncovered a fraud operation after a robbery was reported. Police said the investigation is continuing. Investigators are examining evidence and questioning people connected with the case.,Crime
2765,A recent report said environmental scientists examined soil distribution in a rapidly growing city. Researchers said the findings could help regional planning. Scientists used maps and field observations for the analysis.,Geography
2766,"In the latest update, the anti-narcotics team arrested a suspect following an arrest. Police said the investigation is continuing. Investigators are examining evidence and questioning people connected with the case.",Crime
2767,"According to a new report, the district police recovered stolen property after a robbery was reported. Police said the investigation is continuing. Investigators are examining evidence and questioning people connected with the case.",Crime
2768,Officials said SpaceX engineers announced a lunar mission during a space mission. Scientists said the observations could improve understanding of the universe. The mission is expected to provide valuable scientific data.,Space
2769,New information shows that researchers analyzed geographic features across southern India. Researchers said the findings could help regional planning. Scientists used maps and field observations for the analysis.,Geography
2770,A recent report said city police arrested a suspect following an arrest. Police said the investigation is continuing. Investigators are examining evidence and questioning people connected with the case.,Crime
2771,New information shows that forensic investigators examined CCTV footage after a robbery was reported. Police said the investigation is continuing. Investigators are examining evidence and questioning people connected with the case.,Crime
2772,Officials said the geographical survey team studied land use patterns across southern India. Researchers said the findings could help regional planning. Scientists used maps and field observations for the analysis.,Geography
2773,Officials said Kylian Mbappe recorded a century during an international football match. The coach praised the player's fitness and tactical performance. Fans discussed the result after the final whistle.,Sports
2774,"In the latest update, the lunar mission team completed a spaceflight test during a rocket launch. Scientists said the observations could improve understanding of the universe. The mission is expected to provide valuable scientific data.",Space
2775,Officials said cartographers analyzed geographic features across southern India. Researchers said the findings could help regional planning. Scientists used maps and field observations for the analysis.,Geography
2776,"In a latest development, court officials uncovered a fraud operation following an arrest. Police said the investigation is continuing. Investigators are examining evidence and questioning people connected with the case.",Crime
2777,"In a latest development, the river basin study team mapped a river basin in a rapidly growing city. Researchers said the findings could help regional planning. Scientists used maps and field observations for the analysis.",Geography
2778,"In a latest development, the state government discussed bilateral relations at an election rally. The proposal will be discussed by elected representatives. The decision is expected to become an important public issue.",Political
2779,"In a latest development, Vijay announced a new movie at the audio launch. The announcement generated strong interest among movie audiences. Fans discussed the trailer and upcoming release.",Cinema
2780,New information shows that law enforcement officials recovered stolen property after a robbery was reported. Police said the investigation is continuing. Investigators are examining evidence and questioning people connected with the case.,Crime
2781,"In a latest development, investigators launched an investigation following an arrest. Police said the investigation is continuing. Investigators are examining evidence and questioning people connected with the case.",Crime
2782,New information shows that court officials uncovered a fraud operation after a robbery was reported. Police said the investigation is continuing. Investigators are examining evidence and questioning people connected with the case.,Crime
2783,"In the latest update, the lunar mission team completed a spaceflight test during a rocket launch. Scientists said the observations could improve understanding of the universe. The mission is expected to provide valuable scientific data.",Space
2784,"In a latest development, Vijay received praise for the performance at the audio launch. The announcement generated strong interest among movie audiences. Fans discussed the trailer and upcoming release.",Cinema
2785,New information shows that the satellite launch team launched a spacecraft during a space mission. Scientists said the observations could improve understanding of the universe. The mission is expected to provide valuable scientific data.,Space
2786,Officials said India cricket team recorded a century during an international football match. The coach praised the player's fitness and tactical performance. Fans discussed the result after the final whistle.,Sports
2787,"According to a new report, geographers mapped a river basin across southern India. Researchers said the findings could help regional planning. Scientists used maps and field observations for the analysis.",Geography
2788,A recent report said the coastal research team examined coastal changes in a rapidly growing city. Researchers said the findings could help regional planning. Scientists used maps and field observations for the analysis.,Geography
2789,"In the latest update, Aamir Khan announced a new movie at the audio launch. The announcement generated strong interest among movie audiences. Fans discussed the trailer and upcoming release.",Cinema
2790,A recent report said investigators examined CCTV footage following an arrest. Police said the investigation is continuing. Investigators are examining evidence and questioning people connected with the case.,Crime
2791,Officials said SpaceX engineers announced a lunar mission during a space mission. Scientists said the observations could improve understanding of the universe. The mission is expected to provide valuable scientific data.,Space
2792,New information shows that Deepika Padukone revealed the first look for the upcoming Tamil film. The announcement generated strong interest among movie audiences. Fans discussed the trailer and upcoming release.,Cinema
2793,New information shows that researchers analyzed geographic features across southern India. Researchers said the findings could help regional planning. Scientists used maps and field observations for the analysis.,Geography
2794,"According to a new report, geographers mapped a river basin across southern India. Researchers said the findings could help regional planning. Scientists used maps and field observations for the analysis.",Geography
2795,Officials said security officers recovered stolen property after a robbery was reported. Police said the investigation is continuing. Investigators are examining evidence and questioning people connected with the case.,Crime
2796,A recent report said Mani Ratnam announced a new movie at the audio launch. The announcement generated strong interest among movie audiences. Fans discussed the trailer and upcoming release.,Cinema
2797,"In a latest development, the climate monitoring team examined soil distribution in a rapidly growing city. Researchers said the findings could help regional planning. Scientists used maps and field observations for the analysis.",Geography
2798,"According to a new report, Deepika Padukone revealed the first look for the upcoming Tamil film. The announcement generated strong interest among movie audiences. Fans discussed the trailer and upcoming release.",Cinema
2799,"In the latest update, Manchester City scored a decisive goal after a closely fought contest. The coach praised the player's fitness and tactical performance. Fans discussed the result after the final whistle.",Sports
2800,"In a latest development, law enforcement officials recovered stolen property following an arrest. Police said the investigation is continuing. Investigators are examining evidence and questioning people connected with the case.",Crime
2801,"In a latest development, Suriya received praise for the performance at the audio launch. The announcement generated strong interest among movie audiences. Fans discussed the trailer and upcoming release.",Cinema
2802,"In the latest update, the election campaign addressed parliament at an election rally. The proposal will be discussed by elected representatives. The decision is expected to become an important public issue.",Political
2803,"According to a new report, investigators examined CCTV footage after a robbery was reported. Police said the investigation is continuing. Investigators are examining evidence and questioning people connected with the case.",Crime
2804,"According to a new report, geographers mapped a river basin across southern India. Researchers said the findings could help regional planning. Scientists used maps and field observations for the analysis.",Geography
2805,Officials said Shah Rukh Khan announced a new movie for the upcoming Tamil film. The announcement generated strong interest among movie audiences. Fans discussed the trailer and upcoming release.,Cinema
2806,A recent report said Nayanthara received praise for the performance at the audio launch. The announcement generated strong interest among movie audiences. Fans discussed the trailer and upcoming release.,Cinema
2807,New information shows that researchers analyzed geographic features across southern India. Researchers said the findings could help regional planning. Scientists used maps and field observations for the analysis.,Geography
2808,"According to a new report, the ruling party addressed parliament during a parliamentary session. The proposal will be discussed by elected representatives. The decision is expected to become an important public issue.",Political
2809,A recent report said LeBron James recorded a century after a closely fought contest. The coach praised the player's fitness and tactical performance. Fans discussed the result after the final whistle.,Sports
2810,"In a latest development, the James Webb Space Telescope studied an asteroid during a rocket launch. Scientists said the observations could improve understanding of the universe. The mission is expected to provide valuable scientific data.",Space
2811,"In the latest update, Vijay received praise for the performance at the audio launch. The announcement generated strong interest among movie audiences. Fans discussed the trailer and upcoming release.",Cinema
2812,"According to a new report, regional researchers studied land use patterns across southern India. Researchers said the findings could help regional planning. Scientists used maps and field observations for the analysis.",Geography
2813,"According to a new report, geographers mapped a river basin across southern India. Researchers said the findings could help regional planning. Scientists used maps and field observations for the analysis.",Geography
2814,"In the latest update, cartographers analyzed geographic features in a rapidly growing city. Researchers said the findings could help regional planning. Scientists used maps and field observations for the analysis.",Geography
2815,"In the latest update, mapping experts mapped a river basin in a rapidly growing city. Researchers said the findings could help regional planning. Scientists used maps and field observations for the analysis.",Geography
2816,Officials said Shah Rukh Khan shared details about the screenplay for the upcoming Tamil film. The announcement generated strong interest among movie audiences. Fans discussed the trailer and upcoming release.,Cinema
2817,"According to a new report, PV Sindhu scored a decisive goal during an international football match. The coach praised the player's fitness and tactical performance. Fans discussed the result after the final whistle.",Sports
2818,"In the latest update, Suriya shared details about the screenplay at the audio launch. The announcement generated strong interest among movie audiences. Fans discussed the trailer and upcoming release.",Cinema
2819,"In the latest update, cartographers analyzed geographic features in a rapidly growing city. Researchers said the findings could help regional planning. Scientists used maps and field observations for the analysis.",Geography
2820,"In the latest update, Jude Bellingham scored a decisive goal after a closely fought contest. The coach praised the player's fitness and tactical performance. Fans discussed the result after the final whistle.",Sports
2821,A recent report said members of parliament discussed bilateral relations at an election rally. The proposal will be discussed by elected representatives. The decision is expected to become an important public issue.,Political
2822,Officials said Allu Arjun received praise for the performance for the upcoming Tamil film. The announcement generated strong interest among movie audiences. Fans discussed the trailer and upcoming release.,Cinema
2823,"In a latest development, the Himalayan research group studied land use patterns in a rapidly growing city. Researchers said the findings could help regional planning. Scientists used maps and field observations for the analysis.",Geography
2824,"In a latest development, researchers analyzed geographic features in a rapidly growing city. Researchers said the findings could help regional planning. Scientists used maps and field observations for the analysis.",Geography
2825,Officials said SpaceX engineers announced a lunar mission during a space mission. Scientists said the observations could improve understanding of the universe. The mission is expected to provide valuable scientific data.,Space
2826,"In a latest development, Brazil football team set a new record after a closely fought contest. The coach praised the player's fitness and tactical performance. Fans discussed the result after the final whistle.",Sports
2827,Officials said the film production team revealed the first look for the upcoming Tamil film. The announcement generated strong interest among movie audiences. Fans discussed the trailer and upcoming release.,Cinema
2828,A recent report said geographic information scientists analyzed geographic features in a rapidly growing city. Researchers said the findings could help regional planning. Scientists used maps and field observations for the analysis.,Geography
2829,"According to a new report, Rajinikanth promoted the upcoming movie for the upcoming Tamil film. The announcement generated strong interest among movie audiences. Fans discussed the trailer and upcoming release.",Cinema
2830,New information shows that the James Webb Space Telescope studied an asteroid during a space mission. Scientists said the observations could improve understanding of the universe. The mission is expected to provide valuable scientific data.,Space
2831,New information shows that the legislative assembly announced a new policy during a parliamentary session. The proposal will be discussed by elected representatives. The decision is expected to become an important public issue.,Political
2832,A recent report said regional researchers studied land use patterns in a rapidly growing city. Researchers said the findings could help regional planning. Scientists used maps and field observations for the analysis.,Geography
2833,New information shows that climate researchers examined coastal changes across southern India. Researchers said the findings could help regional planning. Scientists used maps and field observations for the analysis.,Geography
2834,"In a latest development, Arsenal signed a new contract after a closely fought contest. The coach praised the player's fitness and tactical performance. Fans discussed the result after the final whistle.",Sports
2835,"In the latest update, SpaceX engineers announced a lunar mission during a rocket launch. Scientists said the observations could improve understanding of the universe. The mission is expected to provide valuable scientific data.",Space
2836,"In a latest development, ISRO announced a lunar mission during a rocket launch. Scientists said the observations could improve understanding of the universe. The mission is expected to provide valuable scientific data.",Space
2837,"According to a new report, government officials presented a budget proposal during a parliamentary session. The proposal will be discussed by elected representatives. The decision is expected to become an important public issue.",Political
2838,New information shows that Ajith Kumar received praise for the performance for the upcoming Tamil film. The announcement generated strong interest among movie audiences. Fans discussed the trailer and upcoming release.,Cinema
2839,New information shows that forensic investigators examined CCTV footage after a robbery was reported. Police said the investigation is continuing. Investigators are examining evidence and questioning people connected with the case.,Crime
2840,"According to a new report, the coastal research team examined coastal changes across southern India. Researchers said the findings could help regional planning. Scientists used maps and field observations for the analysis.",Geography
2841,"According to a new report, Carlos Alcaraz signed a new contract during an international football match. The coach praised the player's fitness and tactical performance. Fans discussed the result after the final whistle.",Sports
2842,New information shows that the state government discussed bilateral relations during a parliamentary session. The proposal will be discussed by elected representatives. The decision is expected to become an important public issue.,Political
2843,A recent report said Novak Djokovic set a new record after a closely fought contest. The coach praised the player's fitness and tactical performance. Fans discussed the result after the final whistle.,Sports
2844,"In the latest update, earth scientists examined coastal changes in a rapidly growing city. Researchers said the findings could help regional planning. Scientists used maps and field observations for the analysis.",Geography
2845,A recent report said detectives uncovered a fraud operation following an arrest. Police said the investigation is continuing. Investigators are examining evidence and questioning people connected with the case.,Crime
2846,New information shows that Allu Arjun shared details about the screenplay for the upcoming Tamil film. The announcement generated strong interest among movie audiences. Fans discussed the trailer and upcoming release.,Cinema
2847,Officials said NASA scientists launched a spacecraft during a space mission. Scientists said the observations could improve understanding of the universe. The mission is expected to provide valuable scientific data.,Space
2848,"In the latest update, the election campaign addressed parliament at an election rally. The proposal will be discussed by elected representatives. The decision is expected to become an important public issue.",Political
2849,"In a latest development, investigators launched an investigation following an arrest. Police said the investigation is continuing. Investigators are examining evidence and questioning people connected with the case.",Crime
2850,"In a latest development, the satellite launch team launched a spacecraft during a rocket launch. Scientists said the observations could improve understanding of the universe. The mission is expected to provide valuable scientific data.",Space
2851,Officials said the cabinet reviewed government programmes during a parliamentary session. The proposal will be discussed by elected representatives. The decision is expected to become an important public issue.,Political
2852,A recent report said Suriya shared details about the screenplay at the audio launch. The announcement generated strong interest among movie audiences. Fans discussed the trailer and upcoming release.,Cinema
2853,Officials said India cricket team recorded a century during an international football match. The coach praised the player's fitness and tactical performance. Fans discussed the result after the final whistle.,Sports
2854,"According to a new report, the local police department launched an investigation after a robbery was reported. Police said the investigation is continuing. Investigators are examining evidence and questioning people connected with the case.",Crime
2855,A recent report said geographers mapped a river basin in a rapidly growing city. Researchers said the findings could help regional planning. Scientists used maps and field observations for the analysis.,Geography
2856,A recent report said Brazil football team set a new record after a closely fought contest. The coach praised the player's fitness and tactical performance. Fans discussed the result after the final whistle.,Sports
2857,"In the latest update, Novak Djokovic set a new record after a closely fought contest. The coach praised the player's fitness and tactical performance. Fans discussed the result after the final whistle.",Sports
2858,"According to a new report, regional researchers studied land use patterns across southern India. Researchers said the findings could help regional planning. Scientists used maps and field observations for the analysis.",Geography
2859,Officials said Dhanush announced a new movie for the upcoming Tamil film. The announcement generated strong interest among movie audiences. Fans discussed the trailer and upcoming release.,Cinema
2860,A recent report said Mani Ratnam promoted the upcoming movie at the audio launch. The announcement generated strong interest among movie audiences. Fans discussed the trailer and upcoming release.,Cinema
2861,"According to a new report, MS Dhoni was selected for the squad during an international football match. The coach praised the player's fitness and tactical performance. Fans discussed the result after the final whistle.",Sports
2862,Officials said the foreign minister discussed bilateral relations during a parliamentary session. The proposal will be discussed by elected representatives. The decision is expected to become an important public issue.,Political
2863,New information shows that Real Madrid was selected for the squad during an international football match. The coach praised the player's fitness and tactical performance. Fans discussed the result after the final whistle.,Sports
2864,Officials said Real Madrid was selected for the squad during an international football match. The coach praised the player's fitness and tactical performance. Fans discussed the result after the final whistle.,Sports
2865,A recent report said the Prime Minister announced a new policy at an election rally. The proposal will be discussed by elected representatives. The decision is expected to become an important public issue.,Political
2866,A recent report said environmental scientists examined soil distribution in a rapidly growing city. Researchers said the findings could help regional planning. Scientists used maps and field observations for the analysis.,Geography
2867,"In a latest development, Aamir Khan revealed the first look at the audio launch. The announcement generated strong interest among movie audiences. Fans discussed the trailer and upcoming release.",Cinema
2868,"In the latest update, the geographical survey team studied land use patterns in a rapidly growing city. Researchers said the findings could help regional planning. Scientists used maps and field observations for the analysis.",Geography
2869,Officials said Lokesh Kanagaraj shared details about the screenplay for the upcoming Tamil film. The announcement generated strong interest among movie audiences. Fans discussed the trailer and upcoming release.,Cinema
2870,A recent report said the Election Commission reviewed government programmes at an election rally. The proposal will be discussed by elected representatives. The decision is expected to become an important public issue.,Political
2871,Officials said India cricket team recorded a century during an international football match. The coach praised the player's fitness and tactical performance. Fans discussed the result after the final whistle.,Sports
2872,New information shows that Virat Kohli set a new record during an international football match. The coach praised the player's fitness and tactical performance. Fans discussed the result after the final whistle.,Sports
2873,A recent report said geographic information scientists analyzed geographic features in a rapidly growing city. Researchers said the findings could help regional planning. Scientists used maps and field observations for the analysis.,Geography
2874,A recent report said Prabhas received praise for the performance at the audio launch. The announcement generated strong interest among movie audiences. Fans discussed the trailer and upcoming release.,Cinema
2875,A recent report said NASA launched a spacecraft during a rocket launch. Scientists said the observations could improve understanding of the universe. The mission is expected to provide valuable scientific data.,Space
2876,New information shows that India cricket team recorded a century during an international football match. The coach praised the player's fitness and tactical performance. Fans discussed the result after the final whistle.,Sports
2877,New information shows that astronomers completed a spaceflight test during a space mission. Scientists said the observations could improve understanding of the universe. The mission is expected to provide valuable scientific data.,Space
2878,"In a latest development, astronauts prepared astronauts for a mission during a rocket launch. Scientists said the observations could improve understanding of the universe. The mission is expected to provide valuable scientific data.",Space
2879,"According to a new report, Chennai Super Kings signed a new contract during an international football match. The coach praised the player's fitness and tactical performance. Fans discussed the result after the final whistle.",Sports
2880,Officials said the lunar mission team completed a spaceflight test during a space mission. Scientists said the observations could improve understanding of the universe. The mission is expected to provide valuable scientific data.,Space
2881,"In the latest update, the geographical survey team studied land use patterns in a rapidly growing city. Researchers said the findings could help regional planning. Scientists used maps and field observations for the analysis.",Geography
2882,"In the latest update, Neeraj Chopra was selected for the squad after a closely fought contest. The coach praised the player's fitness and tactical performance. Fans discussed the result after the final whistle.",Sports
2883,A recent report said the Prime Minister announced a new policy at an election rally. The proposal will be discussed by elected representatives. The decision is expected to become an important public issue.,Political
2884,"In a latest development, investigators launched an investigation following an arrest. Police said the investigation is continuing. Investigators are examining evidence and questioning people connected with the case.",Crime
2885,"In the latest update, SpaceX prepared astronauts for a mission during a rocket launch. Scientists said the observations could improve understanding of the universe. The mission is expected to provide valuable scientific data.",Space
2886,"In the latest update, the cyber crime unit examined CCTV footage following an arrest. Police said the investigation is continuing. Investigators are examining evidence and questioning people connected with the case.",Crime
2887,Officials said NASA scientists launched a spacecraft during a space mission. Scientists said the observations could improve understanding of the universe. The mission is expected to provide valuable scientific data.,Space
2888,New information shows that forensic investigators examined CCTV footage after a robbery was reported. Police said the investigation is continuing. Investigators are examining evidence and questioning people connected with the case.,Crime
2889,"According to a new report, environmental scientists examined soil distribution across southern India. Researchers said the findings could help regional planning. Scientists used maps and field observations for the analysis.",Geography
2890,Officials said Deepika Padukone revealed the first look for the upcoming Tamil film. The announcement generated strong interest among movie audiences. Fans discussed the trailer and upcoming release.,Cinema
2891,Officials said Virat Kohli set a new record during an international football match. The coach praised the player's fitness and tactical performance. Fans discussed the result after the final whistle.,Sports
2892,New information shows that political leaders reviewed government programmes during a parliamentary session. The proposal will be discussed by elected representatives. The decision is expected to become an important public issue.,Political
2893,Officials said the cyber crime unit examined CCTV footage after a robbery was reported. Police said the investigation is continuing. Investigators are examining evidence and questioning people connected with the case.,Crime
2894,Officials said the cabinet reviewed government programmes during a parliamentary session. The proposal will be discussed by elected representatives. The decision is expected to become an important public issue.,Political
2895,New information shows that Virat Kohli set a new record during an international football match. The coach praised the player's fitness and tactical performance. Fans discussed the result after the final whistle.,Sports
2896,Officials said Rajinikanth shared details about the screenplay for the upcoming Tamil film. The announcement generated strong interest among movie audiences. Fans discussed the trailer and upcoming release.,Cinema
2897,"In the latest update, security officers recovered stolen property following an arrest. Police said the investigation is continuing. Investigators are examining evidence and questioning people connected with the case.",Crime
2898,New information shows that the river basin study team mapped a river basin across southern India. Researchers said the findings could help regional planning. Scientists used maps and field observations for the analysis.,Geography
2899,"In the latest update, SpaceX engineers announced a lunar mission during a rocket launch. Scientists said the observations could improve understanding of the universe. The mission is expected to provide valuable scientific data.",Space
2900,"In the latest update, the Parliament presented a budget proposal at an election rally. The proposal will be discussed by elected representatives. The decision is expected to become an important public issue.",Political
2901,"According to a new report, detectives uncovered a fraud operation after a robbery was reported. Police said the investigation is continuing. Investigators are examining evidence and questioning people connected with the case.",Crime
2902,A recent report said detectives uncovered a fraud operation following an arrest. Police said the investigation is continuing. Investigators are examining evidence and questioning people connected with the case.,Crime
2903,"In the latest update, Mumbai Indians was selected for the squad after a closely fought contest. The coach praised the player's fitness and tactical performance. Fans discussed the result after the final whistle.",Sports
2904,"In a latest development, Jude Bellingham scored a decisive goal after a closely fought contest. The coach praised the player's fitness and tactical performance. Fans discussed the result after the final whistle.",Sports
2905,A recent report said Neeraj Chopra was selected for the squad after a closely fought contest. The coach praised the player's fitness and tactical performance. Fans discussed the result after the final whistle.,Sports
2906,New information shows that Deepika Padukone announced a new movie for the upcoming Tamil film. The announcement generated strong interest among movie audiences. Fans discussed the trailer and upcoming release.,Cinema
2907,"In the latest update, the prosecution uncovered a fraud operation following an arrest. Police said the investigation is continuing. Investigators are examining evidence and questioning people connected with the case.",Crime
2908,New information shows that ISRO announced a lunar mission during a space mission. Scientists said the observations could improve understanding of the universe. The mission is expected to provide valuable scientific data.,Space
2909,"In the latest update, the European Space Agency studied an asteroid during a rocket launch. Scientists said the observations could improve understanding of the universe. The mission is expected to provide valuable scientific data.",Space
2910,"In the latest update, the cabinet reviewed government programmes at an election rally. The proposal will be discussed by elected representatives. The decision is expected to become an important public issue.",Political
2911,"In a latest development, Neeraj Chopra was selected for the squad after a closely fought contest. The coach praised the player's fitness and tactical performance. Fans discussed the result after the final whistle.",Sports
2912,"In a latest development, the state government discussed bilateral relations at an election rally. The proposal will be discussed by elected representatives. The decision is expected to become an important public issue.",Political
2913,A recent report said geographers mapped a river basin in a rapidly growing city. Researchers said the findings could help regional planning. Scientists used maps and field observations for the analysis.,Geography
2914,"According to a new report, the local police department launched an investigation after a robbery was reported. Police said the investigation is continuing. Investigators are examining evidence and questioning people connected with the case.",Crime
2915,"In the latest update, security officers recovered stolen property following an arrest. Police said the investigation is continuing. Investigators are examining evidence and questioning people connected with the case.",Crime
2916,A recent report said Neeraj Chopra was selected for the squad after a closely fought contest. The coach praised the player's fitness and tactical performance. Fans discussed the result after the final whistle.,Sports
2917,New information shows that MS Dhoni was selected for the squad during an international football match. The coach praised the player's fitness and tactical performance. Fans discussed the result after the final whistle.,Sports
2918,"According to a new report, ESA completed a spaceflight test during a space mission. Scientists said the observations could improve understanding of the universe. The mission is expected to provide valuable scientific data.",Space
2919,"In the latest update, the European Space Agency studied an asteroid during a rocket launch. Scientists said the observations could improve understanding of the universe. The mission is expected to provide valuable scientific data.",Space
2920,"In the latest update, Mani Ratnam announced a new movie at the audio launch. The announcement generated strong interest among movie audiences. Fans discussed the trailer and upcoming release.",Cinema
2921,Officials said the geographical survey team studied land use patterns across southern India. Researchers said the findings could help regional planning. Scientists used maps and field observations for the analysis.,Geography
2922,"In a latest development, court officials uncovered a fraud operation following an arrest. Police said the investigation is continuing. Investigators are examining evidence and questioning people connected with the case.",Crime
2923,"In a latest development, the Himalayan research group studied land use patterns in a rapidly growing city. Researchers said the findings could help regional planning. Scientists used maps and field observations for the analysis.",Geography
2924,"According to a new report, environmental scientists examined soil distribution across southern India. Researchers said the findings could help regional planning. Scientists used maps and field observations for the analysis.",Geography
2925,Officials said Carlos Alcaraz signed a new contract during an international football match. The coach praised the player's fitness and tactical performance. Fans discussed the result after the final whistle.,Sports
2926,New information shows that investigators launched an investigation after a robbery was reported. Police said the investigation is continuing. Investigators are examining evidence and questioning people connected with the case.,Crime
2927,"In the latest update, NASA scientists launched a spacecraft during a rocket launch. Scientists said the observations could improve understanding of the universe. The mission is expected to provide valuable scientific data.",Space
2928,New information shows that Chennai Super Kings signed a new contract during an international football match. The coach praised the player's fitness and tactical performance. Fans discussed the result after the final whistle.,Sports
2929,"According to a new report, NASA launched a spacecraft during a space mission. Scientists said the observations could improve understanding of the universe. The mission is expected to provide valuable scientific data.",Space
2930,New information shows that Real Madrid was selected for the squad during an international football match. The coach praised the player's fitness and tactical performance. Fans discussed the result after the final whistle.,Sports
2931,Officials said the opposition party announced a new policy during a parliamentary session. The proposal will be discussed by elected representatives. The decision is expected to become an important public issue.,Political
2932,Officials said mapping experts mapped a river basin across southern India. Researchers said the findings could help regional planning. Scientists used maps and field observations for the analysis.,Geography
2933,"In a latest development, forensic investigators examined CCTV footage following an arrest. Police said the investigation is continuing. Investigators are examining evidence and questioning people connected with the case.",Crime
2934,"According to a new report, the Mars exploration team studied an asteroid during a space mission. Scientists said the observations could improve understanding of the universe. The mission is expected to provide valuable scientific data.",Space
2935,Officials said the foreign minister discussed bilateral relations during a parliamentary session. The proposal will be discussed by elected representatives. The decision is expected to become an important public issue.,Political
2936,"According to a new report, Indian space scientists announced a lunar mission during a space mission. Scientists said the observations could improve understanding of the universe. The mission is expected to provide valuable scientific data.",Space
2937,"In a latest development, Nayanthara received praise for the performance at the audio launch. The announcement generated strong interest among movie audiences. Fans discussed the trailer and upcoming release.",Cinema
2938,Officials said Ajith Kumar announced a new movie for the upcoming Tamil film. The announcement generated strong interest among movie audiences. Fans discussed the trailer and upcoming release.,Cinema
2939,"In the latest update, earth scientists examined coastal changes in a rapidly growing city. Researchers said the findings could help regional planning. Scientists used maps and field observations for the analysis.",Geography
2940,"In a latest development, Mumbai Indians was selected for the squad after a closely fought contest. The coach praised the player's fitness and tactical performance. Fans discussed the result after the final whistle.",Sports
2941,A recent report said Manchester City scored a decisive goal after a closely fought contest. The coach praised the player's fitness and tactical performance. Fans discussed the result after the final whistle.,Sports
2942,"In a latest development, court officials uncovered a fraud operation following an arrest. Police said the investigation is continuing. Investigators are examining evidence and questioning people connected with the case.",Crime
2943,New information shows that the state government discussed bilateral relations during a parliamentary session. The proposal will be discussed by elected representatives. The decision is expected to become an important public issue.,Political
2944,New information shows that the state government discussed bilateral relations during a parliamentary session. The proposal will be discussed by elected representatives. The decision is expected to become an important public issue.,Political
2945,New information shows that forensic investigators examined CCTV footage after a robbery was reported. Police said the investigation is continuing. Investigators are examining evidence and questioning people connected with the case.,Crime
2946,"In the latest update, earth scientists examined coastal changes in a rapidly growing city. Researchers said the findings could help regional planning. Scientists used maps and field observations for the analysis.",Geography
2947,"In the latest update, Jude Bellingham scored a decisive goal after a closely fought contest. The coach praised the player's fitness and tactical performance. Fans discussed the result after the final whistle.",Sports
2948,"According to a new report, investigators examined CCTV footage after a robbery was reported. Police said the investigation is continuing. Investigators are examining evidence and questioning people connected with the case.",Crime
2949,"In a latest development, Arsenal signed a new contract after a closely fought contest. The coach praised the player's fitness and tactical performance. Fans discussed the result after the final whistle.",Sports
2950,"In a latest development, Mumbai Indians was selected for the squad after a closely fought contest. The coach praised the player's fitness and tactical performance. Fans discussed the result after the final whistle.",Sports
2951,"In the latest update, the anti-narcotics team arrested a suspect following an arrest. Police said the investigation is continuing. Investigators are examining evidence and questioning people connected with the case.",Crime
2952,A recent report said LeBron James recorded a century after a closely fought contest. The coach praised the player's fitness and tactical performance. Fans discussed the result after the final whistle.,Sports
2953,New information shows that the James Webb Space Telescope studied an asteroid during a space mission. Scientists said the observations could improve understanding of the universe. The mission is expected to provide valuable scientific data.,Space
2954,"In the latest update, customs officials launched an investigation following an arrest. Police said the investigation is continuing. Investigators are examining evidence and questioning people connected with the case.",Crime
2955,"In a latest development, court officials uncovered a fraud operation following an arrest. Police said the investigation is continuing. Investigators are examining evidence and questioning people connected with the case.",Crime
2956,"In a latest development, Aamir Khan received praise for the performance at the audio launch. The announcement generated strong interest among movie audiences. Fans discussed the trailer and upcoming release.",Cinema
2957,"In the latest update, cartographers analyzed geographic features in a rapidly growing city. Researchers said the findings could help regional planning. Scientists used maps and field observations for the analysis.",Geography
2958,New information shows that Stephen Curry set a new record during an international football match. The coach praised the player's fitness and tactical performance. Fans discussed the result after the final whistle.,Sports
2959,A recent report said Prabhas promoted the upcoming movie at the audio launch. The announcement generated strong interest among movie audiences. Fans discussed the trailer and upcoming release.,Cinema
2960,"In a latest development, the legislative assembly announced a new policy at an election rally. The proposal will be discussed by elected representatives. The decision is expected to become an important public issue.",Political
2961,New information shows that Dhanush promoted the upcoming movie for the upcoming Tamil film. The announcement generated strong interest among movie audiences. Fans discussed the trailer and upcoming release.,Cinema
2962,"In the latest update, security officers recovered stolen property following an arrest. Police said the investigation is continuing. Investigators are examining evidence and questioning people connected with the case.",Crime
2963,Officials said India cricket team recorded a century during an international football match. The coach praised the player's fitness and tactical performance. Fans discussed the result after the final whistle.,Sports
2964,A recent report said detectives uncovered a fraud operation following an arrest. Police said the investigation is continuing. Investigators are examining evidence and questioning people connected with the case.,Crime
2965,Officials said Deepika Padukone received praise for the performance for the upcoming Tamil film. The announcement generated strong interest among movie audiences. Fans discussed the trailer and upcoming release.,Cinema
2966,"In a latest development, the James Webb Space Telescope studied an asteroid during a rocket launch. Scientists said the observations could improve understanding of the universe. The mission is expected to provide valuable scientific data.",Space
2967,New information shows that the legislative assembly announced a new policy during a parliamentary session. The proposal will be discussed by elected representatives. The decision is expected to become an important public issue.,Political
2968,"In the latest update, the cyber crime unit examined CCTV footage following an arrest. Police said the investigation is continuing. Investigators are examining evidence and questioning people connected with the case.",Crime
2969,"In the latest update, earth scientists examined coastal changes in a rapidly growing city. Researchers said the findings could help regional planning. Scientists used maps and field observations for the analysis.",Geography
2970,A recent report said Lionel Messi recorded a century after a closely fought contest. The coach praised the player's fitness and tactical performance. Fans discussed the result after the final whistle.,Sports
2971,New information shows that the film production team revealed the first look for the upcoming Tamil film. The announcement generated strong interest among movie audiences. Fans discussed the trailer and upcoming release.,Cinema
2972,"In the latest update, NASA scientists launched a spacecraft during a rocket launch. Scientists said the observations could improve understanding of the universe. The mission is expected to provide valuable scientific data.",Space
2973,New information shows that Rajinikanth received praise for the performance for the upcoming Tamil film. The announcement generated strong interest among movie audiences. Fans discussed the trailer and upcoming release.,Cinema
2974,New information shows that Dhanush shared details about the screenplay for the upcoming Tamil film. The announcement generated strong interest among movie audiences. Fans discussed the trailer and upcoming release.,Cinema
2975,"In the latest update, customs officials launched an investigation following an arrest. Police said the investigation is continuing. Investigators are examining evidence and questioning people connected with the case.",Crime
2976,"In a latest development, law enforcement officials recovered stolen property following an arrest. Police said the investigation is continuing. Investigators are examining evidence and questioning people connected with the case.",Crime
2977,"According to a new report, detectives uncovered a fraud operation after a robbery was reported. Police said the investigation is continuing. Investigators are examining evidence and questioning people connected with the case.",Crime
2978,New information shows that researchers analyzed geographic features across southern India. Researchers said the findings could help regional planning. Scientists used maps and field observations for the analysis.,Geography
2979,A recent report said Brazil football team set a new record after a closely fought contest. The coach praised the player's fitness and tactical performance. Fans discussed the result after the final whistle.,Sports
2980,Officials said the election campaign addressed parliament during a parliamentary session. The proposal will be discussed by elected representatives. The decision is expected to become an important public issue.,Political
2981,A recent report said the Election Commission reviewed government programmes at an election rally. The proposal will be discussed by elected representatives. The decision is expected to become an important public issue.,Political
2982,A recent report said the district police recovered stolen property following an arrest. Police said the investigation is continuing. Investigators are examining evidence and questioning people connected with the case.,Crime
2983,"According to a new report, the coastal research team examined coastal changes across southern India. Researchers said the findings could help regional planning. Scientists used maps and field observations for the analysis.",Geography
2984,"In the latest update, urban planners examined soil distribution in a rapidly growing city. Researchers said the findings could help regional planning. Scientists used maps and field observations for the analysis.",Geography
2985,A recent report said the ruling party addressed parliament at an election rally. The proposal will be discussed by elected representatives. The decision is expected to become an important public issue.,Political
2986,New information shows that the climate monitoring team examined soil distribution across southern India. Researchers said the findings could help regional planning. Scientists used maps and field observations for the analysis.,Geography
2987,A recent report said the local police department launched an investigation following an arrest. Police said the investigation is continuing. Investigators are examining evidence and questioning people connected with the case.,Crime
2988,"In a latest development, the river basin study team mapped a river basin in a rapidly growing city. Researchers said the findings could help regional planning. Scientists used maps and field observations for the analysis.",Geography
2989,"According to a new report, Chennai Super Kings signed a new contract during an international football match. The coach praised the player's fitness and tactical performance. Fans discussed the result after the final whistle.",Sports
2990,New information shows that the river basin study team mapped a river basin across southern India. Researchers said the findings could help regional planning. Scientists used maps and field observations for the analysis.,Geography
2991,New information shows that Carlos Alcaraz signed a new contract during an international football match. The coach praised the player's fitness and tactical performance. Fans discussed the result after the final whistle.,Sports
2992,A recent report said Aamir Khan promoted the upcoming movie at the audio launch. The announcement generated strong interest among movie audiences. Fans discussed the trailer and upcoming release.,Cinema
2993,A recent report said the district police recovered stolen property following an arrest. Police said the investigation is continuing. Investigators are examining evidence and questioning people connected with the case.,Crime
2994,Officials said earth scientists examined coastal changes across southern India. Researchers said the findings could help regional planning. Scientists used maps and field observations for the analysis.,Geography
2995,"In the latest update, Vijay announced a new movie at the audio launch. The announcement generated strong interest among movie audiences. Fans discussed the trailer and upcoming release.",Cinema
2996,A recent report said Indian space scientists announced a lunar mission during a rocket launch. Scientists said the observations could improve understanding of the universe. The mission is expected to provide valuable scientific data.,Space
2997,"In the latest update, NASA scientists launched a spacecraft during a rocket launch. Scientists said the observations could improve understanding of the universe. The mission is expected to provide valuable scientific data.",Space
2998,Officials said the Parliament presented a budget proposal during a parliamentary session. The proposal will be discussed by elected representatives. The decision is expected to become an important public issue.,Political
2999,"According to a new report, members of parliament discussed bilateral relations during a parliamentary session. The proposal will be discussed by elected representatives. The decision is expected to become an important public issue.",Political
3000,"In the latest update, NASA scientists launched a spacecraft during a rocket launch. Scientists said the observations could improve understanding of the universe. The mission is expected to provide valuable scientific data.",Space
