article,category
"You are selected for a special bonus, claim today. Really helpful.",Spam
"This made my day, fantastic content! Hope this helps.",Positive
There are many problems with the way this was explained. Just my opinion.,Negative
I enjoyed reading the comments on this post.,Normal
This content is frustrating to read. Sharing my thoughts here.,Negative
The post did not meet my expectations. What do you think?,Negative
"Earn money fast from home, message me for details. Good information.",Spam
"Brilliant explanation, keep up the great work. What do you think?",Positive
Does anyone know where I can find more information? Really helpful.,Question
I strongly disagree with this and found it unhelpful. Sharing my thoughts here.,Negative
Really appreciate the effort behind this post. This is worth discussing.,Positive
Can you share more details about this? Thanks for sharing.,Question
It might help to include a step by step guide. I wanted to mention this.,Suggestion
Does anyone know where I can find more information? Thanks for sharing.,Question
One of the best posts I have seen today.,Positive
Thanks for sharing this information with everyone. Just my opinion.,Normal
Adding an FAQ section would make this more useful. I wanted to mention this.,Suggestion
"Make huge money quickly, contact us now. Thanks for sharing.",Spam
"Congratulations! You have won a free prize, click now. Just my opinion.",Spam
This explanation is confusing and poorly presented. Thanks for sharing.,Negative
I expected better information from this page. Thanks for sharing.,Negative
The information here is disappointing and unclear. Thanks for sharing.,Negative
Win cash instantly by registering through this offer. Sharing my thoughts here.,Spam
This content is frustrating to read. I wanted to mention this.,Negative
I expected better information from this page. This is worth discussing.,Negative
How can I learn more about this topic? Sharing my thoughts here.,Question
"This is fantastic, you did a wonderful job. Sharing my thoughts here.",Positive
How can I learn more about this topic? Hope this helps.,Question
Win cash instantly by registering through this offer. Sharing my thoughts here.,Spam
I really enjoyed this post and found it useful. Just my opinion.,Normal
"Brilliant explanation, keep up the great work. Thanks for sharing.",Positive
Maybe you could add a short video explaining this. Just my opinion.,Suggestion
Does anyone know where I can find more information?,Question
This was interesting to read and easy to understand. This is worth discussing.,Normal
I agree with your point and appreciate the explanation. Really helpful.,Normal
I suggest improving the design of the post. Really helpful.,Suggestion
This was not useful and could have been much better.,Negative
Adding an FAQ section would make this more useful. Good information.,Suggestion
Thanks for sharing this information with everyone. Really helpful.,Normal
Can someone tell me when this will be available? Good information.,Question
Super helpful and beautifully explained. Good information.,Positive
This content was helpful and informative. This is worth discussing.,Normal
Exclusive deal! Click the link to receive your free reward. What do you think?,Spam
Can you share more details about this? Sharing my thoughts here.,Question
Limited offer! Claim your reward immediately using this link. What do you think?,Spam
The post did not meet my expectations. Just my opinion.,Negative
I enjoyed reading the comments on this post. Thanks for sharing.,Normal
"Free coupon available today, claim before it expires. Just my opinion.",Spam
I enjoyed reading the comments on this post. Just my opinion.,Normal
Win cash instantly by registering through this offer.,Spam
"Excellent work, this is really impressive. What do you think?",Positive
There are many problems with the way this was explained. Hope this helps.,Negative
Maybe you could add a short video explaining this. Hope this helps.,Suggestion
I strongly disagree with this and found it unhelpful. Just my opinion.,Negative
What do you think about this update? Good information.,Question
You could add more examples to make this easier to understand. Hope this helps.,Suggestion
Can someone tell me when this will be available? What do you think?,Question
I am disappointed with the quality of this content. Thanks for sharing.,Negative
I suggest giving a few practical examples. Thanks for sharing.,Suggestion
Adding an FAQ section would make this more useful.,Suggestion
It might help to include a step by step guide. This is worth discussing.,Suggestion
This was interesting to read and easy to understand. Hope this helps.,Normal
You should consider adding subtitles to the video. This is worth discussing.,Suggestion
Looking forward to seeing what you share next. This is worth discussing.,Normal
Looking forward to seeing what you share next. This is worth discussing.,Normal
I expected better information from this page.,Negative
Congratulations winner! Send your details to receive the prize. Sharing my thoughts here.,Spam
This content was helpful and informative. I wanted to mention this.,Normal
Can you explain how this works? Hope this helps.,Question
I strongly disagree with this and found it unhelpful. Good information.,Negative
I recommend providing the source for this information. Really helpful.,Suggestion
You should consider adding subtitles to the video. Thanks for sharing.,Suggestion
Has anyone tried this before? What do you think?,Question
"Get free gifts now, visit our website immediately. Hope this helps.",Spam
It might help to include a step by step guide. Hope this helps.,Suggestion
Can someone tell me when this will be available? This is worth discussing.,Question
Can someone tell me when this will be available?,Question
The post did not meet my expectations. Thanks for sharing.,Negative
Super helpful and beautifully explained. I wanted to mention this.,Positive
Has anyone tried this before? Good information.,Question
Adding an FAQ section would make this more useful. Good information.,Suggestion
I enjoyed reading the comments on this post. Hope this helps.,Normal
One of the best posts I have seen today. I wanted to mention this.,Positive
The information here is disappointing and unclear. What do you think?,Negative
I enjoyed reading the comments on this post. Thanks for sharing.,Normal
The information here is disappointing and unclear. Sharing my thoughts here.,Negative
I suggest giving a few practical examples. Hope this helps.,Suggestion
Has anyone tried this before? Hope this helps.,Question
This explanation is confusing and poorly presented. Sharing my thoughts here.,Negative
Amazing quality and very useful information. This is worth discussing.,Positive
Limited offer! Claim your reward immediately using this link. Just my opinion.,Spam
This was interesting to read and easy to understand.,Normal
Congratulations winner! Send your details to receive the prize. Just my opinion.,Spam
"Free coupon available today, claim before it expires. Good information.",Spam
I really enjoyed this post and found it useful.,Normal
This explanation is confusing and poorly presented. Just my opinion.,Negative
"Congratulations! You have won a free prize, click now. I wanted to mention this.",Spam
"Make huge money quickly, contact us now. I wanted to mention this.",Spam
Can you share more details about this? Good information.,Question
I suggest giving a few practical examples. Good information.,Suggestion
Win cash instantly by registering through this offer. Just my opinion.,Spam
Can you share more details about this? What do you think?,Question
How can I learn more about this topic? What do you think?,Question
The information here is disappointing and unclear. Sharing my thoughts here.,Negative
Really appreciate the effort behind this post. Sharing my thoughts here.,Positive
"This is a nice update, looking forward to more posts like this. Sharing my thoughts here.",Normal
What do you think about this update? Thanks for sharing.,Question
Can you explain how this works? What do you think?,Question
Really appreciate the effort behind this post. Hope this helps.,Positive
I expected better information from this page. Good information.,Negative
I suggest improving the design of the post. Good information.,Suggestion
Maybe you could add a short video explaining this. Hope this helps.,Suggestion
I strongly disagree with this and found it unhelpful. Sharing my thoughts here.,Negative
Amazing quality and very useful information. Thanks for sharing.,Positive
"Make huge money quickly, contact us now. This is worth discussing.",Spam
Super helpful and beautifully explained. Hope this helps.,Positive
I expected better information from this page. What do you think?,Negative
Exclusive deal! Click the link to receive your free reward. Thanks for sharing.,Spam
Hope everyone is having a good day. Just my opinion.,Normal
Limited offer! Claim your reward immediately using this link. This is worth discussing.,Spam
This was interesting to read and easy to understand. Thanks for sharing.,Normal
Can you share more details about this? Hope this helps.,Question
I strongly disagree with this and found it unhelpful.,Negative
What do you think about this update? Good information.,Question
"Excellent work, this is really impressive. Sharing my thoughts here.",Positive
"This made my day, fantastic content! Good information.",Positive
Where can I get the original source? Hope this helps.,Question
What do you think about this update? What do you think?,Question
Maybe you could add a short video explaining this. What do you think?,Suggestion
Is this information still valid today? Hope this helps.,Question
Looking forward to seeing what you share next. Sharing my thoughts here.,Normal
Congratulations winner! Send your details to receive the prize. Just my opinion.,Spam
I am disappointed with the quality of this content. Just my opinion.,Negative
Super helpful and beautifully explained. Just my opinion.,Positive
What do you think about this update? Good information.,Question
Has anyone tried this before? I wanted to mention this.,Question
"This is fantastic, you did a wonderful job. What do you think?",Positive
Thanks for sharing this information with everyone.,Normal
How can I learn more about this topic? I wanted to mention this.,Question
"Make huge money quickly, contact us now. Hope this helps.",Spam
Maybe you could add a short video explaining this. I wanted to mention this.,Suggestion
I suggest improving the design of the post. Good information.,Suggestion
Amazing quality and very useful information. What do you think?,Positive
I agree with your point and appreciate the explanation. What do you think?,Normal
Can you share more details about this?,Question
"Great post, I learned something new today. Really helpful.",Normal
I am disappointed with the quality of this content.,Negative
Really appreciate the effort behind this post.,Positive
"This made my day, fantastic content! This is worth discussing.",Positive
This was interesting to read and easy to understand. What do you think?,Normal
It might help to include a step by step guide. This is worth discussing.,Suggestion
Where can I get the original source? This is worth discussing.,Question
Exclusive deal! Click the link to receive your free reward. What do you think?,Spam
You could improve the formatting for mobile users. Hope this helps.,Suggestion
I agree with your point and appreciate the explanation. Hope this helps.,Normal
Win cash instantly by registering through this offer. What do you think?,Spam
I am disappointed with the quality of this content. Just my opinion.,Negative
Thanks for sharing this information with everyone. Hope this helps.,Normal
"Absolutely loved this, such an amazing post! What do you think?",Positive
I strongly disagree with this and found it unhelpful. I wanted to mention this.,Negative
Amazing quality and very useful information.,Positive
Congratulations winner! Send your details to receive the prize. Hope this helps.,Spam
This content was helpful and informative. Really helpful.,Normal
Is this information still valid today? This is worth discussing.,Question
Maybe you could add a short video explaining this.,Suggestion
What do you think about this update? Just my opinion.,Question
The information here is disappointing and unclear. Just my opinion.,Negative
I enjoyed reading the comments on this post. Thanks for sharing.,Normal
Amazing quality and very useful information. Good information.,Positive
It might help to include a step by step guide. Hope this helps.,Suggestion
There are many problems with the way this was explained. This is worth discussing.,Negative
This content is frustrating to read. Sharing my thoughts here.,Negative
I strongly disagree with this and found it unhelpful.,Negative
This content is frustrating to read. This is worth discussing.,Negative
I suggest giving a few practical examples. Hope this helps.,Suggestion
This was interesting to read and easy to understand. Just my opinion.,Normal
You should consider adding subtitles to the video. I wanted to mention this.,Suggestion
Can someone tell me when this will be available? This is worth discussing.,Question
Has anyone tried this before? Really helpful.,Question
"This is a nice update, looking forward to more posts like this. Good information.",Normal
You could add more examples to make this easier to understand. Just my opinion.,Suggestion
Thanks for sharing this information with everyone. Hope this helps.,Normal
I strongly disagree with this and found it unhelpful. Just my opinion.,Negative
I recommend providing the source for this information. Sharing my thoughts here.,Suggestion
I really enjoyed this post and found it useful. What do you think?,Normal
"You are selected for a special bonus, claim today. Good information.",Spam
Can someone tell me when this will be available? I wanted to mention this.,Question
This content was helpful and informative. Sharing my thoughts here.,Normal
"This is fantastic, you did a wonderful job. This is worth discussing.",Positive
Looking forward to seeing what you share next. Just my opinion.,Normal
Thanks for sharing this information with everyone. Just my opinion.,Normal
You could improve the formatting for mobile users. Hope this helps.,Suggestion
Win cash instantly by registering through this offer.,Spam
You could improve the formatting for mobile users. Good information.,Suggestion
Limited offer! Claim your reward immediately using this link. Really helpful.,Spam
The information here is disappointing and unclear. This is worth discussing.,Negative
It would be better if you included more details. This is worth discussing.,Suggestion
Limited offer! Claim your reward immediately using this link. Good information.,Spam
The post did not meet my expectations. This is worth discussing.,Negative
Where can I get the original source? Good information.,Question
You could add more examples to make this easier to understand.,Suggestion
Adding an FAQ section would make this more useful.,Suggestion
You could improve the formatting for mobile users. What do you think?,Suggestion
This was interesting to read and easy to understand. Really helpful.,Normal
I suggest giving a few practical examples. This is worth discussing.,Suggestion
Can you explain how this works? Just my opinion.,Question
I agree with your point and appreciate the explanation. What do you think?,Normal
I agree with your point and appreciate the explanation. Really helpful.,Normal
One of the best posts I have seen today. This is worth discussing.,Positive
"Brilliant explanation, keep up the great work. Good information.",Positive
I agree with your point and appreciate the explanation. Just my opinion.,Normal
It might help to include a step by step guide. Really helpful.,Suggestion
I suggest giving a few practical examples. Good information.,Suggestion
This content was helpful and informative. Good information.,Normal
Amazing quality and very useful information. This is worth discussing.,Positive
It might help to include a step by step guide. Just my opinion.,Suggestion
"Earn money fast from home, message me for details. I wanted to mention this.",Spam
"Earn money fast from home, message me for details. I wanted to mention this.",Spam
Hope everyone is having a good day.,Normal
There are many problems with the way this was explained. Thanks for sharing.,Negative
"Earn money fast from home, message me for details. Thanks for sharing.",Spam
There are many problems with the way this was explained. Sharing my thoughts here.,Negative
"Congratulations! You have won a free prize, click now. I wanted to mention this.",Spam
I expected better information from this page. Sharing my thoughts here.,Negative
I recommend providing the source for this information. Really helpful.,Suggestion
I recommend providing the source for this information. Sharing my thoughts here.,Suggestion
It might help to include a step by step guide. What do you think?,Suggestion
Really appreciate the effort behind this post. Thanks for sharing.,Positive
I suggest improving the design of the post. Just my opinion.,Suggestion
One of the best posts I have seen today. Good information.,Positive
This content was helpful and informative. Hope this helps.,Normal
What do you think about this update? I wanted to mention this.,Question
Why did this happen? Thanks for sharing.,Question
Where can I get the original source? I wanted to mention this.,Question
What do you think about this update? Really helpful.,Question
Can you share more details about this? Really helpful.,Question
I really enjoyed this post and found it useful. What do you think?,Normal
This was interesting to read and easy to understand. Sharing my thoughts here.,Normal
You could improve the formatting for mobile users. Just my opinion.,Suggestion
"You are selected for a special bonus, claim today. Sharing my thoughts here.",Spam
Is this information still valid today? Thanks for sharing.,Question
I suggest giving a few practical examples. Really helpful.,Suggestion
Can you explain how this works? Really helpful.,Question
Limited offer! Claim your reward immediately using this link. Hope this helps.,Spam
"Congratulations! You have won a free prize, click now. Hope this helps.",Spam
I strongly disagree with this and found it unhelpful. This is worth discussing.,Negative
I am disappointed with the quality of this content. This is worth discussing.,Negative
There are many problems with the way this was explained. Hope this helps.,Negative
I did not like this post at all. Really helpful.,Negative
This was interesting to read and easy to understand. Sharing my thoughts here.,Normal
Does anyone know where I can find more information? Hope this helps.,Question
"Free coupon available today, claim before it expires. Sharing my thoughts here.",Spam
Really appreciate the effort behind this post. Sharing my thoughts here.,Positive
"Earn money fast from home, message me for details. I wanted to mention this.",Spam
You could improve the formatting for mobile users.,Suggestion
It might help to include a step by step guide. This is worth discussing.,Suggestion
"Make huge money quickly, contact us now. Good information.",Spam
Amazing quality and very useful information. What do you think?,Positive
Is this information still valid today? Just my opinion.,Question
How can I learn more about this topic? Thanks for sharing.,Question
I completely loved the way you presented this.,Positive
Looking forward to seeing what you share next. What do you think?,Normal
"Get free gifts now, visit our website immediately. I wanted to mention this.",Spam
"Earn money fast from home, message me for details. Good information.",Spam
This was interesting to read and easy to understand. Just my opinion.,Normal
"Get free gifts now, visit our website immediately.",Spam
I suggest improving the design of the post. Really helpful.,Suggestion
"Earn money fast from home, message me for details. Just my opinion.",Spam
This content was helpful and informative. Sharing my thoughts here.,Normal
"This made my day, fantastic content! Good information.",Positive
"Congratulations! You have won a free prize, click now. Thanks for sharing.",Spam
You should consider adding subtitles to the video. Really helpful.,Suggestion
There are many problems with the way this was explained. Sharing my thoughts here.,Negative
One of the best posts I have seen today. Good information.,Positive
This was interesting to read and easy to understand. Just my opinion.,Normal
I completely loved the way you presented this. What do you think?,Positive
Limited offer! Claim your reward immediately using this link. What do you think?,Spam
Adding an FAQ section would make this more useful. What do you think?,Suggestion
Limited offer! Claim your reward immediately using this link. Thanks for sharing.,Spam
I strongly disagree with this and found it unhelpful. Good information.,Negative
What do you think about this update? This is worth discussing.,Question
Limited offer! Claim your reward immediately using this link. Good information.,Spam
It might help to include a step by step guide. Really helpful.,Suggestion
What do you think about this update? I wanted to mention this.,Question
It would be better if you included more details. I wanted to mention this.,Suggestion
I suggest giving a few practical examples. Thanks for sharing.,Suggestion
Can you share more details about this? Really helpful.,Question
Maybe you could add a short video explaining this. I wanted to mention this.,Suggestion
I expected better information from this page. I wanted to mention this.,Negative
"Excellent work, this is really impressive. I wanted to mention this.",Positive
You could improve the formatting for mobile users. Hope this helps.,Suggestion
Win cash instantly by registering through this offer.,Spam
Amazing quality and very useful information. I wanted to mention this.,Positive
You could improve the formatting for mobile users. Just my opinion.,Suggestion
I suggest giving a few practical examples. Thanks for sharing.,Suggestion
Super helpful and beautifully explained. What do you think?,Positive
This was not useful and could have been much better. Sharing my thoughts here.,Negative
This content was helpful and informative. Hope this helps.,Normal
Why did this happen?,Question
Exclusive deal! Click the link to receive your free reward. Hope this helps.,Spam
What do you think about this update? Sharing my thoughts here.,Question
Why did this happen? Thanks for sharing.,Question
Does anyone know where I can find more information? What do you think?,Question
There are many problems with the way this was explained. What do you think?,Negative
Can you explain how this works? I wanted to mention this.,Question
Has anyone tried this before? Thanks for sharing.,Question
Hope everyone is having a good day. Hope this helps.,Normal
One of the best posts I have seen today.,Positive
This was interesting to read and easy to understand. What do you think?,Normal
Can you share more details about this? I wanted to mention this.,Question
"Earn money fast from home, message me for details.",Spam
Is this information still valid today?,Question
It would be better if you included more details. Thanks for sharing.,Suggestion
"Excellent work, this is really impressive. Really helpful.",Positive
Thanks for sharing this information with everyone. What do you think?,Normal
How can I learn more about this topic? Sharing my thoughts here.,Question
"Free coupon available today, claim before it expires. What do you think?",Spam
This explanation is confusing and poorly presented. Really helpful.,Negative
"Make huge money quickly, contact us now.",Spam
I am disappointed with the quality of this content. Really helpful.,Negative
I agree with your point and appreciate the explanation. What do you think?,Normal
Congratulations winner! Send your details to receive the prize. I wanted to mention this.,Spam
Exclusive deal! Click the link to receive your free reward. Sharing my thoughts here.,Spam
Looking forward to seeing what you share next. What do you think?,Normal
I suggest giving a few practical examples. Just my opinion.,Suggestion
Where can I get the original source? What do you think?,Question
Really appreciate the effort behind this post. Really helpful.,Positive
I strongly disagree with this and found it unhelpful. Just my opinion.,Negative
Why did this happen? Hope this helps.,Question
"Free coupon available today, claim before it expires. What do you think?",Spam
Why did this happen? Just my opinion.,Question
"Congratulations! You have won a free prize, click now. Just my opinion.",Spam
This content is frustrating to read. This is worth discussing.,Negative
Amazing quality and very useful information. This is worth discussing.,Positive
Exclusive deal! Click the link to receive your free reward. This is worth discussing.,Spam
The post did not meet my expectations. Good information.,Negative
Can you share more details about this? Good information.,Question
Can someone tell me when this will be available? I wanted to mention this.,Question
Can you explain how this works? I wanted to mention this.,Question
I completely loved the way you presented this. I wanted to mention this.,Positive
Adding an FAQ section would make this more useful. Really helpful.,Suggestion
Hope everyone is having a good day. Just my opinion.,Normal
You could improve the formatting for mobile users. Just my opinion.,Suggestion
The information here is disappointing and unclear. Thanks for sharing.,Negative
"This is a nice update, looking forward to more posts like this. This is worth discussing.",Normal
I did not like this post at all. Hope this helps.,Negative
This content is frustrating to read. Thanks for sharing.,Negative
The post did not meet my expectations. Hope this helps.,Negative
I agree with your point and appreciate the explanation. I wanted to mention this.,Normal
Super helpful and beautifully explained. Just my opinion.,Positive
Limited offer! Claim your reward immediately using this link. Thanks for sharing.,Spam
This was interesting to read and easy to understand. What do you think?,Normal
Really appreciate the effort behind this post. Sharing my thoughts here.,Positive
You should consider adding subtitles to the video. Good information.,Suggestion
"This is fantastic, you did a wonderful job. I wanted to mention this.",Positive
There are many problems with the way this was explained. What do you think?,Negative
"Brilliant explanation, keep up the great work. I wanted to mention this.",Positive
I recommend providing the source for this information. This is worth discussing.,Suggestion
The information here is disappointing and unclear. Hope this helps.,Negative
"Congratulations! You have won a free prize, click now. Hope this helps.",Spam
I suggest improving the design of the post. This is worth discussing.,Suggestion
Amazing quality and very useful information. Really helpful.,Positive
Super helpful and beautifully explained.,Positive
I recommend providing the source for this information. Sharing my thoughts here.,Suggestion
I agree with your point and appreciate the explanation. Just my opinion.,Normal
I really enjoyed this post and found it useful. Hope this helps.,Normal
This was not useful and could have been much better. Hope this helps.,Negative
"This made my day, fantastic content! Thanks for sharing.",Positive
"Excellent work, this is really impressive. Really helpful.",Positive
I strongly disagree with this and found it unhelpful. Sharing my thoughts here.,Negative
This content is frustrating to read. Thanks for sharing.,Negative
"Brilliant explanation, keep up the great work. This is worth discussing.",Positive
You could add more examples to make this easier to understand. I wanted to mention this.,Suggestion
Why did this happen? Good information.,Question
"Absolutely loved this, such an amazing post! Good information.",Positive
It might help to include a step by step guide. Good information.,Suggestion
The post did not meet my expectations. Sharing my thoughts here.,Negative
Can someone tell me when this will be available? Really helpful.,Question
I enjoyed reading the comments on this post. Sharing my thoughts here.,Normal
"This made my day, fantastic content! Really helpful.",Positive
Amazing quality and very useful information. Hope this helps.,Positive
Maybe you could add a short video explaining this.,Suggestion
The information here is disappointing and unclear. What do you think?,Negative
I recommend providing the source for this information. I wanted to mention this.,Suggestion
Looking forward to seeing what you share next. Hope this helps.,Normal
"You are selected for a special bonus, claim today. What do you think?",Spam
"This is fantastic, you did a wonderful job.",Positive
Maybe you could add a short video explaining this. Good information.,Suggestion
"Congratulations! You have won a free prize, click now. Just my opinion.",Spam
You could add more examples to make this easier to understand. This is worth discussing.,Suggestion
I am disappointed with the quality of this content. This is worth discussing.,Negative
Has anyone tried this before? Good information.,Question
Limited offer! Claim your reward immediately using this link.,Spam
"Get free gifts now, visit our website immediately. Good information.",Spam
Really appreciate the effort behind this post. This is worth discussing.,Positive
Adding an FAQ section would make this more useful. I wanted to mention this.,Suggestion
"Excellent work, this is really impressive. Thanks for sharing.",Positive
Thanks for sharing this information with everyone. This is worth discussing.,Normal
Why did this happen? Good information.,Question
"Excellent work, this is really impressive. Really helpful.",Positive
Super helpful and beautifully explained. Hope this helps.,Positive
I did not like this post at all. Sharing my thoughts here.,Negative
I completely loved the way you presented this. Just my opinion.,Positive
Does anyone know where I can find more information? Sharing my thoughts here.,Question
"Get free gifts now, visit our website immediately. Really helpful.",Spam
I did not like this post at all. Good information.,Negative
"Absolutely loved this, such an amazing post! Just my opinion.",Positive
Exclusive deal! Click the link to receive your free reward. Sharing my thoughts here.,Spam
Limited offer! Claim your reward immediately using this link. Sharing my thoughts here.,Spam
Hope everyone is having a good day. I wanted to mention this.,Normal
I enjoyed reading the comments on this post. Thanks for sharing.,Normal
Maybe you could add a short video explaining this. What do you think?,Suggestion
What do you think about this update? Sharing my thoughts here.,Question
I agree with your point and appreciate the explanation. Sharing my thoughts here.,Normal
I did not like this post at all.,Negative
The information here is disappointing and unclear.,Negative
You could improve the formatting for mobile users. Good information.,Suggestion
What do you think about this update? Really helpful.,Question
You could add more examples to make this easier to understand. Thanks for sharing.,Suggestion
Adding an FAQ section would make this more useful. Hope this helps.,Suggestion
You could add more examples to make this easier to understand. Hope this helps.,Suggestion
I enjoyed reading the comments on this post. Sharing my thoughts here.,Normal
"You are selected for a special bonus, claim today. Sharing my thoughts here.",Spam
One of the best posts I have seen today. Really helpful.,Positive
You could add more examples to make this easier to understand. Just my opinion.,Suggestion
"Free coupon available today, claim before it expires. Just my opinion.",Spam
I did not like this post at all. Hope this helps.,Negative
There are many problems with the way this was explained. What do you think?,Negative
"Brilliant explanation, keep up the great work. Just my opinion.",Positive
Limited offer! Claim your reward immediately using this link. Just my opinion.,Spam
I expected better information from this page. Good information.,Negative
One of the best posts I have seen today. This is worth discussing.,Positive
"Make huge money quickly, contact us now.",Spam
Where can I get the original source? Good information.,Question
I expected better information from this page. Really helpful.,Negative
Maybe you could add a short video explaining this. Really helpful.,Suggestion
Exclusive deal! Click the link to receive your free reward. Hope this helps.,Spam
"Earn money fast from home, message me for details. Sharing my thoughts here.",Spam
How can I learn more about this topic? Really helpful.,Question
Looking forward to seeing what you share next. Just my opinion.,Normal
Amazing quality and very useful information. Sharing my thoughts here.,Positive
Where can I get the original source? Hope this helps.,Question
Is this information still valid today? This is worth discussing.,Question
I strongly disagree with this and found it unhelpful. Thanks for sharing.,Negative
You could improve the formatting for mobile users. This is worth discussing.,Suggestion
Win cash instantly by registering through this offer. Good information.,Spam
Can you explain how this works? This is worth discussing.,Question
I completely loved the way you presented this. I wanted to mention this.,Positive
Hope everyone is having a good day. Hope this helps.,Normal
I agree with your point and appreciate the explanation. Hope this helps.,Normal
I am disappointed with the quality of this content. Sharing my thoughts here.,Negative
"Excellent work, this is really impressive. Good information.",Positive
Can you explain how this works? Really helpful.,Question
Adding an FAQ section would make this more useful.,Suggestion
"Excellent work, this is really impressive. I wanted to mention this.",Positive
Is this information still valid today? Just my opinion.,Question
I recommend providing the source for this information. Sharing my thoughts here.,Suggestion
"This made my day, fantastic content! Good information.",Positive
It might help to include a step by step guide. Just my opinion.,Suggestion
Amazing quality and very useful information. This is worth discussing.,Positive
I did not like this post at all. Good information.,Negative
Really appreciate the effort behind this post. Really helpful.,Positive
"Excellent work, this is really impressive. This is worth discussing.",Positive
"Excellent work, this is really impressive.",Positive
I strongly disagree with this and found it unhelpful. Good information.,Negative
"Free coupon available today, claim before it expires. Sharing my thoughts here.",Spam
"Free coupon available today, claim before it expires. I wanted to mention this.",Spam
You should consider adding subtitles to the video. Thanks for sharing.,Suggestion
"Brilliant explanation, keep up the great work. Good information.",Positive
Super helpful and beautifully explained. This is worth discussing.,Positive
I agree with your point and appreciate the explanation. Hope this helps.,Normal
I completely loved the way you presented this. Sharing my thoughts here.,Positive
Does anyone know where I can find more information? This is worth discussing.,Question
Adding an FAQ section would make this more useful.,Suggestion
Thanks for sharing this information with everyone. I wanted to mention this.,Normal
"Make huge money quickly, contact us now. I wanted to mention this.",Spam
I did not like this post at all. This is worth discussing.,Negative
It would be better if you included more details. I wanted to mention this.,Suggestion
"Brilliant explanation, keep up the great work.",Positive
Where can I get the original source? Really helpful.,Question
"Earn money fast from home, message me for details. Good information.",Spam
Can you share more details about this? Hope this helps.,Question
Exclusive deal! Click the link to receive your free reward. Really helpful.,Spam
Super helpful and beautifully explained. What do you think?,Positive
Can you explain how this works? Good information.,Question
I strongly disagree with this and found it unhelpful. What do you think?,Negative
Thanks for sharing this information with everyone.,Normal
Is this information still valid today? Sharing my thoughts here.,Question
"Earn money fast from home, message me for details. Thanks for sharing.",Spam
Limited offer! Claim your reward immediately using this link. Really helpful.,Spam
You should consider adding subtitles to the video. I wanted to mention this.,Suggestion
This explanation is confusing and poorly presented. Sharing my thoughts here.,Negative
Congratulations winner! Send your details to receive the prize.,Spam
"You are selected for a special bonus, claim today.",Spam
I completely loved the way you presented this. What do you think?,Positive
You could add more examples to make this easier to understand. Just my opinion.,Suggestion
I suggest improving the design of the post. This is worth discussing.,Suggestion
Super helpful and beautifully explained. What do you think?,Positive
I strongly disagree with this and found it unhelpful. Sharing my thoughts here.,Negative
I completely loved the way you presented this. Really helpful.,Positive
"Great post, I learned something new today. This is worth discussing.",Normal
"Excellent work, this is really impressive. Hope this helps.",Positive
I suggest improving the design of the post. Really helpful.,Suggestion
You could improve the formatting for mobile users.,Suggestion
"Brilliant explanation, keep up the great work. Sharing my thoughts here.",Positive
One of the best posts I have seen today. Good information.,Positive
There are many problems with the way this was explained. What do you think?,Negative
I am disappointed with the quality of this content. Just my opinion.,Negative
"Absolutely loved this, such an amazing post! Hope this helps.",Positive
"Excellent work, this is really impressive. Really helpful.",Positive
"Absolutely loved this, such an amazing post! Thanks for sharing.",Positive
"Earn money fast from home, message me for details. Hope this helps.",Spam
Exclusive deal! Click the link to receive your free reward. What do you think?,Spam
Win cash instantly by registering through this offer. Thanks for sharing.,Spam
"Free coupon available today, claim before it expires. Good information.",Spam
Maybe you could add a short video explaining this. I wanted to mention this.,Suggestion
Has anyone tried this before? What do you think?,Question
Can you share more details about this? What do you think?,Question
What do you think about this update? Good information.,Question
Thanks for sharing this information with everyone. This is worth discussing.,Normal
I completely loved the way you presented this. Sharing my thoughts here.,Positive
Why did this happen? Thanks for sharing.,Question
Why did this happen? Thanks for sharing.,Question
How can I learn more about this topic? This is worth discussing.,Question
"This is fantastic, you did a wonderful job. Just my opinion.",Positive
I strongly disagree with this and found it unhelpful. Sharing my thoughts here.,Negative
I completely loved the way you presented this. Sharing my thoughts here.,Positive
How can I learn more about this topic? Good information.,Question
"This made my day, fantastic content! Just my opinion.",Positive
How can I learn more about this topic? Hope this helps.,Question
Thanks for sharing this information with everyone. Just my opinion.,Normal
Exclusive deal! Click the link to receive your free reward. Thanks for sharing.,Spam
This was interesting to read and easy to understand. This is worth discussing.,Normal
What do you think about this update?,Question
Is this information still valid today? What do you think?,Question
You could add more examples to make this easier to understand. Sharing my thoughts here.,Suggestion
What do you think about this update? Good information.,Question
Why did this happen? What do you think?,Question
"Congratulations! You have won a free prize, click now. Really helpful.",Spam
"Make huge money quickly, contact us now. I wanted to mention this.",Spam
I suggest giving a few practical examples. Hope this helps.,Suggestion
Does anyone know where I can find more information? Hope this helps.,Question
I suggest giving a few practical examples. Good information.,Suggestion
The information here is disappointing and unclear. Thanks for sharing.,Negative
You could add more examples to make this easier to understand. Good information.,Suggestion
Can you share more details about this? This is worth discussing.,Question
Where can I get the original source? Thanks for sharing.,Question
"You are selected for a special bonus, claim today. Just my opinion.",Spam
I expected better information from this page. Good information.,Negative
It might help to include a step by step guide. Really helpful.,Suggestion
This was not useful and could have been much better. This is worth discussing.,Negative
"Absolutely loved this, such an amazing post! Hope this helps.",Positive
The post did not meet my expectations. Hope this helps.,Negative
This was interesting to read and easy to understand. Hope this helps.,Normal
"Great post, I learned something new today. Thanks for sharing.",Normal
"Earn money fast from home, message me for details. Good information.",Spam
I did not like this post at all. Good information.,Negative
This content is frustrating to read.,Negative
Where can I get the original source? Hope this helps.,Question
"Free coupon available today, claim before it expires. Good information.",Spam
"Brilliant explanation, keep up the great work. What do you think?",Positive
"This made my day, fantastic content! I wanted to mention this.",Positive
Where can I get the original source? Good information.,Question
Adding an FAQ section would make this more useful. What do you think?,Suggestion
This explanation is confusing and poorly presented.,Negative
"Free coupon available today, claim before it expires. Really helpful.",Spam
Thanks for sharing this information with everyone. Good information.,Normal
Win cash instantly by registering through this offer. Just my opinion.,Spam
Exclusive deal! Click the link to receive your free reward. Thanks for sharing.,Spam
"This made my day, fantastic content! What do you think?",Positive
How can I learn more about this topic? Good information.,Question
Super helpful and beautifully explained. Hope this helps.,Positive
Can you explain how this works? What do you think?,Question
Win cash instantly by registering through this offer. Sharing my thoughts here.,Spam
I agree with your point and appreciate the explanation. Really helpful.,Normal
Can someone tell me when this will be available? Thanks for sharing.,Question
Thanks for sharing this information with everyone. Just my opinion.,Normal
"This is fantastic, you did a wonderful job. Hope this helps.",Positive
"Make huge money quickly, contact us now.",Spam
Win cash instantly by registering through this offer. Sharing my thoughts here.,Spam
Can you explain how this works? Just my opinion.,Question
It might help to include a step by step guide. What do you think?,Suggestion
I recommend providing the source for this information. Just my opinion.,Suggestion
Is this information still valid today? Sharing my thoughts here.,Question
I did not like this post at all. Just my opinion.,Negative
"You are selected for a special bonus, claim today. Sharing my thoughts here.",Spam
Does anyone know where I can find more information? Thanks for sharing.,Question
I suggest improving the design of the post. This is worth discussing.,Suggestion
"This is fantastic, you did a wonderful job. What do you think?",Positive
This content is frustrating to read. Good information.,Negative
"Great post, I learned something new today. Hope this helps.",Normal
"Congratulations! You have won a free prize, click now. Hope this helps.",Spam
Congratulations winner! Send your details to receive the prize. This is worth discussing.,Spam
I recommend providing the source for this information.,Suggestion
You could improve the formatting for mobile users.,Suggestion
This was interesting to read and easy to understand. What do you think?,Normal
Amazing quality and very useful information. Good information.,Positive
"Earn money fast from home, message me for details. Hope this helps.",Spam
"Get free gifts now, visit our website immediately. Hope this helps.",Spam
I did not like this post at all. Hope this helps.,Negative
This content is frustrating to read. I wanted to mention this.,Negative
"Get free gifts now, visit our website immediately. What do you think?",Spam
You should consider adding subtitles to the video. Sharing my thoughts here.,Suggestion
I strongly disagree with this and found it unhelpful. Just my opinion.,Negative
Win cash instantly by registering through this offer. What do you think?,Spam
Does anyone know where I can find more information? This is worth discussing.,Question
Limited offer! Claim your reward immediately using this link. This is worth discussing.,Spam
It might help to include a step by step guide. Really helpful.,Suggestion
"Excellent work, this is really impressive. Just my opinion.",Positive
Exclusive deal! Click the link to receive your free reward. I wanted to mention this.,Spam
This content was helpful and informative. Thanks for sharing.,Normal
"Congratulations! You have won a free prize, click now. Just my opinion.",Spam
This was interesting to read and easy to understand. Good information.,Normal
Has anyone tried this before? Sharing my thoughts here.,Question
Has anyone tried this before? I wanted to mention this.,Question
Congratulations winner! Send your details to receive the prize.,Spam
I really enjoyed this post and found it useful. Thanks for sharing.,Normal
I strongly disagree with this and found it unhelpful. I wanted to mention this.,Negative
I am disappointed with the quality of this content.,Negative
The information here is disappointing and unclear. This is worth discussing.,Negative
Can you share more details about this? Sharing my thoughts here.,Question
Can you explain how this works? Sharing my thoughts here.,Question
You could improve the formatting for mobile users. What do you think?,Suggestion
This explanation is confusing and poorly presented. Hope this helps.,Negative
Does anyone know where I can find more information? Sharing my thoughts here.,Question
"Absolutely loved this, such an amazing post! Thanks for sharing.",Positive
"This made my day, fantastic content! Hope this helps.",Positive
This was interesting to read and easy to understand. Sharing my thoughts here.,Normal
I am disappointed with the quality of this content.,Negative
Really appreciate the effort behind this post. I wanted to mention this.,Positive
"This made my day, fantastic content! This is worth discussing.",Positive
"Congratulations! You have won a free prize, click now. Hope this helps.",Spam
Amazing quality and very useful information. Hope this helps.,Positive
I really enjoyed this post and found it useful.,Normal
Does anyone know where I can find more information? Hope this helps.,Question
I agree with your point and appreciate the explanation.,Normal
"Absolutely loved this, such an amazing post! Good information.",Positive
I strongly disagree with this and found it unhelpful. Just my opinion.,Negative
Is this information still valid today? Really helpful.,Question
I really enjoyed this post and found it useful. Hope this helps.,Normal
Looking forward to seeing what you share next.,Normal
Looking forward to seeing what you share next. Hope this helps.,Normal
"Absolutely loved this, such an amazing post! I wanted to mention this.",Positive
Super helpful and beautifully explained. I wanted to mention this.,Positive
I suggest giving a few practical examples. I wanted to mention this.,Suggestion
I suggest improving the design of the post. I wanted to mention this.,Suggestion
Can you explain how this works? Really helpful.,Question
"Brilliant explanation, keep up the great work. Sharing my thoughts here.",Positive
I did not like this post at all. Sharing my thoughts here.,Negative
I did not like this post at all. This is worth discussing.,Negative
Amazing quality and very useful information. Good information.,Positive
"Congratulations! You have won a free prize, click now.",Spam
Maybe you could add a short video explaining this. This is worth discussing.,Suggestion
This was not useful and could have been much better. What do you think?,Negative
I did not like this post at all. Hope this helps.,Negative
Win cash instantly by registering through this offer. I wanted to mention this.,Spam
There are many problems with the way this was explained. Just my opinion.,Negative
"This is a nice update, looking forward to more posts like this. I wanted to mention this.",Normal
I suggest improving the design of the post. Really helpful.,Suggestion
Has anyone tried this before?,Question
Does anyone know where I can find more information? This is worth discussing.,Question
Can you share more details about this? Thanks for sharing.,Question
Has anyone tried this before? This is worth discussing.,Question
How can I learn more about this topic? Really helpful.,Question
Win cash instantly by registering through this offer. Sharing my thoughts here.,Spam
What do you think about this update? Really helpful.,Question
What do you think about this update? Hope this helps.,Question
Is this information still valid today? Sharing my thoughts here.,Question
This content is frustrating to read. Sharing my thoughts here.,Negative
"Great post, I learned something new today. Really helpful.",Normal
You could improve the formatting for mobile users. Sharing my thoughts here.,Suggestion
Super helpful and beautifully explained. Just my opinion.,Positive
Congratulations winner! Send your details to receive the prize. Sharing my thoughts here.,Spam
"You are selected for a special bonus, claim today. This is worth discussing.",Spam
You could improve the formatting for mobile users. I wanted to mention this.,Suggestion
What do you think about this update? What do you think?,Question
"This is fantastic, you did a wonderful job. Really helpful.",Positive
I suggest improving the design of the post. What do you think?,Suggestion
Exclusive deal! Click the link to receive your free reward. Sharing my thoughts here.,Spam
Where can I get the original source? Thanks for sharing.,Question
I recommend providing the source for this information. Sharing my thoughts here.,Suggestion
"Get free gifts now, visit our website immediately.",Spam
"Great post, I learned something new today. Thanks for sharing.",Normal
This content was helpful and informative. Good information.,Normal
I strongly disagree with this and found it unhelpful. What do you think?,Negative
Hope everyone is having a good day. I wanted to mention this.,Normal
There are many problems with the way this was explained. I wanted to mention this.,Negative
I suggest giving a few practical examples. Sharing my thoughts here.,Suggestion
It would be better if you included more details. Hope this helps.,Suggestion
I am disappointed with the quality of this content. Sharing my thoughts here.,Negative
It might help to include a step by step guide.,Suggestion
Thanks for sharing this information with everyone. Just my opinion.,Normal
I expected better information from this page. What do you think?,Negative
It would be better if you included more details.,Suggestion
"Great post, I learned something new today. Sharing my thoughts here.",Normal
What do you think about this update? This is worth discussing.,Question
"Earn money fast from home, message me for details. This is worth discussing.",Spam
Where can I get the original source? Hope this helps.,Question
You could improve the formatting for mobile users. I wanted to mention this.,Suggestion
It would be better if you included more details. Sharing my thoughts here.,Suggestion
I did not like this post at all. Really helpful.,Negative
Does anyone know where I can find more information? Good information.,Question
Limited offer! Claim your reward immediately using this link. Just my opinion.,Spam
It would be better if you included more details. This is worth discussing.,Suggestion
It would be better if you included more details. This is worth discussing.,Suggestion
Hope everyone is having a good day. Thanks for sharing.,Normal
I suggest giving a few practical examples. Just my opinion.,Suggestion
This was not useful and could have been much better. Just my opinion.,Negative
"This is fantastic, you did a wonderful job. This is worth discussing.",Positive
I am disappointed with the quality of this content. I wanted to mention this.,Negative
Hope everyone is having a good day. Good information.,Normal
"This made my day, fantastic content! Good information.",Positive
I am disappointed with the quality of this content. Good information.,Negative
I really enjoyed this post and found it useful. Thanks for sharing.,Normal
"This made my day, fantastic content! Really helpful.",Positive
The information here is disappointing and unclear. Thanks for sharing.,Negative
I suggest giving a few practical examples. Thanks for sharing.,Suggestion
This was interesting to read and easy to understand. Really helpful.,Normal
Can you share more details about this? Good information.,Question
"Excellent work, this is really impressive. I wanted to mention this.",Positive
"Excellent work, this is really impressive. Hope this helps.",Positive
This was interesting to read and easy to understand. What do you think?,Normal
Can you share more details about this? Hope this helps.,Question
I strongly disagree with this and found it unhelpful. Thanks for sharing.,Negative
Super helpful and beautifully explained. Just my opinion.,Positive
The post did not meet my expectations. What do you think?,Negative
This was not useful and could have been much better. Sharing my thoughts here.,Negative
Maybe you could add a short video explaining this. This is worth discussing.,Suggestion
I suggest giving a few practical examples. I wanted to mention this.,Suggestion
"Congratulations! You have won a free prize, click now. Thanks for sharing.",Spam
There are many problems with the way this was explained. Sharing my thoughts here.,Negative
Win cash instantly by registering through this offer. Hope this helps.,Spam
Is this information still valid today? I wanted to mention this.,Question
Has anyone tried this before?,Question
There are many problems with the way this was explained.,Negative
You could add more examples to make this easier to understand. Good information.,Suggestion
"Earn money fast from home, message me for details. Just my opinion.",Spam
I strongly disagree with this and found it unhelpful. Good information.,Negative
What do you think about this update? Really helpful.,Question
I expected better information from this page. Sharing my thoughts here.,Negative
"Congratulations! You have won a free prize, click now. Just my opinion.",Spam
This content is frustrating to read. Just my opinion.,Negative
It might help to include a step by step guide. I wanted to mention this.,Suggestion
Has anyone tried this before? What do you think?,Question
Can someone tell me when this will be available? I wanted to mention this.,Question
"You are selected for a special bonus, claim today.",Spam
I expected better information from this page. I wanted to mention this.,Negative
"Free coupon available today, claim before it expires. Thanks for sharing.",Spam
Amazing quality and very useful information. Thanks for sharing.,Positive
Win cash instantly by registering through this offer. Thanks for sharing.,Spam
I recommend providing the source for this information.,Suggestion
This content was helpful and informative. Hope this helps.,Normal
You could add more examples to make this easier to understand.,Suggestion
I suggest improving the design of the post. Sharing my thoughts here.,Suggestion
This content is frustrating to read. Hope this helps.,Negative
Why did this happen? I wanted to mention this.,Question
Is this information still valid today? What do you think?,Question
Hope everyone is having a good day. Sharing my thoughts here.,Normal
Limited offer! Claim your reward immediately using this link. I wanted to mention this.,Spam
I expected better information from this page. I wanted to mention this.,Negative
"Excellent work, this is really impressive. Really helpful.",Positive
Why did this happen? Thanks for sharing.,Question
Maybe you could add a short video explaining this. Hope this helps.,Suggestion
This content is frustrating to read. This is worth discussing.,Negative
Can you explain how this works? This is worth discussing.,Question
Why did this happen? I wanted to mention this.,Question
Why did this happen? Thanks for sharing.,Question
Amazing quality and very useful information. This is worth discussing.,Positive
"Earn money fast from home, message me for details. Just my opinion.",Spam
Maybe you could add a short video explaining this. Just my opinion.,Suggestion
You could add more examples to make this easier to understand. This is worth discussing.,Suggestion
"Excellent work, this is really impressive. Hope this helps.",Positive
I am disappointed with the quality of this content. Sharing my thoughts here.,Negative
Looking forward to seeing what you share next. What do you think?,Normal
This was not useful and could have been much better.,Negative
I expected better information from this page. Good information.,Negative
Adding an FAQ section would make this more useful. Good information.,Suggestion
"Make huge money quickly, contact us now. This is worth discussing.",Spam
"Brilliant explanation, keep up the great work. I wanted to mention this.",Positive
Super helpful and beautifully explained. Hope this helps.,Positive
"Excellent work, this is really impressive. Just my opinion.",Positive
One of the best posts I have seen today. Good information.,Positive
I really enjoyed this post and found it useful. Just my opinion.,Normal
Does anyone know where I can find more information? What do you think?,Question
This was not useful and could have been much better. What do you think?,Negative
Can you share more details about this? This is worth discussing.,Question
Maybe you could add a short video explaining this. Sharing my thoughts here.,Suggestion
Can you share more details about this? Just my opinion.,Question
"Excellent work, this is really impressive. Hope this helps.",Positive
You could add more examples to make this easier to understand. Thanks for sharing.,Suggestion
I suggest improving the design of the post. Thanks for sharing.,Suggestion
It would be better if you included more details. Just my opinion.,Suggestion
Limited offer! Claim your reward immediately using this link. Really helpful.,Spam
"Earn money fast from home, message me for details. I wanted to mention this.",Spam
Super helpful and beautifully explained. I wanted to mention this.,Positive
"Earn money fast from home, message me for details. Good information.",Spam
Really appreciate the effort behind this post. This is worth discussing.,Positive
Limited offer! Claim your reward immediately using this link. Just my opinion.,Spam
I suggest giving a few practical examples. I wanted to mention this.,Suggestion
Where can I get the original source? Just my opinion.,Question
"Free coupon available today, claim before it expires. Hope this helps.",Spam
"Excellent work, this is really impressive. What do you think?",Positive
This was not useful and could have been much better. What do you think?,Negative
"Free coupon available today, claim before it expires. I wanted to mention this.",Spam
Maybe you could add a short video explaining this. Thanks for sharing.,Suggestion
Adding an FAQ section would make this more useful. I wanted to mention this.,Suggestion
Limited offer! Claim your reward immediately using this link. I wanted to mention this.,Spam
Can someone tell me when this will be available? Just my opinion.,Question
"Great post, I learned something new today. What do you think?",Normal
You should consider adding subtitles to the video. Sharing my thoughts here.,Suggestion
"Absolutely loved this, such an amazing post!",Positive
Adding an FAQ section would make this more useful. Hope this helps.,Suggestion
It might help to include a step by step guide. Good information.,Suggestion
I recommend providing the source for this information. Good information.,Suggestion
This explanation is confusing and poorly presented. Sharing my thoughts here.,Negative
I am disappointed with the quality of this content. Hope this helps.,Negative
"You are selected for a special bonus, claim today. Really helpful.",Spam
I really enjoyed this post and found it useful. Hope this helps.,Normal
I did not like this post at all. This is worth discussing.,Negative
"Get free gifts now, visit our website immediately. Good information.",Spam
Thanks for sharing this information with everyone.,Normal
"This is fantastic, you did a wonderful job. Thanks for sharing.",Positive
You could improve the formatting for mobile users. This is worth discussing.,Suggestion
"Excellent work, this is really impressive. I wanted to mention this.",Positive
How can I learn more about this topic? Really helpful.,Question
This content is frustrating to read. Hope this helps.,Negative
Maybe you could add a short video explaining this. This is worth discussing.,Suggestion
"Make huge money quickly, contact us now. I wanted to mention this.",Spam
I suggest giving a few practical examples. Thanks for sharing.,Suggestion
Hope everyone is having a good day. Good information.,Normal
Congratulations winner! Send your details to receive the prize. Good information.,Spam
What do you think about this update? Really helpful.,Question
"Earn money fast from home, message me for details. Just my opinion.",Spam
The post did not meet my expectations. This is worth discussing.,Negative
"Excellent work, this is really impressive. This is worth discussing.",Positive
Can you share more details about this? This is worth discussing.,Question
"Free coupon available today, claim before it expires. Hope this helps.",Spam
The information here is disappointing and unclear. I wanted to mention this.,Negative
There are many problems with the way this was explained. Sharing my thoughts here.,Negative
This was not useful and could have been much better. I wanted to mention this.,Negative
The post did not meet my expectations. I wanted to mention this.,Negative
This explanation is confusing and poorly presented. Just my opinion.,Negative
Amazing quality and very useful information. This is worth discussing.,Positive
Can you share more details about this? Sharing my thoughts here.,Question
You should consider adding subtitles to the video. Sharing my thoughts here.,Suggestion
There are many problems with the way this was explained.,Negative
What do you think about this update? Really helpful.,Question
Thanks for sharing this information with everyone. Good information.,Normal
"This made my day, fantastic content! I wanted to mention this.",Positive
Can someone tell me when this will be available? Hope this helps.,Question
Looking forward to seeing what you share next. I wanted to mention this.,Normal
Has anyone tried this before? Thanks for sharing.,Question
I agree with your point and appreciate the explanation. Really helpful.,Normal
What do you think about this update? Sharing my thoughts here.,Question
Exclusive deal! Click the link to receive your free reward. What do you think?,Spam
I agree with your point and appreciate the explanation.,Normal
I am disappointed with the quality of this content. What do you think?,Negative
It would be better if you included more details.,Suggestion
This was interesting to read and easy to understand. Just my opinion.,Normal
I strongly disagree with this and found it unhelpful. Hope this helps.,Negative
Really appreciate the effort behind this post. Thanks for sharing.,Positive
Limited offer! Claim your reward immediately using this link. I wanted to mention this.,Spam
"Brilliant explanation, keep up the great work. This is worth discussing.",Positive
It would be better if you included more details. Thanks for sharing.,Suggestion
Has anyone tried this before? Really helpful.,Question
You should consider adding subtitles to the video. Really helpful.,Suggestion
Thanks for sharing this information with everyone. Hope this helps.,Normal
Win cash instantly by registering through this offer. What do you think?,Spam
I strongly disagree with this and found it unhelpful. What do you think?,Negative
This content was helpful and informative. What do you think?,Normal
I agree with your point and appreciate the explanation. What do you think?,Normal
"Get free gifts now, visit our website immediately. Thanks for sharing.",Spam
I suggest giving a few practical examples.,Suggestion
Win cash instantly by registering through this offer. Thanks for sharing.,Spam
Win cash instantly by registering through this offer. Just my opinion.,Spam
Amazing quality and very useful information. Thanks for sharing.,Positive
"This made my day, fantastic content! Sharing my thoughts here.",Positive
Exclusive deal! Click the link to receive your free reward. Sharing my thoughts here.,Spam
Can someone tell me when this will be available? Sharing my thoughts here.,Question
"You are selected for a special bonus, claim today.",Spam
You should consider adding subtitles to the video. Sharing my thoughts here.,Suggestion
"Free coupon available today, claim before it expires. This is worth discussing.",Spam
The information here is disappointing and unclear. I wanted to mention this.,Negative
"Absolutely loved this, such an amazing post! What do you think?",Positive
You could improve the formatting for mobile users. Hope this helps.,Suggestion
Adding an FAQ section would make this more useful. What do you think?,Suggestion
Why did this happen? I wanted to mention this.,Question
"Free coupon available today, claim before it expires. What do you think?",Spam
Amazing quality and very useful information. Hope this helps.,Positive
"Brilliant explanation, keep up the great work. Just my opinion.",Positive
I agree with your point and appreciate the explanation. Sharing my thoughts here.,Normal
Maybe you could add a short video explaining this. This is worth discussing.,Suggestion
Exclusive deal! Click the link to receive your free reward. Sharing my thoughts here.,Spam
Can you explain how this works?,Question
The post did not meet my expectations. Just my opinion.,Negative
Amazing quality and very useful information. What do you think?,Positive
It might help to include a step by step guide. I wanted to mention this.,Suggestion
I suggest improving the design of the post. Thanks for sharing.,Suggestion
Really appreciate the effort behind this post. What do you think?,Positive
This was not useful and could have been much better. Thanks for sharing.,Negative
Is this information still valid today? Just my opinion.,Question
I am disappointed with the quality of this content. I wanted to mention this.,Negative
You should consider adding subtitles to the video. Just my opinion.,Suggestion
"This is a nice update, looking forward to more posts like this.",Normal
This content is frustrating to read.,Negative
Congratulations winner! Send your details to receive the prize. Just my opinion.,Spam
I suggest giving a few practical examples. Sharing my thoughts here.,Suggestion
Thanks for sharing this information with everyone. What do you think?,Normal
This explanation is confusing and poorly presented. This is worth discussing.,Negative
I suggest giving a few practical examples.,Suggestion
"Excellent work, this is really impressive. Really helpful.",Positive
Congratulations winner! Send your details to receive the prize. What do you think?,Spam
This content was helpful and informative. Sharing my thoughts here.,Normal
Hope everyone is having a good day. Sharing my thoughts here.,Normal
I did not like this post at all. Hope this helps.,Negative
"Absolutely loved this, such an amazing post! What do you think?",Positive
Can you share more details about this? Really helpful.,Question
Can you explain how this works? Good information.,Question
Why did this happen? Sharing my thoughts here.,Question
"This is a nice update, looking forward to more posts like this. Thanks for sharing.",Normal
Why did this happen? What do you think?,Question
Can you explain how this works? This is worth discussing.,Question
This content was helpful and informative. Really helpful.,Normal
"Great post, I learned something new today. Good information.",Normal
I suggest giving a few practical examples. This is worth discussing.,Suggestion
One of the best posts I have seen today. This is worth discussing.,Positive
The information here is disappointing and unclear. Good information.,Negative
"Free coupon available today, claim before it expires. Hope this helps.",Spam
Limited offer! Claim your reward immediately using this link.,Spam
"This is fantastic, you did a wonderful job. Hope this helps.",Positive
Adding an FAQ section would make this more useful. Good information.,Suggestion
You should consider adding subtitles to the video. What do you think?,Suggestion
One of the best posts I have seen today. Really helpful.,Positive
Does anyone know where I can find more information? Sharing my thoughts here.,Question
"Get free gifts now, visit our website immediately. What do you think?",Spam
It would be better if you included more details. Sharing my thoughts here.,Suggestion
Thanks for sharing this information with everyone. What do you think?,Normal
"Earn money fast from home, message me for details. Good information.",Spam
"Get free gifts now, visit our website immediately. Hope this helps.",Spam
"You are selected for a special bonus, claim today. Just my opinion.",Spam
I enjoyed reading the comments on this post. Just my opinion.,Normal
I recommend providing the source for this information. Thanks for sharing.,Suggestion
I enjoyed reading the comments on this post. Just my opinion.,Normal
Super helpful and beautifully explained. What do you think?,Positive
"Excellent work, this is really impressive. Really helpful.",Positive
This content was helpful and informative. Really helpful.,Normal
I did not like this post at all. Really helpful.,Negative
Can you explain how this works? Really helpful.,Question
This was interesting to read and easy to understand. What do you think?,Normal
Why did this happen? Hope this helps.,Question
This was interesting to read and easy to understand. What do you think?,Normal
One of the best posts I have seen today. Really helpful.,Positive
"This made my day, fantastic content! Thanks for sharing.",Positive
I suggest improving the design of the post. Hope this helps.,Suggestion
Congratulations winner! Send your details to receive the prize. Sharing my thoughts here.,Spam
Can someone tell me when this will be available? Sharing my thoughts here.,Question
I recommend providing the source for this information. This is worth discussing.,Suggestion
"Great post, I learned something new today. Really helpful.",Normal
I did not like this post at all. What do you think?,Negative
I agree with your point and appreciate the explanation. This is worth discussing.,Normal
Looking forward to seeing what you share next. Hope this helps.,Normal
Amazing quality and very useful information. This is worth discussing.,Positive
Does anyone know where I can find more information? What do you think?,Question
Where can I get the original source? Sharing my thoughts here.,Question
You could improve the formatting for mobile users. Hope this helps.,Suggestion
Super helpful and beautifully explained. What do you think?,Positive
This content is frustrating to read. Hope this helps.,Negative
You could add more examples to make this easier to understand. Hope this helps.,Suggestion
Looking forward to seeing what you share next. This is worth discussing.,Normal
Can you share more details about this? Just my opinion.,Question
Limited offer! Claim your reward immediately using this link. This is worth discussing.,Spam
There are many problems with the way this was explained. What do you think?,Negative
You could add more examples to make this easier to understand. What do you think?,Suggestion
"Congratulations! You have won a free prize, click now. What do you think?",Spam
I suggest improving the design of the post. Thanks for sharing.,Suggestion
You could improve the formatting for mobile users. This is worth discussing.,Suggestion
One of the best posts I have seen today. Thanks for sharing.,Positive
I agree with your point and appreciate the explanation. Thanks for sharing.,Normal
The post did not meet my expectations. This is worth discussing.,Negative
Can someone tell me when this will be available? Sharing my thoughts here.,Question
"This made my day, fantastic content! This is worth discussing.",Positive
I enjoyed reading the comments on this post.,Normal
Can you share more details about this? I wanted to mention this.,Question
You should consider adding subtitles to the video. Just my opinion.,Suggestion
You could improve the formatting for mobile users. Just my opinion.,Suggestion
This content is frustrating to read. This is worth discussing.,Negative
Is this information still valid today?,Question
You should consider adding subtitles to the video. Thanks for sharing.,Suggestion
I really enjoyed this post and found it useful. Just my opinion.,Normal
"Make huge money quickly, contact us now.",Spam
This was interesting to read and easy to understand. Thanks for sharing.,Normal
Can you share more details about this? This is worth discussing.,Question
I recommend providing the source for this information. Just my opinion.,Suggestion
There are many problems with the way this was explained. What do you think?,Negative
The post did not meet my expectations. I wanted to mention this.,Negative
Can you explain how this works? Really helpful.,Question
Can you share more details about this? Just my opinion.,Question
You could improve the formatting for mobile users. Sharing my thoughts here.,Suggestion
Maybe you could add a short video explaining this. This is worth discussing.,Suggestion
"Excellent work, this is really impressive. This is worth discussing.",Positive
Can you explain how this works? This is worth discussing.,Question
Exclusive deal! Click the link to receive your free reward. Sharing my thoughts here.,Spam
This content is frustrating to read. This is worth discussing.,Negative
Really appreciate the effort behind this post. Good information.,Positive
Amazing quality and very useful information. Good information.,Positive
"This is fantastic, you did a wonderful job. Hope this helps.",Positive
Hope everyone is having a good day. This is worth discussing.,Normal
Adding an FAQ section would make this more useful. Really helpful.,Suggestion
I expected better information from this page. Hope this helps.,Negative
Super helpful and beautifully explained. Thanks for sharing.,Positive
Where can I get the original source? I wanted to mention this.,Question
"This made my day, fantastic content! I wanted to mention this.",Positive
"This is fantastic, you did a wonderful job.",Positive
Thanks for sharing this information with everyone. Hope this helps.,Normal
"Absolutely loved this, such an amazing post! I wanted to mention this.",Positive
I am disappointed with the quality of this content. Really helpful.,Negative
"Great post, I learned something new today. Good information.",Normal
Can you share more details about this? Good information.,Question
I am disappointed with the quality of this content. Sharing my thoughts here.,Negative
The information here is disappointing and unclear. This is worth discussing.,Negative
Amazing quality and very useful information. This is worth discussing.,Positive
Thanks for sharing this information with everyone. I wanted to mention this.,Normal
"You are selected for a special bonus, claim today. Thanks for sharing.",Spam
You should consider adding subtitles to the video. What do you think?,Suggestion
It would be better if you included more details. Hope this helps.,Suggestion
I recommend providing the source for this information. What do you think?,Suggestion
I did not like this post at all. What do you think?,Negative
How can I learn more about this topic? Good information.,Question
"Make huge money quickly, contact us now.",Spam
Really appreciate the effort behind this post. Sharing my thoughts here.,Positive
One of the best posts I have seen today. Sharing my thoughts here.,Positive
The information here is disappointing and unclear. What do you think?,Negative
There are many problems with the way this was explained. Good information.,Negative
I expected better information from this page. Thanks for sharing.,Negative
"Absolutely loved this, such an amazing post! Really helpful.",Positive
This content is frustrating to read. Hope this helps.,Negative
"Absolutely loved this, such an amazing post! This is worth discussing.",Positive
You should consider adding subtitles to the video.,Suggestion
Limited offer! Claim your reward immediately using this link. Good information.,Spam
The information here is disappointing and unclear. Sharing my thoughts here.,Negative
"Excellent work, this is really impressive. Hope this helps.",Positive
I really enjoyed this post and found it useful. Hope this helps.,Normal
You could add more examples to make this easier to understand. This is worth discussing.,Suggestion
There are many problems with the way this was explained. Thanks for sharing.,Negative
"This made my day, fantastic content! Thanks for sharing.",Positive
One of the best posts I have seen today. Really helpful.,Positive
Where can I get the original source? Thanks for sharing.,Question
You should consider adding subtitles to the video. Thanks for sharing.,Suggestion
I suggest improving the design of the post. Hope this helps.,Suggestion
This explanation is confusing and poorly presented. Thanks for sharing.,Negative
Has anyone tried this before? Just my opinion.,Question
There are many problems with the way this was explained.,Negative
Has anyone tried this before? What do you think?,Question
Can you explain how this works?,Question
"Free coupon available today, claim before it expires. Sharing my thoughts here.",Spam
Really appreciate the effort behind this post. Just my opinion.,Positive
Looking forward to seeing what you share next.,Normal
"Absolutely loved this, such an amazing post! Thanks for sharing.",Positive
There are many problems with the way this was explained. Sharing my thoughts here.,Negative
There are many problems with the way this was explained. Really helpful.,Negative
It would be better if you included more details. Good information.,Suggestion
I recommend providing the source for this information. Hope this helps.,Suggestion
Can you explain how this works? Just my opinion.,Question
I strongly disagree with this and found it unhelpful. Hope this helps.,Negative
Congratulations winner! Send your details to receive the prize. Thanks for sharing.,Spam
I suggest giving a few practical examples. Hope this helps.,Suggestion
One of the best posts I have seen today. Hope this helps.,Positive
This explanation is confusing and poorly presented. Hope this helps.,Negative
Win cash instantly by registering through this offer. Hope this helps.,Spam
Adding an FAQ section would make this more useful. Just my opinion.,Suggestion
"This made my day, fantastic content! I wanted to mention this.",Positive
"Great post, I learned something new today.",Normal
Has anyone tried this before? Good information.,Question
"Excellent work, this is really impressive.",Positive
What do you think about this update? I wanted to mention this.,Question
Can you explain how this works? Just my opinion.,Question
The information here is disappointing and unclear.,Negative
Can you explain how this works?,Question
It would be better if you included more details.,Suggestion
I enjoyed reading the comments on this post. Just my opinion.,Normal
Does anyone know where I can find more information? This is worth discussing.,Question
One of the best posts I have seen today. This is worth discussing.,Positive
This was interesting to read and easy to understand. This is worth discussing.,Normal
"Free coupon available today, claim before it expires. Sharing my thoughts here.",Spam
Win cash instantly by registering through this offer.,Spam
I recommend providing the source for this information.,Suggestion
Congratulations winner! Send your details to receive the prize. Hope this helps.,Spam
This content was helpful and informative. Really helpful.,Normal
Has anyone tried this before? Just my opinion.,Question
I completely loved the way you presented this. Hope this helps.,Positive
I really enjoyed this post and found it useful. What do you think?,Normal
I recommend providing the source for this information. Just my opinion.,Suggestion
I did not like this post at all. Just my opinion.,Negative
Exclusive deal! Click the link to receive your free reward. Thanks for sharing.,Spam
There are many problems with the way this was explained. Thanks for sharing.,Negative
"Make huge money quickly, contact us now.",Spam
Hope everyone is having a good day. Good information.,Normal
Maybe you could add a short video explaining this. This is worth discussing.,Suggestion
"Absolutely loved this, such an amazing post! Thanks for sharing.",Positive
"This is a nice update, looking forward to more posts like this. This is worth discussing.",Normal
Super helpful and beautifully explained. Sharing my thoughts here.,Positive
Limited offer! Claim your reward immediately using this link. Sharing my thoughts here.,Spam
Hope everyone is having a good day. Just my opinion.,Normal
Maybe you could add a short video explaining this. Good information.,Suggestion
I really enjoyed this post and found it useful. Really helpful.,Normal
I enjoyed reading the comments on this post.,Normal
"You are selected for a special bonus, claim today. Sharing my thoughts here.",Spam
Maybe you could add a short video explaining this. Really helpful.,Suggestion
"Get free gifts now, visit our website immediately. Good information.",Spam
Really appreciate the effort behind this post. Sharing my thoughts here.,Positive
This was not useful and could have been much better. I wanted to mention this.,Negative
I recommend providing the source for this information. Just my opinion.,Suggestion
What do you think about this update? I wanted to mention this.,Question
I strongly disagree with this and found it unhelpful. Really helpful.,Negative
Does anyone know where I can find more information? What do you think?,Question
Where can I get the original source? This is worth discussing.,Question
Can you explain how this works? This is worth discussing.,Question
"You are selected for a special bonus, claim today. I wanted to mention this.",Spam
This explanation is confusing and poorly presented. Just my opinion.,Negative
I expected better information from this page.,Negative
Looking forward to seeing what you share next. This is worth discussing.,Normal
How can I learn more about this topic? Sharing my thoughts here.,Question
"Absolutely loved this, such an amazing post! I wanted to mention this.",Positive
One of the best posts I have seen today. This is worth discussing.,Positive
Maybe you could add a short video explaining this. Good information.,Suggestion
Amazing quality and very useful information. Really helpful.,Positive
I expected better information from this page. This is worth discussing.,Negative
Hope everyone is having a good day. What do you think?,Normal
"Earn money fast from home, message me for details. Good information.",Spam
What do you think about this update? Hope this helps.,Question
I am disappointed with the quality of this content. Sharing my thoughts here.,Negative
Looking forward to seeing what you share next. Just my opinion.,Normal
"Excellent work, this is really impressive. Good information.",Positive
This was not useful and could have been much better. Thanks for sharing.,Negative
What do you think about this update? Sharing my thoughts here.,Question
Really appreciate the effort behind this post. This is worth discussing.,Positive
Amazing quality and very useful information. Hope this helps.,Positive
"Absolutely loved this, such an amazing post! Sharing my thoughts here.",Positive
Congratulations winner! Send your details to receive the prize. Sharing my thoughts here.,Spam
"Excellent work, this is really impressive. This is worth discussing.",Positive
Where can I get the original source? Hope this helps.,Question
Looking forward to seeing what you share next. Thanks for sharing.,Normal
This explanation is confusing and poorly presented. This is worth discussing.,Negative
Has anyone tried this before? Thanks for sharing.,Question
Limited offer! Claim your reward immediately using this link. This is worth discussing.,Spam
"Congratulations! You have won a free prize, click now. What do you think?",Spam
"Absolutely loved this, such an amazing post! I wanted to mention this.",Positive
There are many problems with the way this was explained. Sharing my thoughts here.,Negative
Win cash instantly by registering through this offer. Just my opinion.,Spam
This content is frustrating to read. Really helpful.,Negative
I completely loved the way you presented this. Sharing my thoughts here.,Positive
Hope everyone is having a good day. Good information.,Normal
Is this information still valid today? Sharing my thoughts here.,Question
The information here is disappointing and unclear.,Negative
Does anyone know where I can find more information? Thanks for sharing.,Question
How can I learn more about this topic? What do you think?,Question
You should consider adding subtitles to the video. I wanted to mention this.,Suggestion
I suggest improving the design of the post. What do you think?,Suggestion
"This is a nice update, looking forward to more posts like this.",Normal
One of the best posts I have seen today. I wanted to mention this.,Positive
Super helpful and beautifully explained. Sharing my thoughts here.,Positive
"Congratulations! You have won a free prize, click now. I wanted to mention this.",Spam
I expected better information from this page. What do you think?,Negative
This explanation is confusing and poorly presented. Sharing my thoughts here.,Negative
Limited offer! Claim your reward immediately using this link. Just my opinion.,Spam
I suggest giving a few practical examples. Hope this helps.,Suggestion
"This is a nice update, looking forward to more posts like this. I wanted to mention this.",Normal
Thanks for sharing this information with everyone. What do you think?,Normal
This content was helpful and informative. Thanks for sharing.,Normal
This content was helpful and informative. What do you think?,Normal
"Free coupon available today, claim before it expires. What do you think?",Spam
I suggest giving a few practical examples.,Suggestion
One of the best posts I have seen today. Thanks for sharing.,Positive
"This is a nice update, looking forward to more posts like this. Really helpful.",Normal
Thanks for sharing this information with everyone. Good information.,Normal
Where can I get the original source? Thanks for sharing.,Question
"Earn money fast from home, message me for details. Just my opinion.",Spam
Win cash instantly by registering through this offer. Good information.,Spam
"Earn money fast from home, message me for details. I wanted to mention this.",Spam
You could improve the formatting for mobile users. This is worth discussing.,Suggestion
Exclusive deal! Click the link to receive your free reward. This is worth discussing.,Spam
"Get free gifts now, visit our website immediately. I wanted to mention this.",Spam
What do you think about this update? This is worth discussing.,Question
"This is fantastic, you did a wonderful job. This is worth discussing.",Positive
It might help to include a step by step guide. I wanted to mention this.,Suggestion
"Excellent work, this is really impressive.",Positive
You should consider adding subtitles to the video.,Suggestion
It might help to include a step by step guide. What do you think?,Suggestion
This content was helpful and informative.,Normal
I suggest improving the design of the post.,Suggestion
Adding an FAQ section would make this more useful. Hope this helps.,Suggestion
Looking forward to seeing what you share next. Hope this helps.,Normal
"Earn money fast from home, message me for details.",Spam
"Get free gifts now, visit our website immediately. I wanted to mention this.",Spam
Really appreciate the effort behind this post. I wanted to mention this.,Positive
Adding an FAQ section would make this more useful. This is worth discussing.,Suggestion
What do you think about this update? What do you think?,Question
I agree with your point and appreciate the explanation. Just my opinion.,Normal
"Absolutely loved this, such an amazing post! I wanted to mention this.",Positive
Amazing quality and very useful information. Thanks for sharing.,Positive
What do you think about this update? This is worth discussing.,Question
I suggest improving the design of the post. This is worth discussing.,Suggestion
Thanks for sharing this information with everyone. Really helpful.,Normal
Can you share more details about this? This is worth discussing.,Question
"This made my day, fantastic content! Thanks for sharing.",Positive
You should consider adding subtitles to the video. Just my opinion.,Suggestion
Is this information still valid today? Sharing my thoughts here.,Question
I suggest giving a few practical examples. Thanks for sharing.,Suggestion
Does anyone know where I can find more information? This is worth discussing.,Question
I am disappointed with the quality of this content. I wanted to mention this.,Negative
"This made my day, fantastic content! Really helpful.",Positive
You should consider adding subtitles to the video. Good information.,Suggestion
Can someone tell me when this will be available? I wanted to mention this.,Question
I enjoyed reading the comments on this post. Thanks for sharing.,Normal
Congratulations winner! Send your details to receive the prize. What do you think?,Spam
It would be better if you included more details. Good information.,Suggestion
Has anyone tried this before? Sharing my thoughts here.,Question
Can you share more details about this? Hope this helps.,Question
You should consider adding subtitles to the video. What do you think?,Suggestion
I did not like this post at all. Good information.,Negative
Is this information still valid today? This is worth discussing.,Question
"Brilliant explanation, keep up the great work. I wanted to mention this.",Positive
"This made my day, fantastic content! Hope this helps.",Positive
You should consider adding subtitles to the video. This is worth discussing.,Suggestion
"Great post, I learned something new today. What do you think?",Normal
"You are selected for a special bonus, claim today. This is worth discussing.",Spam
I suggest giving a few practical examples. Really helpful.,Suggestion
Can you explain how this works? I wanted to mention this.,Question
"Get free gifts now, visit our website immediately. Just my opinion.",Spam
I did not like this post at all.,Negative
It would be better if you included more details. Sharing my thoughts here.,Suggestion
There are many problems with the way this was explained. This is worth discussing.,Negative
I expected better information from this page. Thanks for sharing.,Negative
It would be better if you included more details. Just my opinion.,Suggestion
"Earn money fast from home, message me for details. Sharing my thoughts here.",Spam
Limited offer! Claim your reward immediately using this link. Sharing my thoughts here.,Spam
Why did this happen? What do you think?,Question
The information here is disappointing and unclear. Sharing my thoughts here.,Negative
Super helpful and beautifully explained. Really helpful.,Positive
Hope everyone is having a good day. Really helpful.,Normal
Really appreciate the effort behind this post. Sharing my thoughts here.,Positive
Is this information still valid today? This is worth discussing.,Question
This was not useful and could have been much better. Really helpful.,Negative
"Free coupon available today, claim before it expires.",Spam
It might help to include a step by step guide. Hope this helps.,Suggestion
You should consider adding subtitles to the video. Good information.,Suggestion
I recommend providing the source for this information. This is worth discussing.,Suggestion
What do you think about this update?,Question
"This is a nice update, looking forward to more posts like this. Good information.",Normal
"Brilliant explanation, keep up the great work.",Positive
You could improve the formatting for mobile users. I wanted to mention this.,Suggestion
I did not like this post at all. Really helpful.,Negative
Exclusive deal! Click the link to receive your free reward. I wanted to mention this.,Spam
I expected better information from this page. Good information.,Negative
"Congratulations! You have won a free prize, click now. Sharing my thoughts here.",Spam
I suggest improving the design of the post. Thanks for sharing.,Suggestion
Exclusive deal! Click the link to receive your free reward. Really helpful.,Spam
Win cash instantly by registering through this offer. Just my opinion.,Spam
Does anyone know where I can find more information?,Question
Exclusive deal! Click the link to receive your free reward. I wanted to mention this.,Spam
"This made my day, fantastic content! This is worth discussing.",Positive
This was interesting to read and easy to understand. Just my opinion.,Normal
Why did this happen? Sharing my thoughts here.,Question
I strongly disagree with this and found it unhelpful. What do you think?,Negative
I really enjoyed this post and found it useful. Just my opinion.,Normal
You could add more examples to make this easier to understand. Good information.,Suggestion
Hope everyone is having a good day.,Normal
Can you share more details about this? Thanks for sharing.,Question
I did not like this post at all. Hope this helps.,Negative
I am disappointed with the quality of this content. Just my opinion.,Negative
Looking forward to seeing what you share next. This is worth discussing.,Normal
This was not useful and could have been much better. This is worth discussing.,Negative
I am disappointed with the quality of this content. Thanks for sharing.,Negative
Looking forward to seeing what you share next. Just my opinion.,Normal
Adding an FAQ section would make this more useful. Really helpful.,Suggestion
Has anyone tried this before? What do you think?,Question
The post did not meet my expectations.,Negative
"Brilliant explanation, keep up the great work. Good information.",Positive
Why did this happen? I wanted to mention this.,Question
"Earn money fast from home, message me for details.",Spam
Congratulations winner! Send your details to receive the prize. Really helpful.,Spam
I recommend providing the source for this information. Hope this helps.,Suggestion
"You are selected for a special bonus, claim today. Thanks for sharing.",Spam
Exclusive deal! Click the link to receive your free reward. This is worth discussing.,Spam
I am disappointed with the quality of this content. Good information.,Negative
"Make huge money quickly, contact us now.",Spam
I did not like this post at all. Sharing my thoughts here.,Negative
Thanks for sharing this information with everyone. Just my opinion.,Normal
I agree with your point and appreciate the explanation. Really helpful.,Normal
This was interesting to read and easy to understand.,Normal
Win cash instantly by registering through this offer. Good information.,Spam
The post did not meet my expectations. Sharing my thoughts here.,Negative
Congratulations winner! Send your details to receive the prize. What do you think?,Spam
"Excellent work, this is really impressive. This is worth discussing.",Positive
I really enjoyed this post and found it useful. Hope this helps.,Normal
I completely loved the way you presented this. Thanks for sharing.,Positive
This was interesting to read and easy to understand. Sharing my thoughts here.,Normal
The information here is disappointing and unclear. This is worth discussing.,Negative
This explanation is confusing and poorly presented. Good information.,Negative
How can I learn more about this topic? Really helpful.,Question
You could improve the formatting for mobile users. Sharing my thoughts here.,Suggestion
Can you explain how this works? This is worth discussing.,Question
"This is a nice update, looking forward to more posts like this. Hope this helps.",Normal
"This is fantastic, you did a wonderful job. This is worth discussing.",Positive
You could add more examples to make this easier to understand. I wanted to mention this.,Suggestion
"This is a nice update, looking forward to more posts like this. Sharing my thoughts here.",Normal
"Great post, I learned something new today. Really helpful.",Normal
Hope everyone is having a good day.,Normal
One of the best posts I have seen today. Good information.,Positive
Maybe you could add a short video explaining this. Just my opinion.,Suggestion
I enjoyed reading the comments on this post. Sharing my thoughts here.,Normal
Exclusive deal! Click the link to receive your free reward.,Spam
I really enjoyed this post and found it useful.,Normal
"Absolutely loved this, such an amazing post! Hope this helps.",Positive
I recommend providing the source for this information. Really helpful.,Suggestion
You could improve the formatting for mobile users. I wanted to mention this.,Suggestion
"This is a nice update, looking forward to more posts like this.",Normal
Exclusive deal! Click the link to receive your free reward. Sharing my thoughts here.,Spam
Hope everyone is having a good day. This is worth discussing.,Normal
"You are selected for a special bonus, claim today. Really helpful.",Spam
"This made my day, fantastic content! Good information.",Positive
You should consider adding subtitles to the video. Just my opinion.,Suggestion
One of the best posts I have seen today. Really helpful.,Positive
Maybe you could add a short video explaining this. This is worth discussing.,Suggestion
I expected better information from this page. Just my opinion.,Negative
Congratulations winner! Send your details to receive the prize. I wanted to mention this.,Spam
Can you explain how this works? Really helpful.,Question
The information here is disappointing and unclear. Good information.,Negative
"Absolutely loved this, such an amazing post! Thanks for sharing.",Positive
One of the best posts I have seen today. Sharing my thoughts here.,Positive
Why did this happen? Thanks for sharing.,Question
You could add more examples to make this easier to understand. Really helpful.,Suggestion
I agree with your point and appreciate the explanation. Really helpful.,Normal
Maybe you could add a short video explaining this. I wanted to mention this.,Suggestion
I agree with your point and appreciate the explanation. Hope this helps.,Normal
Amazing quality and very useful information. What do you think?,Positive
I expected better information from this page. Hope this helps.,Negative
"Great post, I learned something new today. Really helpful.",Normal
"Free coupon available today, claim before it expires.",Spam
"Earn money fast from home, message me for details.",Spam
I strongly disagree with this and found it unhelpful. Hope this helps.,Negative
This content is frustrating to read. Just my opinion.,Negative
Exclusive deal! Click the link to receive your free reward. Thanks for sharing.,Spam
"Make huge money quickly, contact us now. This is worth discussing.",Spam
Looking forward to seeing what you share next. Good information.,Normal
This content is frustrating to read. Hope this helps.,Negative
"Great post, I learned something new today. What do you think?",Normal
Can someone tell me when this will be available? Good information.,Question
This content was helpful and informative. I wanted to mention this.,Normal
There are many problems with the way this was explained. Thanks for sharing.,Negative
I completely loved the way you presented this. Hope this helps.,Positive
"Earn money fast from home, message me for details. What do you think?",Spam
Limited offer! Claim your reward immediately using this link. Really helpful.,Spam
The information here is disappointing and unclear. Hope this helps.,Negative
"This made my day, fantastic content! Just my opinion.",Positive
This was not useful and could have been much better. I wanted to mention this.,Negative
"Earn money fast from home, message me for details. Good information.",Spam
I suggest giving a few practical examples. Really helpful.,Suggestion
This explanation is confusing and poorly presented.,Negative
Really appreciate the effort behind this post. This is worth discussing.,Positive
Exclusive deal! Click the link to receive your free reward. This is worth discussing.,Spam
I am disappointed with the quality of this content. This is worth discussing.,Negative
"Great post, I learned something new today. Just my opinion.",Normal
"Absolutely loved this, such an amazing post! I wanted to mention this.",Positive
Really appreciate the effort behind this post. Hope this helps.,Positive
Can you explain how this works? Good information.,Question
I completely loved the way you presented this. Sharing my thoughts here.,Positive
It would be better if you included more details. Sharing my thoughts here.,Suggestion
This was not useful and could have been much better. Hope this helps.,Negative
"Great post, I learned something new today. This is worth discussing.",Normal
I strongly disagree with this and found it unhelpful. What do you think?,Negative
Hope everyone is having a good day. Thanks for sharing.,Normal
Hope everyone is having a good day. Just my opinion.,Normal
The post did not meet my expectations. Hope this helps.,Negative
"Get free gifts now, visit our website immediately. I wanted to mention this.",Spam
Adding an FAQ section would make this more useful. Just my opinion.,Suggestion
Win cash instantly by registering through this offer. Thanks for sharing.,Spam
"Earn money fast from home, message me for details. Sharing my thoughts here.",Spam
Where can I get the original source? Just my opinion.,Question
"Congratulations! You have won a free prize, click now. What do you think?",Spam
Congratulations winner! Send your details to receive the prize. This is worth discussing.,Spam
I agree with your point and appreciate the explanation.,Normal
Really appreciate the effort behind this post. What do you think?,Positive
"Free coupon available today, claim before it expires. Just my opinion.",Spam
I recommend providing the source for this information. Sharing my thoughts here.,Suggestion
I strongly disagree with this and found it unhelpful. Thanks for sharing.,Negative
"Brilliant explanation, keep up the great work. What do you think?",Positive
It would be better if you included more details. Just my opinion.,Suggestion
Looking forward to seeing what you share next.,Normal
"Get free gifts now, visit our website immediately. Just my opinion.",Spam
I suggest giving a few practical examples. Just my opinion.,Suggestion
Amazing quality and very useful information. Hope this helps.,Positive
It would be better if you included more details. Really helpful.,Suggestion
I enjoyed reading the comments on this post. Good information.,Normal
Adding an FAQ section would make this more useful. This is worth discussing.,Suggestion
There are many problems with the way this was explained. Sharing my thoughts here.,Negative
This was interesting to read and easy to understand. Really helpful.,Normal
You could add more examples to make this easier to understand. Hope this helps.,Suggestion
This was interesting to read and easy to understand. Really helpful.,Normal
"Get free gifts now, visit our website immediately. Thanks for sharing.",Spam
I expected better information from this page. This is worth discussing.,Negative
What do you think about this update? Just my opinion.,Question
Where can I get the original source? This is worth discussing.,Question
Is this information still valid today? This is worth discussing.,Question
Where can I get the original source? This is worth discussing.,Question
This content is frustrating to read. Sharing my thoughts here.,Negative
"Absolutely loved this, such an amazing post! Good information.",Positive
"This made my day, fantastic content!",Positive
The information here is disappointing and unclear. What do you think?,Negative
I completely loved the way you presented this. Thanks for sharing.,Positive
This was not useful and could have been much better. I wanted to mention this.,Negative
Can someone tell me when this will be available? I wanted to mention this.,Question
It might help to include a step by step guide. This is worth discussing.,Suggestion
I agree with your point and appreciate the explanation. Hope this helps.,Normal
This was not useful and could have been much better. Sharing my thoughts here.,Negative
How can I learn more about this topic? Just my opinion.,Question
This was interesting to read and easy to understand. Just my opinion.,Normal
Can someone tell me when this will be available?,Question
Super helpful and beautifully explained. Good information.,Positive
Limited offer! Claim your reward immediately using this link. Good information.,Spam
I am disappointed with the quality of this content. Sharing my thoughts here.,Negative
This explanation is confusing and poorly presented. Sharing my thoughts here.,Negative
Does anyone know where I can find more information? Sharing my thoughts here.,Question
Amazing quality and very useful information. Just my opinion.,Positive
Why did this happen? Really helpful.,Question
"Earn money fast from home, message me for details. Sharing my thoughts here.",Spam
I did not like this post at all.,Negative
This was interesting to read and easy to understand. Just my opinion.,Normal
Where can I get the original source? What do you think?,Question
Why did this happen? I wanted to mention this.,Question
I am disappointed with the quality of this content. Really helpful.,Negative
I recommend providing the source for this information. Good information.,Suggestion
Amazing quality and very useful information. I wanted to mention this.,Positive
This content was helpful and informative. I wanted to mention this.,Normal
Hope everyone is having a good day.,Normal
"Great post, I learned something new today. Just my opinion.",Normal
It might help to include a step by step guide. Really helpful.,Suggestion
"Make huge money quickly, contact us now. Good information.",Spam
This content is frustrating to read. This is worth discussing.,Negative
This content is frustrating to read. Just my opinion.,Negative
"Get free gifts now, visit our website immediately. Really helpful.",Spam
"Earn money fast from home, message me for details. Really helpful.",Spam
"Brilliant explanation, keep up the great work. Really helpful.",Positive
This content was helpful and informative. This is worth discussing.,Normal
"Earn money fast from home, message me for details. This is worth discussing.",Spam
I did not like this post at all. Really helpful.,Negative
Adding an FAQ section would make this more useful. What do you think?,Suggestion
Really appreciate the effort behind this post. Good information.,Positive
Maybe you could add a short video explaining this. This is worth discussing.,Suggestion
Looking forward to seeing what you share next.,Normal
This was interesting to read and easy to understand. Sharing my thoughts here.,Normal
I expected better information from this page. Just my opinion.,Negative
"Absolutely loved this, such an amazing post! Thanks for sharing.",Positive
Why did this happen?,Question
"Get free gifts now, visit our website immediately. I wanted to mention this.",Spam
"Congratulations! You have won a free prize, click now. Just my opinion.",Spam
Super helpful and beautifully explained. I wanted to mention this.,Positive
I did not like this post at all. Really helpful.,Negative
"Brilliant explanation, keep up the great work. Good information.",Positive
Can you share more details about this? Good information.,Question
I really enjoyed this post and found it useful. Really helpful.,Normal
Exclusive deal! Click the link to receive your free reward. This is worth discussing.,Spam
This explanation is confusing and poorly presented. What do you think?,Negative
Has anyone tried this before? Really helpful.,Question
How can I learn more about this topic? This is worth discussing.,Question
Is this information still valid today? What do you think?,Question
Really appreciate the effort behind this post. This is worth discussing.,Positive
"Absolutely loved this, such an amazing post!",Positive
Has anyone tried this before? I wanted to mention this.,Question
I really enjoyed this post and found it useful. Good information.,Normal
This was interesting to read and easy to understand. Hope this helps.,Normal
Can you explain how this works? Really helpful.,Question
This explanation is confusing and poorly presented.,Negative
You should consider adding subtitles to the video. I wanted to mention this.,Suggestion
"Brilliant explanation, keep up the great work. Sharing my thoughts here.",Positive
I completely loved the way you presented this. Really helpful.,Positive
This was interesting to read and easy to understand. Good information.,Normal
Super helpful and beautifully explained. What do you think?,Positive
"Brilliant explanation, keep up the great work. Hope this helps.",Positive
One of the best posts I have seen today. This is worth discussing.,Positive
"Get free gifts now, visit our website immediately. I wanted to mention this.",Spam
Looking forward to seeing what you share next. Hope this helps.,Normal
You should consider adding subtitles to the video.,Suggestion
"Earn money fast from home, message me for details. What do you think?",Spam
"Earn money fast from home, message me for details. Sharing my thoughts here.",Spam
I suggest giving a few practical examples.,Suggestion
I recommend providing the source for this information. I wanted to mention this.,Suggestion
Amazing quality and very useful information. Hope this helps.,Positive
"Get free gifts now, visit our website immediately. Thanks for sharing.",Spam
Thanks for sharing this information with everyone. This is worth discussing.,Normal
Where can I get the original source? I wanted to mention this.,Question
What do you think about this update? Really helpful.,Question
"Make huge money quickly, contact us now. Sharing my thoughts here.",Spam
Super helpful and beautifully explained. Just my opinion.,Positive
This content is frustrating to read. Really helpful.,Negative
"Make huge money quickly, contact us now. Hope this helps.",Spam
Amazing quality and very useful information. Sharing my thoughts here.,Positive
Super helpful and beautifully explained. What do you think?,Positive
"You are selected for a special bonus, claim today.",Spam
I really enjoyed this post and found it useful. Really helpful.,Normal
The post did not meet my expectations. This is worth discussing.,Negative
I recommend providing the source for this information. I wanted to mention this.,Suggestion
I expected better information from this page. Sharing my thoughts here.,Negative
One of the best posts I have seen today. Really helpful.,Positive
I suggest giving a few practical examples. This is worth discussing.,Suggestion
Is this information still valid today? Just my opinion.,Question
"You are selected for a special bonus, claim today. Good information.",Spam
This explanation is confusing and poorly presented. Really helpful.,Negative
"Get free gifts now, visit our website immediately. Good information.",Spam
This explanation is confusing and poorly presented. Thanks for sharing.,Negative
You could add more examples to make this easier to understand. What do you think?,Suggestion
Amazing quality and very useful information. Thanks for sharing.,Positive
Does anyone know where I can find more information? Just my opinion.,Question
You could add more examples to make this easier to understand. Really helpful.,Suggestion
Exclusive deal! Click the link to receive your free reward. Just my opinion.,Spam
What do you think about this update? Thanks for sharing.,Question
Where can I get the original source? This is worth discussing.,Question
Can someone tell me when this will be available? I wanted to mention this.,Question
Why did this happen? Hope this helps.,Question
The information here is disappointing and unclear. This is worth discussing.,Negative
How can I learn more about this topic? Thanks for sharing.,Question
I am disappointed with the quality of this content. This is worth discussing.,Negative
I recommend providing the source for this information. Thanks for sharing.,Suggestion
I suggest improving the design of the post. Good information.,Suggestion
It might help to include a step by step guide. What do you think?,Suggestion
Thanks for sharing this information with everyone. Thanks for sharing.,Normal
One of the best posts I have seen today. This is worth discussing.,Positive
Really appreciate the effort behind this post. Sharing my thoughts here.,Positive
Congratulations winner! Send your details to receive the prize. Just my opinion.,Spam
I am disappointed with the quality of this content. I wanted to mention this.,Negative
Super helpful and beautifully explained. What do you think?,Positive
You should consider adding subtitles to the video. Sharing my thoughts here.,Suggestion
"This made my day, fantastic content! Thanks for sharing.",Positive
"Earn money fast from home, message me for details.",Spam
The information here is disappointing and unclear. Thanks for sharing.,Negative
The information here is disappointing and unclear. I wanted to mention this.,Negative
Why did this happen? Thanks for sharing.,Question
Exclusive deal! Click the link to receive your free reward. Really helpful.,Spam
"This made my day, fantastic content! Thanks for sharing.",Positive
"You are selected for a special bonus, claim today. Hope this helps.",Spam
Win cash instantly by registering through this offer. Just my opinion.,Spam
I expected better information from this page. I wanted to mention this.,Negative
"This is fantastic, you did a wonderful job.",Positive
I completely loved the way you presented this.,Positive
The post did not meet my expectations. Good information.,Negative
There are many problems with the way this was explained. I wanted to mention this.,Negative
I agree with your point and appreciate the explanation. Hope this helps.,Normal
Has anyone tried this before? Thanks for sharing.,Question
Exclusive deal! Click the link to receive your free reward. Good information.,Spam
Congratulations winner! Send your details to receive the prize. What do you think?,Spam
"Brilliant explanation, keep up the great work. Sharing my thoughts here.",Positive
Limited offer! Claim your reward immediately using this link. Hope this helps.,Spam
"Get free gifts now, visit our website immediately.",Spam
I am disappointed with the quality of this content. I wanted to mention this.,Negative
The information here is disappointing and unclear. Really helpful.,Negative
"This is fantastic, you did a wonderful job. I wanted to mention this.",Positive
"Earn money fast from home, message me for details. Hope this helps.",Spam
I am disappointed with the quality of this content. This is worth discussing.,Negative
Can you share more details about this? This is worth discussing.,Question
I enjoyed reading the comments on this post. Good information.,Normal
I suggest improving the design of the post. Hope this helps.,Suggestion
"This made my day, fantastic content! Hope this helps.",Positive
Super helpful and beautifully explained. Thanks for sharing.,Positive
This was interesting to read and easy to understand. What do you think?,Normal
The information here is disappointing and unclear.,Negative
Really appreciate the effort behind this post. Good information.,Positive
I enjoyed reading the comments on this post. Hope this helps.,Normal
This content was helpful and informative. Just my opinion.,Normal
One of the best posts I have seen today. Hope this helps.,Positive
This content is frustrating to read.,Negative
Thanks for sharing this information with everyone. Thanks for sharing.,Normal
"Congratulations! You have won a free prize, click now. Thanks for sharing.",Spam
"This made my day, fantastic content! This is worth discussing.",Positive
"Free coupon available today, claim before it expires.",Spam
Hope everyone is having a good day. Sharing my thoughts here.,Normal
One of the best posts I have seen today. Sharing my thoughts here.,Positive
Really appreciate the effort behind this post. What do you think?,Positive
"Congratulations! You have won a free prize, click now. Hope this helps.",Spam
I enjoyed reading the comments on this post. Really helpful.,Normal
It might help to include a step by step guide. Thanks for sharing.,Suggestion
This content is frustrating to read. Hope this helps.,Negative
Looking forward to seeing what you share next.,Normal
"Great post, I learned something new today. Sharing my thoughts here.",Normal
It would be better if you included more details.,Suggestion
Really appreciate the effort behind this post. Thanks for sharing.,Positive
Amazing quality and very useful information. Hope this helps.,Positive
Is this information still valid today? Just my opinion.,Question
Adding an FAQ section would make this more useful. Really helpful.,Suggestion
"Absolutely loved this, such an amazing post!",Positive
Thanks for sharing this information with everyone. This is worth discussing.,Normal
Hope everyone is having a good day. What do you think?,Normal
This content was helpful and informative. Really helpful.,Normal
"Great post, I learned something new today. Thanks for sharing.",Normal
Can you explain how this works? Thanks for sharing.,Question
I strongly disagree with this and found it unhelpful. Good information.,Negative
This content is frustrating to read. I wanted to mention this.,Negative
This explanation is confusing and poorly presented. Just my opinion.,Negative
I recommend providing the source for this information. I wanted to mention this.,Suggestion
You should consider adding subtitles to the video. Sharing my thoughts here.,Suggestion
"This made my day, fantastic content! Just my opinion.",Positive
There are many problems with the way this was explained. What do you think?,Negative
This was not useful and could have been much better. I wanted to mention this.,Negative
Why did this happen? Good information.,Question
The post did not meet my expectations. Really helpful.,Negative
Looking forward to seeing what you share next. Really helpful.,Normal
Really appreciate the effort behind this post.,Positive
It might help to include a step by step guide. Thanks for sharing.,Suggestion
Does anyone know where I can find more information? Really helpful.,Question
What do you think about this update? Good information.,Question
"Great post, I learned something new today.",Normal
Win cash instantly by registering through this offer. This is worth discussing.,Spam
"Get free gifts now, visit our website immediately. Really helpful.",Spam
Why did this happen? Sharing my thoughts here.,Question
I completely loved the way you presented this. Good information.,Positive
Hope everyone is having a good day. Sharing my thoughts here.,Normal
Does anyone know where I can find more information? Sharing my thoughts here.,Question
This was interesting to read and easy to understand. Good information.,Normal
"Brilliant explanation, keep up the great work. I wanted to mention this.",Positive
Is this information still valid today? Just my opinion.,Question
Limited offer! Claim your reward immediately using this link. This is worth discussing.,Spam
The post did not meet my expectations. Just my opinion.,Negative
Amazing quality and very useful information. Just my opinion.,Positive
Limited offer! Claim your reward immediately using this link. Sharing my thoughts here.,Spam
It might help to include a step by step guide. Thanks for sharing.,Suggestion
I am disappointed with the quality of this content.,Negative
Exclusive deal! Click the link to receive your free reward. This is worth discussing.,Spam
"Congratulations! You have won a free prize, click now. Thanks for sharing.",Spam
The post did not meet my expectations. Good information.,Negative
Can you explain how this works? Hope this helps.,Question
I recommend providing the source for this information. Good information.,Suggestion
"Excellent work, this is really impressive. I wanted to mention this.",Positive
"Earn money fast from home, message me for details. Sharing my thoughts here.",Spam
I did not like this post at all. This is worth discussing.,Negative
The post did not meet my expectations. Good information.,Negative
"Excellent work, this is really impressive. This is worth discussing.",Positive
The information here is disappointing and unclear. Good information.,Negative
Can you share more details about this? Thanks for sharing.,Question
It would be better if you included more details. Thanks for sharing.,Suggestion
Can someone tell me when this will be available? Just my opinion.,Question
I strongly disagree with this and found it unhelpful. This is worth discussing.,Negative
I suggest improving the design of the post. Really helpful.,Suggestion
I agree with your point and appreciate the explanation. Good information.,Normal
This content was helpful and informative. Sharing my thoughts here.,Normal
I agree with your point and appreciate the explanation. Just my opinion.,Normal
"Excellent work, this is really impressive. Sharing my thoughts here.",Positive
Can you share more details about this? Thanks for sharing.,Question
Congratulations winner! Send your details to receive the prize. Really helpful.,Spam
Exclusive deal! Click the link to receive your free reward. Hope this helps.,Spam
"Excellent work, this is really impressive. I wanted to mention this.",Positive
Really appreciate the effort behind this post. Sharing my thoughts here.,Positive
Has anyone tried this before? Sharing my thoughts here.,Question
"Excellent work, this is really impressive. Really helpful.",Positive
Has anyone tried this before? Just my opinion.,Question
The post did not meet my expectations. This is worth discussing.,Negative
I expected better information from this page. Thanks for sharing.,Negative
I recommend providing the source for this information. Really helpful.,Suggestion
Can someone tell me when this will be available?,Question
Maybe you could add a short video explaining this. Thanks for sharing.,Suggestion
"Make huge money quickly, contact us now. Thanks for sharing.",Spam
Does anyone know where I can find more information? Really helpful.,Question
Looking forward to seeing what you share next. What do you think?,Normal
Hope everyone is having a good day. Good information.,Normal
The post did not meet my expectations. This is worth discussing.,Negative
Does anyone know where I can find more information? Just my opinion.,Question
You could add more examples to make this easier to understand. Sharing my thoughts here.,Suggestion
You could improve the formatting for mobile users. Thanks for sharing.,Suggestion
Really appreciate the effort behind this post. Hope this helps.,Positive
What do you think about this update? This is worth discussing.,Question
Adding an FAQ section would make this more useful. What do you think?,Suggestion
You could improve the formatting for mobile users. Just my opinion.,Suggestion
Amazing quality and very useful information. Hope this helps.,Positive
This was interesting to read and easy to understand. This is worth discussing.,Normal
I completely loved the way you presented this. Good information.,Positive
I enjoyed reading the comments on this post. Hope this helps.,Normal
"Great post, I learned something new today. Just my opinion.",Normal
Congratulations winner! Send your details to receive the prize. Sharing my thoughts here.,Spam
"Great post, I learned something new today. Really helpful.",Normal
Hope everyone is having a good day. This is worth discussing.,Normal
Limited offer! Claim your reward immediately using this link. Hope this helps.,Spam
It would be better if you included more details.,Suggestion
The post did not meet my expectations. Really helpful.,Negative
Win cash instantly by registering through this offer. This is worth discussing.,Spam
It might help to include a step by step guide. Just my opinion.,Suggestion
You could improve the formatting for mobile users. Hope this helps.,Suggestion
You could add more examples to make this easier to understand. Thanks for sharing.,Suggestion
I completely loved the way you presented this. What do you think?,Positive
Where can I get the original source? This is worth discussing.,Question
Does anyone know where I can find more information? This is worth discussing.,Question
This was not useful and could have been much better. What do you think?,Negative
I strongly disagree with this and found it unhelpful. Just my opinion.,Negative
"This is fantastic, you did a wonderful job. Just my opinion.",Positive
Is this information still valid today?,Question
This content is frustrating to read. Hope this helps.,Negative
Why did this happen? Sharing my thoughts here.,Question
"This made my day, fantastic content! Thanks for sharing.",Positive
Win cash instantly by registering through this offer. Good information.,Spam
Amazing quality and very useful information. Good information.,Positive
Super helpful and beautifully explained. Good information.,Positive
It would be better if you included more details. Hope this helps.,Suggestion
It might help to include a step by step guide. Good information.,Suggestion
Amazing quality and very useful information. Just my opinion.,Positive
One of the best posts I have seen today. Really helpful.,Positive
I suggest improving the design of the post. Hope this helps.,Suggestion
Has anyone tried this before? Good information.,Question
Really appreciate the effort behind this post. Hope this helps.,Positive
"Brilliant explanation, keep up the great work. What do you think?",Positive
Super helpful and beautifully explained. Good information.,Positive
Hope everyone is having a good day. I wanted to mention this.,Normal
"Congratulations! You have won a free prize, click now. What do you think?",Spam
"Get free gifts now, visit our website immediately.",Spam
You should consider adding subtitles to the video. What do you think?,Suggestion
Adding an FAQ section would make this more useful. What do you think?,Suggestion
Has anyone tried this before? Good information.,Question
I am disappointed with the quality of this content. Good information.,Negative
What do you think about this update? Thanks for sharing.,Question
"Get free gifts now, visit our website immediately. Really helpful.",Spam
"This is fantastic, you did a wonderful job. Good information.",Positive
This explanation is confusing and poorly presented. I wanted to mention this.,Negative
Where can I get the original source? What do you think?,Question
Limited offer! Claim your reward immediately using this link. Hope this helps.,Spam
"This is a nice update, looking forward to more posts like this. Sharing my thoughts here.",Normal
Can you share more details about this?,Question
"Congratulations! You have won a free prize, click now. Good information.",Spam
You should consider adding subtitles to the video. Really helpful.,Suggestion
"Congratulations! You have won a free prize, click now. What do you think?",Spam
There are many problems with the way this was explained. Good information.,Negative
I recommend providing the source for this information. Sharing my thoughts here.,Suggestion
What do you think about this update? Good information.,Question
The information here is disappointing and unclear. Really helpful.,Negative
Can you share more details about this? Good information.,Question
It might help to include a step by step guide. Really helpful.,Suggestion
This content was helpful and informative. Good information.,Normal
I completely loved the way you presented this. I wanted to mention this.,Positive
What do you think about this update?,Question
Thanks for sharing this information with everyone. Sharing my thoughts here.,Normal
Does anyone know where I can find more information? Really helpful.,Question
Does anyone know where I can find more information? Good information.,Question
One of the best posts I have seen today. This is worth discussing.,Positive
"This is fantastic, you did a wonderful job. Thanks for sharing.",Positive
Limited offer! Claim your reward immediately using this link. I wanted to mention this.,Spam
This content was helpful and informative. Just my opinion.,Normal
It would be better if you included more details. Good information.,Suggestion
It might help to include a step by step guide. Sharing my thoughts here.,Suggestion
It would be better if you included more details. Really helpful.,Suggestion
"Great post, I learned something new today. What do you think?",Normal
Congratulations winner! Send your details to receive the prize. Thanks for sharing.,Spam
"Make huge money quickly, contact us now. Thanks for sharing.",Spam
I strongly disagree with this and found it unhelpful.,Negative
Does anyone know where I can find more information? Sharing my thoughts here.,Question
I expected better information from this page. Hope this helps.,Negative
"Earn money fast from home, message me for details. What do you think?",Spam
"This is a nice update, looking forward to more posts like this. Just my opinion.",Normal
Adding an FAQ section would make this more useful. This is worth discussing.,Suggestion
I strongly disagree with this and found it unhelpful. I wanted to mention this.,Negative
Maybe you could add a short video explaining this. I wanted to mention this.,Suggestion
This explanation is confusing and poorly presented. What do you think?,Negative
It might help to include a step by step guide. I wanted to mention this.,Suggestion
"Make huge money quickly, contact us now. This is worth discussing.",Spam
"Make huge money quickly, contact us now. Really helpful.",Spam
"Excellent work, this is really impressive. Sharing my thoughts here.",Positive
You could add more examples to make this easier to understand. Thanks for sharing.,Suggestion
"Great post, I learned something new today. Really helpful.",Normal
"You are selected for a special bonus, claim today.",Spam
Maybe you could add a short video explaining this. Really helpful.,Suggestion
The post did not meet my expectations. What do you think?,Negative
Adding an FAQ section would make this more useful. I wanted to mention this.,Suggestion
Does anyone know where I can find more information? Sharing my thoughts here.,Question
Where can I get the original source? Good information.,Question
Exclusive deal! Click the link to receive your free reward. I wanted to mention this.,Spam
I agree with your point and appreciate the explanation. Thanks for sharing.,Normal
The post did not meet my expectations. Just my opinion.,Negative
I did not like this post at all. I wanted to mention this.,Negative
Where can I get the original source?,Question
Can you share more details about this? Hope this helps.,Question
"This made my day, fantastic content! Hope this helps.",Positive
Limited offer! Claim your reward immediately using this link. Good information.,Spam
I enjoyed reading the comments on this post. This is worth discussing.,Normal
Has anyone tried this before? This is worth discussing.,Question
"Congratulations! You have won a free prize, click now. What do you think?",Spam
"Great post, I learned something new today. I wanted to mention this.",Normal
"Congratulations! You have won a free prize, click now. Really helpful.",Spam
You could improve the formatting for mobile users. Really helpful.,Suggestion
Limited offer! Claim your reward immediately using this link. This is worth discussing.,Spam
This was interesting to read and easy to understand. Thanks for sharing.,Normal
Does anyone know where I can find more information? Just my opinion.,Question
It might help to include a step by step guide. This is worth discussing.,Suggestion
The post did not meet my expectations. Just my opinion.,Negative
Limited offer! Claim your reward immediately using this link. Sharing my thoughts here.,Spam
Amazing quality and very useful information. Sharing my thoughts here.,Positive
I expected better information from this page. This is worth discussing.,Negative
Looking forward to seeing what you share next. Good information.,Normal
"Brilliant explanation, keep up the great work. Really helpful.",Positive
I expected better information from this page. Thanks for sharing.,Negative
"Absolutely loved this, such an amazing post! Really helpful.",Positive
This content was helpful and informative. I wanted to mention this.,Normal
This was interesting to read and easy to understand. Thanks for sharing.,Normal
I recommend providing the source for this information. Sharing my thoughts here.,Suggestion
Can you explain how this works? Good information.,Question
Really appreciate the effort behind this post. I wanted to mention this.,Positive
Limited offer! Claim your reward immediately using this link. Hope this helps.,Spam
You could improve the formatting for mobile users. Sharing my thoughts here.,Suggestion
Adding an FAQ section would make this more useful.,Suggestion
Really appreciate the effort behind this post. Just my opinion.,Positive
This explanation is confusing and poorly presented. Good information.,Negative
This was not useful and could have been much better. What do you think?,Negative
It would be better if you included more details. I wanted to mention this.,Suggestion
"You are selected for a special bonus, claim today. Just my opinion.",Spam
I strongly disagree with this and found it unhelpful. Really helpful.,Negative
Looking forward to seeing what you share next. This is worth discussing.,Normal
I agree with your point and appreciate the explanation. Sharing my thoughts here.,Normal
The post did not meet my expectations. I wanted to mention this.,Negative
It might help to include a step by step guide.,Suggestion
"Free coupon available today, claim before it expires. Good information.",Spam
Does anyone know where I can find more information? Hope this helps.,Question
I am disappointed with the quality of this content. Good information.,Negative
"Free coupon available today, claim before it expires.",Spam
It might help to include a step by step guide. Hope this helps.,Suggestion
One of the best posts I have seen today. This is worth discussing.,Positive
"This is fantastic, you did a wonderful job. What do you think?",Positive
I did not like this post at all. Sharing my thoughts here.,Negative
Really appreciate the effort behind this post. Really helpful.,Positive
"This is a nice update, looking forward to more posts like this. Sharing my thoughts here.",Normal
Where can I get the original source? Sharing my thoughts here.,Question
Can you share more details about this? Sharing my thoughts here.,Question
"Get free gifts now, visit our website immediately. Really helpful.",Spam
Does anyone know where I can find more information? Hope this helps.,Question
Looking forward to seeing what you share next. Really helpful.,Normal
I enjoyed reading the comments on this post. Just my opinion.,Normal
"Absolutely loved this, such an amazing post! I wanted to mention this.",Positive
I agree with your point and appreciate the explanation. This is worth discussing.,Normal
Does anyone know where I can find more information? Just my opinion.,Question
Is this information still valid today? Good information.,Question
I recommend providing the source for this information. Sharing my thoughts here.,Suggestion
It would be better if you included more details.,Suggestion
"This is a nice update, looking forward to more posts like this. Sharing my thoughts here.",Normal
The information here is disappointing and unclear.,Negative
"Absolutely loved this, such an amazing post! I wanted to mention this.",Positive
Maybe you could add a short video explaining this. Thanks for sharing.,Suggestion
Really appreciate the effort behind this post. I wanted to mention this.,Positive
Amazing quality and very useful information. This is worth discussing.,Positive
"You are selected for a special bonus, claim today. This is worth discussing.",Spam
Congratulations winner! Send your details to receive the prize. What do you think?,Spam
"This made my day, fantastic content! Hope this helps.",Positive
The information here is disappointing and unclear. I wanted to mention this.,Negative
This was interesting to read and easy to understand. Really helpful.,Normal
I completely loved the way you presented this. Sharing my thoughts here.,Positive
Really appreciate the effort behind this post. This is worth discussing.,Positive
Win cash instantly by registering through this offer.,Spam
I recommend providing the source for this information. What do you think?,Suggestion
I expected better information from this page. I wanted to mention this.,Negative
This content was helpful and informative. Hope this helps.,Normal
You should consider adding subtitles to the video. What do you think?,Suggestion
I am disappointed with the quality of this content. Good information.,Negative
I strongly disagree with this and found it unhelpful. Hope this helps.,Negative
"Make huge money quickly, contact us now. This is worth discussing.",Spam
Has anyone tried this before? I wanted to mention this.,Question
Looking forward to seeing what you share next. Just my opinion.,Normal
Hope everyone is having a good day. This is worth discussing.,Normal
You should consider adding subtitles to the video. Really helpful.,Suggestion
Can you explain how this works? Thanks for sharing.,Question
There are many problems with the way this was explained. Sharing my thoughts here.,Negative
"Great post, I learned something new today. Sharing my thoughts here.",Normal
"You are selected for a special bonus, claim today. Just my opinion.",Spam
The post did not meet my expectations. What do you think?,Negative
This was not useful and could have been much better. This is worth discussing.,Negative
Congratulations winner! Send your details to receive the prize. This is worth discussing.,Spam
Limited offer! Claim your reward immediately using this link. Thanks for sharing.,Spam
You could improve the formatting for mobile users. Thanks for sharing.,Suggestion
I am disappointed with the quality of this content. This is worth discussing.,Negative
"This made my day, fantastic content! What do you think?",Positive
"Get free gifts now, visit our website immediately. Thanks for sharing.",Spam
This was interesting to read and easy to understand.,Normal
"Brilliant explanation, keep up the great work. What do you think?",Positive
"Earn money fast from home, message me for details. Thanks for sharing.",Spam
"This is a nice update, looking forward to more posts like this. This is worth discussing.",Normal
I suggest improving the design of the post. Just my opinion.,Suggestion
Really appreciate the effort behind this post. I wanted to mention this.,Positive
I recommend providing the source for this information. Thanks for sharing.,Suggestion
"Make huge money quickly, contact us now. Hope this helps.",Spam
This was interesting to read and easy to understand.,Normal
Limited offer! Claim your reward immediately using this link. Sharing my thoughts here.,Spam
"Excellent work, this is really impressive. Hope this helps.",Positive
I agree with your point and appreciate the explanation. Really helpful.,Normal
You could improve the formatting for mobile users. Thanks for sharing.,Suggestion
Where can I get the original source? Sharing my thoughts here.,Question
I enjoyed reading the comments on this post. Hope this helps.,Normal
Looking forward to seeing what you share next. Just my opinion.,Normal
"Excellent work, this is really impressive. I wanted to mention this.",Positive
Looking forward to seeing what you share next. Good information.,Normal
Really appreciate the effort behind this post. I wanted to mention this.,Positive
"Excellent work, this is really impressive. What do you think?",Positive
I strongly disagree with this and found it unhelpful. Good information.,Negative
I really enjoyed this post and found it useful. This is worth discussing.,Normal
There are many problems with the way this was explained. Thanks for sharing.,Negative
Super helpful and beautifully explained.,Positive
This content was helpful and informative. Just my opinion.,Normal
Really appreciate the effort behind this post. Good information.,Positive
Amazing quality and very useful information. Hope this helps.,Positive
This was interesting to read and easy to understand. I wanted to mention this.,Normal
"This made my day, fantastic content!",Positive
This was not useful and could have been much better. What do you think?,Negative
Can you explain how this works? What do you think?,Question
This content was helpful and informative. Really helpful.,Normal
I really enjoyed this post and found it useful. I wanted to mention this.,Normal
Super helpful and beautifully explained. I wanted to mention this.,Positive
Can you share more details about this? This is worth discussing.,Question
You could add more examples to make this easier to understand.,Suggestion
"This is fantastic, you did a wonderful job. Really helpful.",Positive
This content is frustrating to read. Good information.,Negative
"This made my day, fantastic content! Just my opinion.",Positive
I recommend providing the source for this information. I wanted to mention this.,Suggestion
Thanks for sharing this information with everyone. Just my opinion.,Normal
"Congratulations! You have won a free prize, click now.",Spam
I completely loved the way you presented this. Hope this helps.,Positive
I suggest improving the design of the post. Sharing my thoughts here.,Suggestion
"You are selected for a special bonus, claim today. Hope this helps.",Spam
"Excellent work, this is really impressive. Thanks for sharing.",Positive
"Earn money fast from home, message me for details. This is worth discussing.",Spam
Hope everyone is having a good day. Really helpful.,Normal
You could improve the formatting for mobile users. What do you think?,Suggestion
You could add more examples to make this easier to understand. This is worth discussing.,Suggestion
"Earn money fast from home, message me for details.",Spam
You could improve the formatting for mobile users. Really helpful.,Suggestion
I suggest giving a few practical examples. Hope this helps.,Suggestion
I really enjoyed this post and found it useful. This is worth discussing.,Normal
Exclusive deal! Click the link to receive your free reward. This is worth discussing.,Spam
Exclusive deal! Click the link to receive your free reward. Hope this helps.,Spam
There are many problems with the way this was explained. What do you think?,Negative
"Free coupon available today, claim before it expires. This is worth discussing.",Spam
This content was helpful and informative. Really helpful.,Normal
"Absolutely loved this, such an amazing post! Hope this helps.",Positive
One of the best posts I have seen today. What do you think?,Positive
What do you think about this update? Thanks for sharing.,Question
I expected better information from this page. What do you think?,Negative
One of the best posts I have seen today. What do you think?,Positive
I am disappointed with the quality of this content. What do you think?,Negative
Maybe you could add a short video explaining this. Good information.,Suggestion
"Earn money fast from home, message me for details. Thanks for sharing.",Spam
You could improve the formatting for mobile users. Sharing my thoughts here.,Suggestion
This was interesting to read and easy to understand. This is worth discussing.,Normal
Is this information still valid today? Hope this helps.,Question
"This is fantastic, you did a wonderful job. Thanks for sharing.",Positive
Hope everyone is having a good day. Good information.,Normal
Can someone tell me when this will be available? Hope this helps.,Question
I really enjoyed this post and found it useful. Just my opinion.,Normal
"Great post, I learned something new today.",Normal
The post did not meet my expectations. Hope this helps.,Negative
It might help to include a step by step guide. Hope this helps.,Suggestion
Looking forward to seeing what you share next. Good information.,Normal
"Congratulations! You have won a free prize, click now. Sharing my thoughts here.",Spam
"Great post, I learned something new today. Hope this helps.",Normal
"You are selected for a special bonus, claim today. What do you think?",Spam
I completely loved the way you presented this.,Positive
Congratulations winner! Send your details to receive the prize. Hope this helps.,Spam
Congratulations winner! Send your details to receive the prize. Just my opinion.,Spam
Limited offer! Claim your reward immediately using this link. This is worth discussing.,Spam
I am disappointed with the quality of this content. Hope this helps.,Negative
Super helpful and beautifully explained. This is worth discussing.,Positive
Can you share more details about this? Just my opinion.,Question
"Excellent work, this is really impressive. I wanted to mention this.",Positive
This content was helpful and informative. Hope this helps.,Normal
Really appreciate the effort behind this post. Really helpful.,Positive
"Excellent work, this is really impressive. What do you think?",Positive
I did not like this post at all.,Negative
I agree with your point and appreciate the explanation. Really helpful.,Normal
I enjoyed reading the comments on this post. Good information.,Normal
You could improve the formatting for mobile users. This is worth discussing.,Suggestion
Can you explain how this works?,Question
Has anyone tried this before? Thanks for sharing.,Question
This content was helpful and informative. I wanted to mention this.,Normal
The post did not meet my expectations. Just my opinion.,Negative
I completely loved the way you presented this. What do you think?,Positive
I suggest giving a few practical examples.,Suggestion
Congratulations winner! Send your details to receive the prize.,Spam
I expected better information from this page. Hope this helps.,Negative
"This is a nice update, looking forward to more posts like this. Sharing my thoughts here.",Normal
Exclusive deal! Click the link to receive your free reward. Really helpful.,Spam
I agree with your point and appreciate the explanation. I wanted to mention this.,Normal
This was interesting to read and easy to understand.,Normal
This content was helpful and informative. Just my opinion.,Normal
"Brilliant explanation, keep up the great work. Good information.",Positive
Thanks for sharing this information with everyone. Thanks for sharing.,Normal
Can you share more details about this? Good information.,Question
I expected better information from this page. Sharing my thoughts here.,Negative
Congratulations winner! Send your details to receive the prize. Thanks for sharing.,Spam
I completely loved the way you presented this. Sharing my thoughts here.,Positive
Where can I get the original source? I wanted to mention this.,Question
This explanation is confusing and poorly presented. This is worth discussing.,Negative
You should consider adding subtitles to the video. I wanted to mention this.,Suggestion
I recommend providing the source for this information. This is worth discussing.,Suggestion
Can you explain how this works? Hope this helps.,Question
"Excellent work, this is really impressive. What do you think?",Positive
I suggest giving a few practical examples. Just my opinion.,Suggestion
"Great post, I learned something new today.",Normal
I did not like this post at all. Good information.,Negative
"This is a nice update, looking forward to more posts like this. Good information.",Normal
"Great post, I learned something new today. Thanks for sharing.",Normal
I agree with your point and appreciate the explanation. Thanks for sharing.,Normal
This explanation is confusing and poorly presented. Good information.,Negative
I really enjoyed this post and found it useful. This is worth discussing.,Normal
"This made my day, fantastic content! Thanks for sharing.",Positive
I completely loved the way you presented this. Sharing my thoughts here.,Positive
Amazing quality and very useful information.,Positive
Has anyone tried this before? This is worth discussing.,Question
Win cash instantly by registering through this offer. Hope this helps.,Spam
This explanation is confusing and poorly presented. Hope this helps.,Negative
You could add more examples to make this easier to understand.,Suggestion
It would be better if you included more details. Really helpful.,Suggestion
I expected better information from this page. Thanks for sharing.,Negative
This explanation is confusing and poorly presented. What do you think?,Negative
The post did not meet my expectations. Really helpful.,Negative
I agree with your point and appreciate the explanation. Really helpful.,Normal
This content is frustrating to read. This is worth discussing.,Negative
Looking forward to seeing what you share next. I wanted to mention this.,Normal
This explanation is confusing and poorly presented. I wanted to mention this.,Negative
I did not like this post at all. I wanted to mention this.,Negative
This content was helpful and informative. Just my opinion.,Normal
Adding an FAQ section would make this more useful. Hope this helps.,Suggestion
This was interesting to read and easy to understand. This is worth discussing.,Normal
"Excellent work, this is really impressive. Hope this helps.",Positive
I completely loved the way you presented this. Sharing my thoughts here.,Positive
There are many problems with the way this was explained. Sharing my thoughts here.,Negative
Adding an FAQ section would make this more useful. Good information.,Suggestion
I expected better information from this page. Thanks for sharing.,Negative
Can you explain how this works? This is worth discussing.,Question
Adding an FAQ section would make this more useful. This is worth discussing.,Suggestion
This content was helpful and informative. What do you think?,Normal
I strongly disagree with this and found it unhelpful. Just my opinion.,Negative
Why did this happen? Good information.,Question
Limited offer! Claim your reward immediately using this link. Thanks for sharing.,Spam
You should consider adding subtitles to the video. What do you think?,Suggestion
"You are selected for a special bonus, claim today. Thanks for sharing.",Spam
The post did not meet my expectations. Hope this helps.,Negative
Has anyone tried this before? I wanted to mention this.,Question
Where can I get the original source? Really helpful.,Question
"Make huge money quickly, contact us now.",Spam
This was not useful and could have been much better. I wanted to mention this.,Negative
Has anyone tried this before? I wanted to mention this.,Question
I expected better information from this page. I wanted to mention this.,Negative
Hope everyone is having a good day. Hope this helps.,Normal
Does anyone know where I can find more information? Just my opinion.,Question
I really enjoyed this post and found it useful. This is worth discussing.,Normal
You could improve the formatting for mobile users. What do you think?,Suggestion
Can you share more details about this? Sharing my thoughts here.,Question
"This is a nice update, looking forward to more posts like this. I wanted to mention this.",Normal
Is this information still valid today? Thanks for sharing.,Question
"You are selected for a special bonus, claim today. Thanks for sharing.",Spam
Does anyone know where I can find more information? Really helpful.,Question
"Absolutely loved this, such an amazing post! This is worth discussing.",Positive
Win cash instantly by registering through this offer. Really helpful.,Spam
"This is a nice update, looking forward to more posts like this. Thanks for sharing.",Normal
"This made my day, fantastic content! Just my opinion.",Positive
Thanks for sharing this information with everyone. Just my opinion.,Normal
Amazing quality and very useful information. Good information.,Positive
Win cash instantly by registering through this offer. Good information.,Spam
Amazing quality and very useful information. Thanks for sharing.,Positive
"Congratulations! You have won a free prize, click now. I wanted to mention this.",Spam
"This is fantastic, you did a wonderful job. I wanted to mention this.",Positive
"Get free gifts now, visit our website immediately. I wanted to mention this.",Spam
Amazing quality and very useful information. This is worth discussing.,Positive
The information here is disappointing and unclear. Good information.,Negative
Where can I get the original source? Just my opinion.,Question
You should consider adding subtitles to the video. Sharing my thoughts here.,Suggestion
The information here is disappointing and unclear. Really helpful.,Negative
Is this information still valid today? This is worth discussing.,Question
I recommend providing the source for this information. This is worth discussing.,Suggestion
Super helpful and beautifully explained. This is worth discussing.,Positive
This content is frustrating to read.,Negative
How can I learn more about this topic? Sharing my thoughts here.,Question
Hope everyone is having a good day. Just my opinion.,Normal
I strongly disagree with this and found it unhelpful. This is worth discussing.,Negative
"Free coupon available today, claim before it expires. What do you think?",Spam
The post did not meet my expectations. Hope this helps.,Negative
Limited offer! Claim your reward immediately using this link. Really helpful.,Spam
You could improve the formatting for mobile users. I wanted to mention this.,Suggestion
Where can I get the original source? Just my opinion.,Question
"This is fantastic, you did a wonderful job. What do you think?",Positive
Is this information still valid today? Just my opinion.,Question
Maybe you could add a short video explaining this. Really helpful.,Suggestion
Has anyone tried this before? Just my opinion.,Question
Hope everyone is having a good day. Sharing my thoughts here.,Normal
It would be better if you included more details. I wanted to mention this.,Suggestion
Win cash instantly by registering through this offer. Hope this helps.,Spam
You could improve the formatting for mobile users. This is worth discussing.,Suggestion
This was not useful and could have been much better. Sharing my thoughts here.,Negative
Hope everyone is having a good day. Just my opinion.,Normal
Amazing quality and very useful information. Thanks for sharing.,Positive
Has anyone tried this before? Really helpful.,Question
I completely loved the way you presented this.,Positive
Super helpful and beautifully explained. Good information.,Positive
Hope everyone is having a good day. This is worth discussing.,Normal
Limited offer! Claim your reward immediately using this link. Really helpful.,Spam
This content was helpful and informative.,Normal
Is this information still valid today? Sharing my thoughts here.,Question
It might help to include a step by step guide. Just my opinion.,Suggestion
Can you share more details about this? Really helpful.,Question
Hope everyone is having a good day. Sharing my thoughts here.,Normal
"This made my day, fantastic content! Really helpful.",Positive
One of the best posts I have seen today. Hope this helps.,Positive
Congratulations winner! Send your details to receive the prize. What do you think?,Spam
I completely loved the way you presented this. Just my opinion.,Positive
You could add more examples to make this easier to understand. Thanks for sharing.,Suggestion
Limited offer! Claim your reward immediately using this link. Sharing my thoughts here.,Spam
I enjoyed reading the comments on this post. Thanks for sharing.,Normal
The information here is disappointing and unclear. Thanks for sharing.,Negative
I recommend providing the source for this information. Good information.,Suggestion
I recommend providing the source for this information. Hope this helps.,Suggestion
Looking forward to seeing what you share next. Really helpful.,Normal
This was interesting to read and easy to understand. What do you think?,Normal
It might help to include a step by step guide. Good information.,Suggestion
Does anyone know where I can find more information? What do you think?,Question
It might help to include a step by step guide. Hope this helps.,Suggestion
Looking forward to seeing what you share next. Really helpful.,Normal
"You are selected for a special bonus, claim today. What do you think?",Spam
How can I learn more about this topic? Just my opinion.,Question
"Excellent work, this is really impressive. Sharing my thoughts here.",Positive
Thanks for sharing this information with everyone. This is worth discussing.,Normal
What do you think about this update? Really helpful.,Question
It might help to include a step by step guide. I wanted to mention this.,Suggestion
Amazing quality and very useful information. Thanks for sharing.,Positive
"Excellent work, this is really impressive. Really helpful.",Positive
"Free coupon available today, claim before it expires. I wanted to mention this.",Spam
Thanks for sharing this information with everyone. What do you think?,Normal
"You are selected for a special bonus, claim today. Just my opinion.",Spam
You could add more examples to make this easier to understand. What do you think?,Suggestion
"This is a nice update, looking forward to more posts like this. Hope this helps.",Normal
Can someone tell me when this will be available? I wanted to mention this.,Question
I am disappointed with the quality of this content. Sharing my thoughts here.,Negative
"Brilliant explanation, keep up the great work. I wanted to mention this.",Positive
It would be better if you included more details. Hope this helps.,Suggestion
Looking forward to seeing what you share next. Good information.,Normal
Super helpful and beautifully explained.,Positive
"Brilliant explanation, keep up the great work. Hope this helps.",Positive
There are many problems with the way this was explained. This is worth discussing.,Negative
"Free coupon available today, claim before it expires. Hope this helps.",Spam
This content was helpful and informative. Hope this helps.,Normal
I did not like this post at all. Hope this helps.,Negative
The post did not meet my expectations. Sharing my thoughts here.,Negative
I agree with your point and appreciate the explanation. Sharing my thoughts here.,Normal
Looking forward to seeing what you share next. Just my opinion.,Normal
Limited offer! Claim your reward immediately using this link.,Spam
I strongly disagree with this and found it unhelpful. I wanted to mention this.,Negative
It would be better if you included more details. Sharing my thoughts here.,Suggestion
The information here is disappointing and unclear.,Negative
"This is a nice update, looking forward to more posts like this. Really helpful.",Normal
"You are selected for a special bonus, claim today.",Spam
"Make huge money quickly, contact us now. Hope this helps.",Spam
This was interesting to read and easy to understand.,Normal
Amazing quality and very useful information. Sharing my thoughts here.,Positive
"This is a nice update, looking forward to more posts like this. Just my opinion.",Normal
"Free coupon available today, claim before it expires. I wanted to mention this.",Spam
"Earn money fast from home, message me for details. What do you think?",Spam
"Get free gifts now, visit our website immediately. Sharing my thoughts here.",Spam
Where can I get the original source? Good information.,Question
Can someone tell me when this will be available? Hope this helps.,Question
"Great post, I learned something new today. Hope this helps.",Normal
Has anyone tried this before? This is worth discussing.,Question
This was not useful and could have been much better. I wanted to mention this.,Negative
"Brilliant explanation, keep up the great work. Good information.",Positive
There are many problems with the way this was explained. Good information.,Negative
"Congratulations! You have won a free prize, click now. I wanted to mention this.",Spam
"Great post, I learned something new today. Hope this helps.",Normal
Can you explain how this works? I wanted to mention this.,Question
Really appreciate the effort behind this post. Good information.,Positive
Adding an FAQ section would make this more useful. Just my opinion.,Suggestion
Maybe you could add a short video explaining this. Thanks for sharing.,Suggestion
Can someone tell me when this will be available? Hope this helps.,Question
The post did not meet my expectations. Good information.,Negative
Thanks for sharing this information with everyone. What do you think?,Normal
Hope everyone is having a good day. This is worth discussing.,Normal
I enjoyed reading the comments on this post. This is worth discussing.,Normal
This was interesting to read and easy to understand. Really helpful.,Normal
I did not like this post at all.,Negative
"You are selected for a special bonus, claim today. Good information.",Spam
Hope everyone is having a good day. Really helpful.,Normal
Amazing quality and very useful information. This is worth discussing.,Positive
Limited offer! Claim your reward immediately using this link. Just my opinion.,Spam
Can someone tell me when this will be available? Hope this helps.,Question
Hope everyone is having a good day. Hope this helps.,Normal
How can I learn more about this topic? Hope this helps.,Question
I recommend providing the source for this information. Hope this helps.,Suggestion
"Earn money fast from home, message me for details. Really helpful.",Spam
I suggest giving a few practical examples. I wanted to mention this.,Suggestion
Is this information still valid today? Hope this helps.,Question
I enjoyed reading the comments on this post. Really helpful.,Normal
"Free coupon available today, claim before it expires.",Spam
"Excellent work, this is really impressive.",Positive
This was not useful and could have been much better. Just my opinion.,Negative
I am disappointed with the quality of this content. Good information.,Negative
Looking forward to seeing what you share next. I wanted to mention this.,Normal
I am disappointed with the quality of this content. Really helpful.,Negative
Exclusive deal! Click the link to receive your free reward. Hope this helps.,Spam
Can you share more details about this? Thanks for sharing.,Question
Can you share more details about this? Thanks for sharing.,Question
I strongly disagree with this and found it unhelpful. Just my opinion.,Negative
I really enjoyed this post and found it useful. What do you think?,Normal
"This is fantastic, you did a wonderful job. Just my opinion.",Positive
I expected better information from this page. I wanted to mention this.,Negative
You should consider adding subtitles to the video. This is worth discussing.,Suggestion
"You are selected for a special bonus, claim today. I wanted to mention this.",Spam
I am disappointed with the quality of this content. Hope this helps.,Negative
"Congratulations! You have won a free prize, click now.",Spam
Thanks for sharing this information with everyone. What do you think?,Normal
You should consider adding subtitles to the video. What do you think?,Suggestion
Why did this happen? What do you think?,Question
This explanation is confusing and poorly presented. Sharing my thoughts here.,Negative
"This is fantastic, you did a wonderful job. This is worth discussing.",Positive
Looking forward to seeing what you share next.,Normal
Amazing quality and very useful information. Thanks for sharing.,Positive
"Make huge money quickly, contact us now. Hope this helps.",Spam
I suggest improving the design of the post. This is worth discussing.,Suggestion
This content was helpful and informative. What do you think?,Normal
This content was helpful and informative. Sharing my thoughts here.,Normal
"Great post, I learned something new today. This is worth discussing.",Normal
Maybe you could add a short video explaining this. This is worth discussing.,Suggestion
"Great post, I learned something new today. Good information.",Normal
This was interesting to read and easy to understand. Good information.,Normal
Looking forward to seeing what you share next. This is worth discussing.,Normal
I really enjoyed this post and found it useful. I wanted to mention this.,Normal
Really appreciate the effort behind this post. This is worth discussing.,Positive
This content is frustrating to read.,Negative
You could improve the formatting for mobile users. Thanks for sharing.,Suggestion
"Excellent work, this is really impressive. Sharing my thoughts here.",Positive
I recommend providing the source for this information. Good information.,Suggestion
I suggest giving a few practical examples. Just my opinion.,Suggestion
"This is a nice update, looking forward to more posts like this. This is worth discussing.",Normal
You could improve the formatting for mobile users. Sharing my thoughts here.,Suggestion
I really enjoyed this post and found it useful. Good information.,Normal
"Congratulations! You have won a free prize, click now.",Spam
Can you explain how this works? What do you think?,Question
This was interesting to read and easy to understand. This is worth discussing.,Normal
"Great post, I learned something new today. Just my opinion.",Normal
"Great post, I learned something new today. What do you think?",Normal
There are many problems with the way this was explained. I wanted to mention this.,Negative
How can I learn more about this topic? I wanted to mention this.,Question
The information here is disappointing and unclear. Thanks for sharing.,Negative
How can I learn more about this topic? I wanted to mention this.,Question
"Excellent work, this is really impressive. This is worth discussing.",Positive
I completely loved the way you presented this. Thanks for sharing.,Positive
Can you explain how this works?,Question
Limited offer! Claim your reward immediately using this link. Just my opinion.,Spam
I did not like this post at all. Good information.,Negative
Maybe you could add a short video explaining this. What do you think?,Suggestion
It would be better if you included more details. Thanks for sharing.,Suggestion
The post did not meet my expectations. Sharing my thoughts here.,Negative
Maybe you could add a short video explaining this. Just my opinion.,Suggestion
Maybe you could add a short video explaining this. Just my opinion.,Suggestion
Why did this happen? Just my opinion.,Question
It might help to include a step by step guide. Really helpful.,Suggestion
Why did this happen? Just my opinion.,Question
It would be better if you included more details. Sharing my thoughts here.,Suggestion
"This is a nice update, looking forward to more posts like this. Sharing my thoughts here.",Normal
How can I learn more about this topic?,Question
This explanation is confusing and poorly presented. This is worth discussing.,Negative
Limited offer! Claim your reward immediately using this link. Really helpful.,Spam
Congratulations winner! Send your details to receive the prize. Thanks for sharing.,Spam
You should consider adding subtitles to the video. What do you think?,Suggestion
This content was helpful and informative. Thanks for sharing.,Normal
You could add more examples to make this easier to understand. What do you think?,Suggestion
Where can I get the original source? Just my opinion.,Question
Does anyone know where I can find more information? This is worth discussing.,Question
The information here is disappointing and unclear. What do you think?,Negative
It would be better if you included more details. This is worth discussing.,Suggestion
Has anyone tried this before? What do you think?,Question
"Earn money fast from home, message me for details. What do you think?",Spam
Amazing quality and very useful information. I wanted to mention this.,Positive
Does anyone know where I can find more information? What do you think?,Question
What do you think about this update? This is worth discussing.,Question
I am disappointed with the quality of this content.,Negative
"Earn money fast from home, message me for details. Good information.",Spam
Congratulations winner! Send your details to receive the prize. Really helpful.,Spam
Exclusive deal! Click the link to receive your free reward. Thanks for sharing.,Spam
Can someone tell me when this will be available? Hope this helps.,Question
"Great post, I learned something new today. This is worth discussing.",Normal
Looking forward to seeing what you share next. Sharing my thoughts here.,Normal
This was not useful and could have been much better. This is worth discussing.,Negative
Hope everyone is having a good day. I wanted to mention this.,Normal
The post did not meet my expectations. Sharing my thoughts here.,Negative
I completely loved the way you presented this. Just my opinion.,Positive
"Brilliant explanation, keep up the great work. Thanks for sharing.",Positive
Limited offer! Claim your reward immediately using this link. Just my opinion.,Spam
You could add more examples to make this easier to understand. Good information.,Suggestion
"Congratulations! You have won a free prize, click now. Really helpful.",Spam
You could add more examples to make this easier to understand. I wanted to mention this.,Suggestion
How can I learn more about this topic? Really helpful.,Question
How can I learn more about this topic? This is worth discussing.,Question
"Absolutely loved this, such an amazing post! Good information.",Positive
"Great post, I learned something new today.",Normal
This content is frustrating to read. Really helpful.,Negative
This content was helpful and informative. Thanks for sharing.,Normal
Can you share more details about this? Really helpful.,Question
You should consider adding subtitles to the video. I wanted to mention this.,Suggestion
Win cash instantly by registering through this offer. I wanted to mention this.,Spam
You could add more examples to make this easier to understand. Just my opinion.,Suggestion
There are many problems with the way this was explained. This is worth discussing.,Negative
One of the best posts I have seen today. Really helpful.,Positive
"Make huge money quickly, contact us now. Good information.",Spam
Limited offer! Claim your reward immediately using this link. I wanted to mention this.,Spam
Really appreciate the effort behind this post. Really helpful.,Positive
One of the best posts I have seen today. Hope this helps.,Positive
I enjoyed reading the comments on this post. Sharing my thoughts here.,Normal
"This is a nice update, looking forward to more posts like this. Thanks for sharing.",Normal
I strongly disagree with this and found it unhelpful. Really helpful.,Negative
The post did not meet my expectations. Sharing my thoughts here.,Negative
The post did not meet my expectations. Thanks for sharing.,Negative
"This made my day, fantastic content! Really helpful.",Positive
The information here is disappointing and unclear. What do you think?,Negative
This was not useful and could have been much better.,Negative
"Great post, I learned something new today. Just my opinion.",Normal
Can you explain how this works?,Question
Really appreciate the effort behind this post.,Positive
I agree with your point and appreciate the explanation. Really helpful.,Normal
Congratulations winner! Send your details to receive the prize. This is worth discussing.,Spam
The post did not meet my expectations. Good information.,Negative
Thanks for sharing this information with everyone. What do you think?,Normal
This content is frustrating to read.,Negative
I agree with your point and appreciate the explanation.,Normal
Super helpful and beautifully explained. Good information.,Positive
Exclusive deal! Click the link to receive your free reward. Thanks for sharing.,Spam
What do you think about this update? Hope this helps.,Question
I strongly disagree with this and found it unhelpful. I wanted to mention this.,Negative
How can I learn more about this topic? Just my opinion.,Question
I expected better information from this page. Hope this helps.,Negative
I enjoyed reading the comments on this post. Really helpful.,Normal
Really appreciate the effort behind this post. Just my opinion.,Positive
There are many problems with the way this was explained. I wanted to mention this.,Negative
The information here is disappointing and unclear. This is worth discussing.,Negative
This was not useful and could have been much better. Good information.,Negative
Limited offer! Claim your reward immediately using this link. Good information.,Spam
There are many problems with the way this was explained. I wanted to mention this.,Negative
Congratulations winner! Send your details to receive the prize. Thanks for sharing.,Spam
How can I learn more about this topic? Sharing my thoughts here.,Question
Exclusive deal! Click the link to receive your free reward. Thanks for sharing.,Spam
Adding an FAQ section would make this more useful. This is worth discussing.,Suggestion
This was interesting to read and easy to understand. Really helpful.,Normal
Is this information still valid today? This is worth discussing.,Question
I strongly disagree with this and found it unhelpful. Good information.,Negative
Hope everyone is having a good day. This is worth discussing.,Normal
I suggest improving the design of the post. Hope this helps.,Suggestion
Does anyone know where I can find more information? What do you think?,Question
Can you share more details about this? Really helpful.,Question
"Congratulations! You have won a free prize, click now. Good information.",Spam
There are many problems with the way this was explained. Hope this helps.,Negative
"This is a nice update, looking forward to more posts like this. Sharing my thoughts here.",Normal
Does anyone know where I can find more information? Thanks for sharing.,Question
I enjoyed reading the comments on this post.,Normal
It would be better if you included more details. Sharing my thoughts here.,Suggestion
I suggest giving a few practical examples. Sharing my thoughts here.,Suggestion
The post did not meet my expectations. Hope this helps.,Negative
Can you explain how this works? This is worth discussing.,Question
Really appreciate the effort behind this post. Hope this helps.,Positive
This content was helpful and informative. Really helpful.,Normal
You should consider adding subtitles to the video. I wanted to mention this.,Suggestion
It would be better if you included more details. I wanted to mention this.,Suggestion
Adding an FAQ section would make this more useful. Just my opinion.,Suggestion
"Make huge money quickly, contact us now. This is worth discussing.",Spam
Has anyone tried this before? I wanted to mention this.,Question
I agree with your point and appreciate the explanation. I wanted to mention this.,Normal
I agree with your point and appreciate the explanation.,Normal
"Earn money fast from home, message me for details. I wanted to mention this.",Spam
Why did this happen? This is worth discussing.,Question
Does anyone know where I can find more information? I wanted to mention this.,Question
Limited offer! Claim your reward immediately using this link. Just my opinion.,Spam
I am disappointed with the quality of this content. Just my opinion.,Negative
Is this information still valid today? Thanks for sharing.,Question
"This made my day, fantastic content! Good information.",Positive
How can I learn more about this topic? Sharing my thoughts here.,Question
Can someone tell me when this will be available? What do you think?,Question
I agree with your point and appreciate the explanation. Really helpful.,Normal
"Make huge money quickly, contact us now. Sharing my thoughts here.",Spam
"Excellent work, this is really impressive. Thanks for sharing.",Positive
"This made my day, fantastic content! Sharing my thoughts here.",Positive
I expected better information from this page. Sharing my thoughts here.,Negative
Has anyone tried this before? Just my opinion.,Question
Congratulations winner! Send your details to receive the prize.,Spam
How can I learn more about this topic? Just my opinion.,Question
Limited offer! Claim your reward immediately using this link. Thanks for sharing.,Spam
Can someone tell me when this will be available? Thanks for sharing.,Question
Exclusive deal! Click the link to receive your free reward. I wanted to mention this.,Spam
Maybe you could add a short video explaining this. Really helpful.,Suggestion
"Make huge money quickly, contact us now. Hope this helps.",Spam
"Get free gifts now, visit our website immediately.",Spam
Win cash instantly by registering through this offer. Just my opinion.,Spam
One of the best posts I have seen today. Hope this helps.,Positive
Hope everyone is having a good day. Sharing my thoughts here.,Normal
Adding an FAQ section would make this more useful. Sharing my thoughts here.,Suggestion
"You are selected for a special bonus, claim today. This is worth discussing.",Spam
You should consider adding subtitles to the video. Really helpful.,Suggestion
"Excellent work, this is really impressive. Sharing my thoughts here.",Positive
I really enjoyed this post and found it useful. Really helpful.,Normal
Hope everyone is having a good day. Good information.,Normal
This content was helpful and informative. What do you think?,Normal
I completely loved the way you presented this. This is worth discussing.,Positive
Really appreciate the effort behind this post.,Positive
I am disappointed with the quality of this content. Just my opinion.,Negative
You could improve the formatting for mobile users. Hope this helps.,Suggestion
"Make huge money quickly, contact us now. Just my opinion.",Spam
It would be better if you included more details. Hope this helps.,Suggestion
Win cash instantly by registering through this offer. Hope this helps.,Spam
How can I learn more about this topic?,Question
Super helpful and beautifully explained.,Positive
What do you think about this update? This is worth discussing.,Question
"Get free gifts now, visit our website immediately. What do you think?",Spam
"This made my day, fantastic content! Good information.",Positive
Super helpful and beautifully explained. This is worth discussing.,Positive
Can someone tell me when this will be available? Just my opinion.,Question
"Make huge money quickly, contact us now. What do you think?",Spam
"Get free gifts now, visit our website immediately. What do you think?",Spam
"Earn money fast from home, message me for details. Really helpful.",Spam
"Make huge money quickly, contact us now. Sharing my thoughts here.",Spam
This was not useful and could have been much better. I wanted to mention this.,Negative
It would be better if you included more details.,Suggestion
Limited offer! Claim your reward immediately using this link. I wanted to mention this.,Spam
"Excellent work, this is really impressive. Just my opinion.",Positive
I suggest giving a few practical examples. What do you think?,Suggestion
This was not useful and could have been much better. Good information.,Negative
"Great post, I learned something new today. Good information.",Normal
I suggest giving a few practical examples. Thanks for sharing.,Suggestion
How can I learn more about this topic? Just my opinion.,Question
Thanks for sharing this information with everyone. This is worth discussing.,Normal
"Great post, I learned something new today.",Normal
How can I learn more about this topic? Thanks for sharing.,Question
"Get free gifts now, visit our website immediately. Thanks for sharing.",Spam
I agree with your point and appreciate the explanation. Thanks for sharing.,Normal
The information here is disappointing and unclear.,Negative
Really appreciate the effort behind this post. Hope this helps.,Positive
Exclusive deal! Click the link to receive your free reward. Good information.,Spam
Is this information still valid today?,Question
"This is a nice update, looking forward to more posts like this. I wanted to mention this.",Normal
Does anyone know where I can find more information? Hope this helps.,Question
This was interesting to read and easy to understand. Good information.,Normal
This explanation is confusing and poorly presented.,Negative
Congratulations winner! Send your details to receive the prize. Good information.,Spam
I suggest improving the design of the post. Really helpful.,Suggestion
How can I learn more about this topic? Good information.,Question
The information here is disappointing and unclear.,Negative
Maybe you could add a short video explaining this. What do you think?,Suggestion
"Excellent work, this is really impressive. This is worth discussing.",Positive
"This made my day, fantastic content! I wanted to mention this.",Positive
Limited offer! Claim your reward immediately using this link. I wanted to mention this.,Spam
You could improve the formatting for mobile users. What do you think?,Suggestion
"You are selected for a special bonus, claim today. This is worth discussing.",Spam
I strongly disagree with this and found it unhelpful. Sharing my thoughts here.,Negative
Why did this happen? Good information.,Question
Limited offer! Claim your reward immediately using this link. I wanted to mention this.,Spam
I recommend providing the source for this information. Just my opinion.,Suggestion
"Absolutely loved this, such an amazing post!",Positive
Thanks for sharing this information with everyone.,Normal
Can someone tell me when this will be available? What do you think?,Question
I completely loved the way you presented this. Thanks for sharing.,Positive
"Brilliant explanation, keep up the great work. Really helpful.",Positive
I suggest giving a few practical examples.,Suggestion
This was interesting to read and easy to understand. This is worth discussing.,Normal
Can you explain how this works? Good information.,Question
This content is frustrating to read. What do you think?,Negative
I suggest improving the design of the post. Thanks for sharing.,Suggestion
You could add more examples to make this easier to understand. I wanted to mention this.,Suggestion
I enjoyed reading the comments on this post. This is worth discussing.,Normal
Can you explain how this works? Good information.,Question
"This is a nice update, looking forward to more posts like this. Thanks for sharing.",Normal
"Congratulations! You have won a free prize, click now. Hope this helps.",Spam
I suggest giving a few practical examples. This is worth discussing.,Suggestion
I completely loved the way you presented this.,Positive
"Earn money fast from home, message me for details. I wanted to mention this.",Spam
This content was helpful and informative. Really helpful.,Normal
How can I learn more about this topic? Thanks for sharing.,Question
I expected better information from this page. Sharing my thoughts here.,Negative
Limited offer! Claim your reward immediately using this link. Hope this helps.,Spam
I suggest improving the design of the post. Really helpful.,Suggestion
Is this information still valid today? Good information.,Question
It would be better if you included more details. Just my opinion.,Suggestion
"You are selected for a special bonus, claim today. Hope this helps.",Spam
Adding an FAQ section would make this more useful. Really helpful.,Suggestion
This content was helpful and informative.,Normal
Super helpful and beautifully explained. Really helpful.,Positive
Super helpful and beautifully explained. I wanted to mention this.,Positive
Where can I get the original source? I wanted to mention this.,Question
The information here is disappointing and unclear. Thanks for sharing.,Negative
Does anyone know where I can find more information? Good information.,Question
"Free coupon available today, claim before it expires. Sharing my thoughts here.",Spam
Limited offer! Claim your reward immediately using this link.,Spam
Does anyone know where I can find more information? This is worth discussing.,Question
Amazing quality and very useful information. Just my opinion.,Positive
I am disappointed with the quality of this content. Good information.,Negative
You could improve the formatting for mobile users.,Suggestion
Exclusive deal! Click the link to receive your free reward. Just my opinion.,Spam
"You are selected for a special bonus, claim today.",Spam
Really appreciate the effort behind this post. Sharing my thoughts here.,Positive
Has anyone tried this before? Thanks for sharing.,Question
"Absolutely loved this, such an amazing post!",Positive
Really appreciate the effort behind this post. This is worth discussing.,Positive
Maybe you could add a short video explaining this. Thanks for sharing.,Suggestion
Why did this happen?,Question
Congratulations winner! Send your details to receive the prize. Really helpful.,Spam
"Congratulations! You have won a free prize, click now. I wanted to mention this.",Spam
Has anyone tried this before?,Question
I am disappointed with the quality of this content.,Negative
I enjoyed reading the comments on this post. Sharing my thoughts here.,Normal
What do you think about this update?,Question
I am disappointed with the quality of this content. Hope this helps.,Negative
"This is a nice update, looking forward to more posts like this. Really helpful.",Normal
Congratulations winner! Send your details to receive the prize. Good information.,Spam
Looking forward to seeing what you share next. Really helpful.,Normal
Where can I get the original source? I wanted to mention this.,Question
"This made my day, fantastic content! Really helpful.",Positive
Has anyone tried this before? This is worth discussing.,Question
Can you share more details about this? Good information.,Question
There are many problems with the way this was explained. Thanks for sharing.,Negative
I expected better information from this page. What do you think?,Negative
Maybe you could add a short video explaining this. Just my opinion.,Suggestion
I recommend providing the source for this information. What do you think?,Suggestion
"Earn money fast from home, message me for details. Hope this helps.",Spam
There are many problems with the way this was explained. This is worth discussing.,Negative
"Great post, I learned something new today. Really helpful.",Normal
"Make huge money quickly, contact us now. Good information.",Spam
I really enjoyed this post and found it useful. This is worth discussing.,Normal
This content was helpful and informative. This is worth discussing.,Normal
"Make huge money quickly, contact us now. Thanks for sharing.",Spam
"Get free gifts now, visit our website immediately. Really helpful.",Spam
It might help to include a step by step guide. This is worth discussing.,Suggestion
I suggest giving a few practical examples. What do you think?,Suggestion
"Brilliant explanation, keep up the great work. I wanted to mention this.",Positive
You could improve the formatting for mobile users. Good information.,Suggestion
The post did not meet my expectations. I wanted to mention this.,Negative
The post did not meet my expectations. Thanks for sharing.,Negative
I completely loved the way you presented this. This is worth discussing.,Positive
One of the best posts I have seen today. Really helpful.,Positive
"Excellent work, this is really impressive. Hope this helps.",Positive
Exclusive deal! Click the link to receive your free reward. Just my opinion.,Spam
"You are selected for a special bonus, claim today. Hope this helps.",Spam
Adding an FAQ section would make this more useful. Thanks for sharing.,Suggestion
Limited offer! Claim your reward immediately using this link.,Spam
This was interesting to read and easy to understand. Thanks for sharing.,Normal
Exclusive deal! Click the link to receive your free reward.,Spam
I enjoyed reading the comments on this post. I wanted to mention this.,Normal
"Brilliant explanation, keep up the great work. This is worth discussing.",Positive
Has anyone tried this before? What do you think?,Question
Congratulations winner! Send your details to receive the prize.,Spam
"Great post, I learned something new today. Just my opinion.",Normal
Can you share more details about this? Good information.,Question
Amazing quality and very useful information.,Positive
The information here is disappointing and unclear. What do you think?,Negative
It would be better if you included more details.,Suggestion
I strongly disagree with this and found it unhelpful. This is worth discussing.,Negative
It might help to include a step by step guide. Really helpful.,Suggestion
"Earn money fast from home, message me for details. Good information.",Spam
How can I learn more about this topic? What do you think?,Question
Is this information still valid today? Really helpful.,Question
"This is fantastic, you did a wonderful job. I wanted to mention this.",Positive
Win cash instantly by registering through this offer. I wanted to mention this.,Spam
"Earn money fast from home, message me for details. Hope this helps.",Spam
I enjoyed reading the comments on this post. Sharing my thoughts here.,Normal
This was interesting to read and easy to understand.,Normal
Limited offer! Claim your reward immediately using this link. This is worth discussing.,Spam
I agree with your point and appreciate the explanation. Hope this helps.,Normal
Thanks for sharing this information with everyone. What do you think?,Normal
I suggest improving the design of the post. Just my opinion.,Suggestion
I agree with your point and appreciate the explanation. This is worth discussing.,Normal
"Excellent work, this is really impressive. Really helpful.",Positive
I really enjoyed this post and found it useful. Sharing my thoughts here.,Normal
It would be better if you included more details. This is worth discussing.,Suggestion
Where can I get the original source?,Question
The information here is disappointing and unclear.,Negative
I suggest giving a few practical examples. Just my opinion.,Suggestion
This explanation is confusing and poorly presented.,Negative
Hope everyone is having a good day.,Normal
"This made my day, fantastic content!",Positive
You should consider adding subtitles to the video. Just my opinion.,Suggestion
How can I learn more about this topic? Just my opinion.,Question
This was not useful and could have been much better. Sharing my thoughts here.,Negative
"This is fantastic, you did a wonderful job. Hope this helps.",Positive
The information here is disappointing and unclear. Good information.,Negative
This was not useful and could have been much better. Thanks for sharing.,Negative
Can someone tell me when this will be available? This is worth discussing.,Question
This explanation is confusing and poorly presented. Thanks for sharing.,Negative
Where can I get the original source? What do you think?,Question
"This is fantastic, you did a wonderful job. Thanks for sharing.",Positive
This was interesting to read and easy to understand. Good information.,Normal
What do you think about this update? What do you think?,Question
Is this information still valid today? I wanted to mention this.,Question
I recommend providing the source for this information. Just my opinion.,Suggestion
This content was helpful and informative. This is worth discussing.,Normal
"Great post, I learned something new today. Hope this helps.",Normal
This explanation is confusing and poorly presented. Thanks for sharing.,Negative
"Brilliant explanation, keep up the great work. Good information.",Positive
You should consider adding subtitles to the video. Good information.,Suggestion
This content is frustrating to read. Hope this helps.,Negative
I suggest giving a few practical examples. Sharing my thoughts here.,Suggestion
Exclusive deal! Click the link to receive your free reward. I wanted to mention this.,Spam
I did not like this post at all. This is worth discussing.,Negative
Why did this happen?,Question
The post did not meet my expectations. Hope this helps.,Negative
The information here is disappointing and unclear. Hope this helps.,Negative
"This made my day, fantastic content!",Positive
Super helpful and beautifully explained. Thanks for sharing.,Positive
This content is frustrating to read. I wanted to mention this.,Negative
It might help to include a step by step guide. I wanted to mention this.,Suggestion
I am disappointed with the quality of this content. Good information.,Negative
It would be better if you included more details. Just my opinion.,Suggestion
"Great post, I learned something new today. Sharing my thoughts here.",Normal
I am disappointed with the quality of this content. What do you think?,Negative
You should consider adding subtitles to the video. Just my opinion.,Suggestion
I agree with your point and appreciate the explanation. Just my opinion.,Normal
I really enjoyed this post and found it useful. Really helpful.,Normal
"Free coupon available today, claim before it expires.",Spam
I recommend providing the source for this information.,Suggestion
Thanks for sharing this information with everyone. Hope this helps.,Normal
What do you think about this update? Just my opinion.,Question
This content was helpful and informative. Hope this helps.,Normal
I am disappointed with the quality of this content. Sharing my thoughts here.,Negative
"This is a nice update, looking forward to more posts like this. Just my opinion.",Normal
I enjoyed reading the comments on this post. I wanted to mention this.,Normal
Has anyone tried this before? What do you think?,Question
I suggest giving a few practical examples. Just my opinion.,Suggestion
Exclusive deal! Click the link to receive your free reward. This is worth discussing.,Spam
I agree with your point and appreciate the explanation. Good information.,Normal
"Absolutely loved this, such an amazing post! Sharing my thoughts here.",Positive
Super helpful and beautifully explained. What do you think?,Positive
I suggest giving a few practical examples. Sharing my thoughts here.,Suggestion
This content was helpful and informative. Sharing my thoughts here.,Normal
Amazing quality and very useful information. Really helpful.,Positive
This was not useful and could have been much better. Really helpful.,Negative
The information here is disappointing and unclear. Just my opinion.,Negative
Can you explain how this works? Thanks for sharing.,Question
Exclusive deal! Click the link to receive your free reward. Really helpful.,Spam
I expected better information from this page. What do you think?,Negative
Really appreciate the effort behind this post. Good information.,Positive
"This is fantastic, you did a wonderful job. Hope this helps.",Positive
Has anyone tried this before?,Question
"Make huge money quickly, contact us now.",Spam
You should consider adding subtitles to the video. This is worth discussing.,Suggestion
Is this information still valid today? Hope this helps.,Question
Limited offer! Claim your reward immediately using this link.,Spam
"Great post, I learned something new today. What do you think?",Normal
Maybe you could add a short video explaining this. Good information.,Suggestion
Looking forward to seeing what you share next. This is worth discussing.,Normal
Limited offer! Claim your reward immediately using this link. Hope this helps.,Spam
This content was helpful and informative. Really helpful.,Normal
"Brilliant explanation, keep up the great work. This is worth discussing.",Positive
This was not useful and could have been much better. This is worth discussing.,Negative
Can you share more details about this?,Question
"This is fantastic, you did a wonderful job.",Positive
This explanation is confusing and poorly presented. Just my opinion.,Negative
"Earn money fast from home, message me for details. Really helpful.",Spam
"Make huge money quickly, contact us now. Thanks for sharing.",Spam
One of the best posts I have seen today. What do you think?,Positive
Does anyone know where I can find more information? Just my opinion.,Question
"Great post, I learned something new today. Just my opinion.",Normal
It would be better if you included more details. Really helpful.,Suggestion
I expected better information from this page. I wanted to mention this.,Negative
I agree with your point and appreciate the explanation. What do you think?,Normal
The post did not meet my expectations. Just my opinion.,Negative
This was not useful and could have been much better. What do you think?,Negative
I enjoyed reading the comments on this post. Thanks for sharing.,Normal
What do you think about this update? Thanks for sharing.,Question
Really appreciate the effort behind this post. Really helpful.,Positive
"Make huge money quickly, contact us now. Really helpful.",Spam
Maybe you could add a short video explaining this. Really helpful.,Suggestion
Has anyone tried this before?,Question
"Excellent work, this is really impressive. What do you think?",Positive
Why did this happen? I wanted to mention this.,Question
Adding an FAQ section would make this more useful. Sharing my thoughts here.,Suggestion
"You are selected for a special bonus, claim today. What do you think?",Spam
There are many problems with the way this was explained. Really helpful.,Negative
"This is a nice update, looking forward to more posts like this. What do you think?",Normal
This content is frustrating to read. Hope this helps.,Negative
"Absolutely loved this, such an amazing post! I wanted to mention this.",Positive
I enjoyed reading the comments on this post. Good information.,Normal
I expected better information from this page. Really helpful.,Negative
I expected better information from this page. Thanks for sharing.,Negative
Is this information still valid today? I wanted to mention this.,Question
One of the best posts I have seen today. Really helpful.,Positive
I enjoyed reading the comments on this post.,Normal
Why did this happen? Really helpful.,Question
What do you think about this update? Good information.,Question
This was not useful and could have been much better.,Negative
Can someone tell me when this will be available? What do you think?,Question
This explanation is confusing and poorly presented. Just my opinion.,Negative
Is this information still valid today? I wanted to mention this.,Question
I enjoyed reading the comments on this post. This is worth discussing.,Normal
I recommend providing the source for this information. What do you think?,Suggestion
"Earn money fast from home, message me for details. Hope this helps.",Spam
You could add more examples to make this easier to understand. Hope this helps.,Suggestion
Is this information still valid today? Really helpful.,Question
Congratulations winner! Send your details to receive the prize. This is worth discussing.,Spam
I recommend providing the source for this information. Really helpful.,Suggestion
Amazing quality and very useful information.,Positive
Congratulations winner! Send your details to receive the prize.,Spam
"Brilliant explanation, keep up the great work. What do you think?",Positive
You could improve the formatting for mobile users. Hope this helps.,Suggestion
"This is a nice update, looking forward to more posts like this. Really helpful.",Normal
"Get free gifts now, visit our website immediately. This is worth discussing.",Spam
"Get free gifts now, visit our website immediately. What do you think?",Spam
I expected better information from this page. Sharing my thoughts here.,Negative
I expected better information from this page. Really helpful.,Negative
One of the best posts I have seen today. What do you think?,Positive
I completely loved the way you presented this. Good information.,Positive
This content was helpful and informative. Thanks for sharing.,Normal
Adding an FAQ section would make this more useful. Good information.,Suggestion
Can you explain how this works? Good information.,Question
"You are selected for a special bonus, claim today. This is worth discussing.",Spam
This was not useful and could have been much better. Hope this helps.,Negative
I expected better information from this page. I wanted to mention this.,Negative
I enjoyed reading the comments on this post.,Normal
This was interesting to read and easy to understand. Good information.,Normal
There are many problems with the way this was explained. Thanks for sharing.,Negative
Why did this happen? Really helpful.,Question
Can you share more details about this? Hope this helps.,Question
I did not like this post at all. Just my opinion.,Negative
I expected better information from this page. What do you think?,Negative
It would be better if you included more details. This is worth discussing.,Suggestion
This explanation is confusing and poorly presented. I wanted to mention this.,Negative
The post did not meet my expectations. Hope this helps.,Negative
"This made my day, fantastic content! Good information.",Positive
I suggest giving a few practical examples. Thanks for sharing.,Suggestion
"Great post, I learned something new today. Just my opinion.",Normal
"Absolutely loved this, such an amazing post! Just my opinion.",Positive
You should consider adding subtitles to the video. I wanted to mention this.,Suggestion
Why did this happen? This is worth discussing.,Question
This content is frustrating to read. Thanks for sharing.,Negative
This content is frustrating to read. Sharing my thoughts here.,Negative
This content was helpful and informative. This is worth discussing.,Normal
"Free coupon available today, claim before it expires.",Spam
Exclusive deal! Click the link to receive your free reward. Really helpful.,Spam
You could add more examples to make this easier to understand. Thanks for sharing.,Suggestion
Amazing quality and very useful information.,Positive
This was interesting to read and easy to understand. This is worth discussing.,Normal
I recommend providing the source for this information. This is worth discussing.,Suggestion
"Get free gifts now, visit our website immediately. Sharing my thoughts here.",Spam
I agree with your point and appreciate the explanation. Good information.,Normal
I really enjoyed this post and found it useful. This is worth discussing.,Normal
I really enjoyed this post and found it useful. Really helpful.,Normal
"This made my day, fantastic content! I wanted to mention this.",Positive
There are many problems with the way this was explained. Thanks for sharing.,Negative
"Brilliant explanation, keep up the great work. Really helpful.",Positive
Does anyone know where I can find more information? This is worth discussing.,Question
It might help to include a step by step guide. Thanks for sharing.,Suggestion
Where can I get the original source? Just my opinion.,Question
You could improve the formatting for mobile users. What do you think?,Suggestion
You should consider adding subtitles to the video. Thanks for sharing.,Suggestion
What do you think about this update?,Question
How can I learn more about this topic? This is worth discussing.,Question
Can you explain how this works? This is worth discussing.,Question
It would be better if you included more details. Really helpful.,Suggestion
"Excellent work, this is really impressive. What do you think?",Positive
I did not like this post at all. Really helpful.,Negative
I suggest giving a few practical examples. Just my opinion.,Suggestion
What do you think about this update? Just my opinion.,Question
Why did this happen? Really helpful.,Question
This content is frustrating to read. Thanks for sharing.,Negative
This was not useful and could have been much better. Just my opinion.,Negative
How can I learn more about this topic? Just my opinion.,Question
"Earn money fast from home, message me for details. Really helpful.",Spam
This was not useful and could have been much better. Sharing my thoughts here.,Negative
Where can I get the original source? Really helpful.,Question
"Congratulations! You have won a free prize, click now. Just my opinion.",Spam
It would be better if you included more details.,Suggestion
What do you think about this update? This is worth discussing.,Question
I suggest improving the design of the post. What do you think?,Suggestion
Where can I get the original source? Just my opinion.,Question
Adding an FAQ section would make this more useful.,Suggestion
"This is a nice update, looking forward to more posts like this. Just my opinion.",Normal
It might help to include a step by step guide. Just my opinion.,Suggestion
"Excellent work, this is really impressive. I wanted to mention this.",Positive
Really appreciate the effort behind this post. Thanks for sharing.,Positive
What do you think about this update? Good information.,Question
Win cash instantly by registering through this offer. Really helpful.,Spam
Can someone tell me when this will be available? I wanted to mention this.,Question
This explanation is confusing and poorly presented. This is worth discussing.,Negative
There are many problems with the way this was explained. Just my opinion.,Negative
This was interesting to read and easy to understand.,Normal
"This made my day, fantastic content! Really helpful.",Positive
"Earn money fast from home, message me for details. Good information.",Spam
I did not like this post at all. This is worth discussing.,Negative
I agree with your point and appreciate the explanation. Thanks for sharing.,Normal
You could improve the formatting for mobile users. This is worth discussing.,Suggestion
"You are selected for a special bonus, claim today. I wanted to mention this.",Spam
This was interesting to read and easy to understand. Just my opinion.,Normal
"Get free gifts now, visit our website immediately. Hope this helps.",Spam
"Make huge money quickly, contact us now. This is worth discussing.",Spam
There are many problems with the way this was explained. Hope this helps.,Negative
The post did not meet my expectations. Thanks for sharing.,Negative
"Great post, I learned something new today. Sharing my thoughts here.",Normal
Looking forward to seeing what you share next. Really helpful.,Normal
The post did not meet my expectations. This is worth discussing.,Negative
Is this information still valid today? Good information.,Question
"Earn money fast from home, message me for details. Sharing my thoughts here.",Spam
"This made my day, fantastic content! Hope this helps.",Positive
Has anyone tried this before? Hope this helps.,Question
Is this information still valid today?,Question
How can I learn more about this topic? Just my opinion.,Question
Adding an FAQ section would make this more useful. Sharing my thoughts here.,Suggestion
You could improve the formatting for mobile users. What do you think?,Suggestion
This content is frustrating to read. Hope this helps.,Negative
You could add more examples to make this easier to understand. Just my opinion.,Suggestion
Really appreciate the effort behind this post. This is worth discussing.,Positive
"This made my day, fantastic content! Thanks for sharing.",Positive
Win cash instantly by registering through this offer. Good information.,Spam
This content was helpful and informative. Sharing my thoughts here.,Normal
Maybe you could add a short video explaining this. Really helpful.,Suggestion
Looking forward to seeing what you share next. What do you think?,Normal
I strongly disagree with this and found it unhelpful. What do you think?,Negative
I expected better information from this page. This is worth discussing.,Negative
Where can I get the original source? This is worth discussing.,Question
Does anyone know where I can find more information? Hope this helps.,Question
You could add more examples to make this easier to understand. Thanks for sharing.,Suggestion
You could add more examples to make this easier to understand. Hope this helps.,Suggestion
"This is fantastic, you did a wonderful job. I wanted to mention this.",Positive
Looking forward to seeing what you share next.,Normal
This content is frustrating to read. Just my opinion.,Negative
Adding an FAQ section would make this more useful. This is worth discussing.,Suggestion
Thanks for sharing this information with everyone. What do you think?,Normal
Super helpful and beautifully explained. Thanks for sharing.,Positive
"Brilliant explanation, keep up the great work. Really helpful.",Positive
"This is a nice update, looking forward to more posts like this. Just my opinion.",Normal
One of the best posts I have seen today.,Positive
Does anyone know where I can find more information? I wanted to mention this.,Question
You could add more examples to make this easier to understand. Hope this helps.,Suggestion
Maybe you could add a short video explaining this. Good information.,Suggestion
I expected better information from this page. Sharing my thoughts here.,Negative
How can I learn more about this topic? What do you think?,Question
I expected better information from this page. Good information.,Negative
"Great post, I learned something new today. Good information.",Normal
Can you share more details about this? Sharing my thoughts here.,Question
Can you share more details about this? Thanks for sharing.,Question
It might help to include a step by step guide. Thanks for sharing.,Suggestion
Win cash instantly by registering through this offer. I wanted to mention this.,Spam
"Earn money fast from home, message me for details. I wanted to mention this.",Spam
You could add more examples to make this easier to understand. Hope this helps.,Suggestion
"Congratulations! You have won a free prize, click now. Thanks for sharing.",Spam
You could add more examples to make this easier to understand. This is worth discussing.,Suggestion
Can you explain how this works? Just my opinion.,Question
Amazing quality and very useful information. Hope this helps.,Positive
Super helpful and beautifully explained. Really helpful.,Positive
Why did this happen? Hope this helps.,Question
You could add more examples to make this easier to understand. Sharing my thoughts here.,Suggestion
Thanks for sharing this information with everyone. What do you think?,Normal
How can I learn more about this topic? Sharing my thoughts here.,Question
Can you explain how this works? Good information.,Question
Is this information still valid today? I wanted to mention this.,Question
"Earn money fast from home, message me for details.",Spam
I agree with your point and appreciate the explanation. This is worth discussing.,Normal
I did not like this post at all.,Negative
You should consider adding subtitles to the video. I wanted to mention this.,Suggestion
"This is a nice update, looking forward to more posts like this. What do you think?",Normal
You could improve the formatting for mobile users. Hope this helps.,Suggestion
One of the best posts I have seen today. Thanks for sharing.,Positive
I really enjoyed this post and found it useful. Good information.,Normal
One of the best posts I have seen today. Hope this helps.,Positive
Maybe you could add a short video explaining this. I wanted to mention this.,Suggestion
I strongly disagree with this and found it unhelpful. Really helpful.,Negative
"Earn money fast from home, message me for details. Really helpful.",Spam
There are many problems with the way this was explained. Just my opinion.,Negative
There are many problems with the way this was explained. This is worth discussing.,Negative
Exclusive deal! Click the link to receive your free reward. Sharing my thoughts here.,Spam
This was interesting to read and easy to understand. Just my opinion.,Normal
You could improve the formatting for mobile users.,Suggestion
Amazing quality and very useful information. Really helpful.,Positive
One of the best posts I have seen today. Sharing my thoughts here.,Positive
Amazing quality and very useful information. Really helpful.,Positive
I recommend providing the source for this information. Thanks for sharing.,Suggestion
Where can I get the original source? What do you think?,Question
The information here is disappointing and unclear. Good information.,Negative
"This made my day, fantastic content! Good information.",Positive
This was interesting to read and easy to understand. This is worth discussing.,Normal
I suggest giving a few practical examples. Hope this helps.,Suggestion
Can someone tell me when this will be available? This is worth discussing.,Question
"Earn money fast from home, message me for details. I wanted to mention this.",Spam
"This made my day, fantastic content! Really helpful.",Positive
It might help to include a step by step guide. This is worth discussing.,Suggestion
Can you explain how this works?,Question
Exclusive deal! Click the link to receive your free reward. Just my opinion.,Spam
Does anyone know where I can find more information? What do you think?,Question
"This is a nice update, looking forward to more posts like this. What do you think?",Normal
I strongly disagree with this and found it unhelpful. Really helpful.,Negative
It would be better if you included more details. This is worth discussing.,Suggestion
"Get free gifts now, visit our website immediately. Thanks for sharing.",Spam
This content was helpful and informative. Really helpful.,Normal
I really enjoyed this post and found it useful. Really helpful.,Normal
"This is fantastic, you did a wonderful job. What do you think?",Positive
"This made my day, fantastic content! Sharing my thoughts here.",Positive
It would be better if you included more details. Thanks for sharing.,Suggestion
I suggest improving the design of the post. Really helpful.,Suggestion
I am disappointed with the quality of this content. Just my opinion.,Negative
I strongly disagree with this and found it unhelpful. What do you think?,Negative
I agree with your point and appreciate the explanation. What do you think?,Normal
"Free coupon available today, claim before it expires. What do you think?",Spam
Amazing quality and very useful information. Just my opinion.,Positive
Has anyone tried this before? Sharing my thoughts here.,Question
Exclusive deal! Click the link to receive your free reward. Sharing my thoughts here.,Spam
"Brilliant explanation, keep up the great work. This is worth discussing.",Positive
I really enjoyed this post and found it useful. I wanted to mention this.,Normal
"You are selected for a special bonus, claim today. Good information.",Spam
I expected better information from this page. Thanks for sharing.,Negative
Limited offer! Claim your reward immediately using this link. Good information.,Spam
"Congratulations! You have won a free prize, click now. Good information.",Spam
One of the best posts I have seen today. Hope this helps.,Positive
Where can I get the original source? Sharing my thoughts here.,Question
It might help to include a step by step guide. I wanted to mention this.,Suggestion
What do you think about this update? I wanted to mention this.,Question
"Absolutely loved this, such an amazing post! Sharing my thoughts here.",Positive
"This is a nice update, looking forward to more posts like this. I wanted to mention this.",Normal
Can someone tell me when this will be available? I wanted to mention this.,Question
This content was helpful and informative. This is worth discussing.,Normal
Win cash instantly by registering through this offer. I wanted to mention this.,Spam
It might help to include a step by step guide. Really helpful.,Suggestion
"Make huge money quickly, contact us now. Hope this helps.",Spam
Amazing quality and very useful information. Really helpful.,Positive
Why did this happen? I wanted to mention this.,Question
You should consider adding subtitles to the video. This is worth discussing.,Suggestion
"Great post, I learned something new today. What do you think?",Normal
Adding an FAQ section would make this more useful. Hope this helps.,Suggestion
I expected better information from this page. I wanted to mention this.,Negative
"You are selected for a special bonus, claim today. Hope this helps.",Spam
"Absolutely loved this, such an amazing post! Hope this helps.",Positive
"Congratulations! You have won a free prize, click now. What do you think?",Spam
This was not useful and could have been much better. What do you think?,Negative
There are many problems with the way this was explained. Good information.,Negative
"You are selected for a special bonus, claim today. Sharing my thoughts here.",Spam
Win cash instantly by registering through this offer. Good information.,Spam
The information here is disappointing and unclear. Just my opinion.,Negative
Super helpful and beautifully explained. Good information.,Positive
"This is a nice update, looking forward to more posts like this. Thanks for sharing.",Normal
Adding an FAQ section would make this more useful. Just my opinion.,Suggestion
How can I learn more about this topic? Thanks for sharing.,Question
"Get free gifts now, visit our website immediately. Thanks for sharing.",Spam
Where can I get the original source? Just my opinion.,Question
I really enjoyed this post and found it useful. Sharing my thoughts here.,Normal
"Earn money fast from home, message me for details. Just my opinion.",Spam
How can I learn more about this topic? Good information.,Question
How can I learn more about this topic? Just my opinion.,Question
I am disappointed with the quality of this content. What do you think?,Negative
"This is a nice update, looking forward to more posts like this. Hope this helps.",Normal
Exclusive deal! Click the link to receive your free reward. Thanks for sharing.,Spam
Limited offer! Claim your reward immediately using this link. Just my opinion.,Spam
Thanks for sharing this information with everyone. Good information.,Normal
Can you explain how this works?,Question
Hope everyone is having a good day. Thanks for sharing.,Normal
You could add more examples to make this easier to understand. I wanted to mention this.,Suggestion
It might help to include a step by step guide. What do you think?,Suggestion
What do you think about this update? Sharing my thoughts here.,Question
Can you explain how this works? I wanted to mention this.,Question
Can you explain how this works? This is worth discussing.,Question
Where can I get the original source? Hope this helps.,Question
I suggest giving a few practical examples. I wanted to mention this.,Suggestion
Congratulations winner! Send your details to receive the prize. Sharing my thoughts here.,Spam
The post did not meet my expectations. Hope this helps.,Negative
"You are selected for a special bonus, claim today. Thanks for sharing.",Spam
Can someone tell me when this will be available? Really helpful.,Question
I really enjoyed this post and found it useful. This is worth discussing.,Normal
"Congratulations! You have won a free prize, click now. Just my opinion.",Spam
Exclusive deal! Click the link to receive your free reward. This is worth discussing.,Spam
I expected better information from this page. Sharing my thoughts here.,Negative
Congratulations winner! Send your details to receive the prize. Good information.,Spam
This explanation is confusing and poorly presented. What do you think?,Negative
I suggest giving a few practical examples. What do you think?,Suggestion
Has anyone tried this before? Good information.,Question
You could add more examples to make this easier to understand. Good information.,Suggestion
"Make huge money quickly, contact us now. This is worth discussing.",Spam
I completely loved the way you presented this. Just my opinion.,Positive
This content was helpful and informative. This is worth discussing.,Normal
One of the best posts I have seen today. Thanks for sharing.,Positive
"Brilliant explanation, keep up the great work. This is worth discussing.",Positive
You could add more examples to make this easier to understand. Really helpful.,Suggestion
Really appreciate the effort behind this post. What do you think?,Positive
"You are selected for a special bonus, claim today. What do you think?",Spam
This explanation is confusing and poorly presented. Hope this helps.,Negative
Hope everyone is having a good day. Good information.,Normal
"Free coupon available today, claim before it expires. Really helpful.",Spam
Hope everyone is having a good day. Hope this helps.,Normal
"Absolutely loved this, such an amazing post! I wanted to mention this.",Positive
"This is fantastic, you did a wonderful job. Good information.",Positive
I completely loved the way you presented this. I wanted to mention this.,Positive
"Absolutely loved this, such an amazing post! Good information.",Positive
Congratulations winner! Send your details to receive the prize. Good information.,Spam
Why did this happen? Really helpful.,Question
"Get free gifts now, visit our website immediately. Really helpful.",Spam
"This is fantastic, you did a wonderful job. Really helpful.",Positive
Limited offer! Claim your reward immediately using this link. Good information.,Spam
I suggest improving the design of the post. Thanks for sharing.,Suggestion
You should consider adding subtitles to the video. Good information.,Suggestion
"Free coupon available today, claim before it expires. Good information.",Spam
Can you explain how this works? This is worth discussing.,Question
Can you explain how this works? Sharing my thoughts here.,Question
"Absolutely loved this, such an amazing post! Sharing my thoughts here.",Positive
"Congratulations! You have won a free prize, click now. What do you think?",Spam
Adding an FAQ section would make this more useful. This is worth discussing.,Suggestion
Looking forward to seeing what you share next. Thanks for sharing.,Normal
The post did not meet my expectations. Really helpful.,Negative
I enjoyed reading the comments on this post. Thanks for sharing.,Normal
Adding an FAQ section would make this more useful. Just my opinion.,Suggestion
It might help to include a step by step guide. What do you think?,Suggestion
"Brilliant explanation, keep up the great work. Good information.",Positive
Why did this happen? Sharing my thoughts here.,Question
"Brilliant explanation, keep up the great work. Really helpful.",Positive
You could improve the formatting for mobile users. Sharing my thoughts here.,Suggestion
How can I learn more about this topic? This is worth discussing.,Question
Where can I get the original source?,Question
This was not useful and could have been much better. This is worth discussing.,Negative
I suggest improving the design of the post. Good information.,Suggestion
