Date,Open,High,Low,Close,Volume,MA_5,MA_10,RSI_14,Daily_Return_Pct,Volatility_10D_Pct,Target
2005-08-25,166.22,167.59,165.48,165.79,3036843,165.69,164.14,66.4,-0.2167,0.787,DOWN
2005-08-26,164.67,165.17,163.26,164.21,3355689,165.35,164.57,58.95,-0.953,0.6917,DOWN
2005-08-29,164.27,165.09,161.74,162.82,2777993,164.84,164.76,53.29,-0.8465,0.7591,DOWN
2005-08-30,163.28,163.57,160.87,161.18,3497782,164.03,164.63,47.49,-1.0072,0.7718,DOWN
2005-08-31,159.87,161.41,159.49,160.21,3422665,162.84,164.17,44.41,-0.6018,0.5905,DOWN
2005-09-01,160.32,161.44,157.87,159.24,3467248,161.53,163.61,41.51,-0.6055,0.5844,DOWN
2005-09-02,158.96,160.16,157.54,158.61,4147777,160.41,162.88,39.7,-0.3956,0.469,DOWN
2005-09-06,158.4,159.62,157.58,158.21,3634005,159.49,162.17,38.55,-0.2522,0.4725,DOWN
2005-09-07,156.9,158.22,156.4,157.6,4527660,158.77,161.4,36.8,-0.3856,0.4537,UP
2005-09-08,157.7,159.37,156.78,158.76,4156398,158.48,160.66,42.18,0.736,0.5028,UP
2005-09-09,158.58,159.2,157.78,158.91,3320943,158.42,159.98,42.86,0.0945,0.528,DOWN
2005-09-12,158.57,159.29,156.58,157.3,4281273,158.16,159.28,37.74,-1.0132,0.535,UP
2005-09-13,157.63,157.66,156.8,157.45,3662409,158.0,158.75,38.48,0.0954,0.536,DOWN
2005-09-14,156.92,157.25,155.39,157.13,3708169,157.91,158.34,37.46,-0.2032,0.4813,DOWN
2005-09-15,156.5,156.81,156.08,156.45,4141565,157.45,157.97,35.32,-0.4328,0.4705,DOWN
2005-09-16,155.38,157.07,154.58,156.33,4388059,156.93,157.68,34.95,-0.0767,0.4538,UP
2005-09-19,155.96,156.83,155.21,156.64,5782793,156.8,157.48,36.83,0.1983,0.4617,UP
2005-09-20,157.02,158.68,156.54,157.81,5154525,156.87,157.44,43.49,0.7469,0.5334,UP
2005-09-21,158.8,160.24,158.52,159.08,5014121,157.26,157.59,49.69,0.8048,0.575,UP
2005-09-22,158.54,159.69,157.28,159.65,4779102,157.9,157.68,52.22,0.3583,0.5395,UP
2005-09-23,159.67,160.85,159.21,160.25,3441112,158.69,157.81,54.8,0.3758,0.5489,DOWN
2005-09-26,160.13,160.78,158.98,159.33,4868403,159.22,158.01,50.31,-0.5741,0.4619,UP
2005-09-27,159.47,159.85,159.23,159.56,4231416,159.57,158.22,51.39,0.1444,0.4618,DOWN
2005-09-28,158.94,159.44,158.11,159.09,3047848,159.58,158.42,49.06,-0.2946,0.4701,DOWN
2005-09-29,157.54,157.9,156.35,157.24,2905975,159.09,158.5,41.15,-1.1629,0.604,DOWN
2005-09-30,156.78,158.05,153.99,155.25,3604607,158.09,158.39,34.68,-1.2656,0.7349,DOWN
2005-10-03,155.63,155.95,154.11,154.75,3790977,157.18,158.2,33.27,-0.3221,0.7325,DOWN
2005-10-04,154.98,155.61,153.98,154.19,3719540,156.1,157.84,31.71,-0.3619,0.6679,DOWN
2005-10-05,153.95,154.21,152.18,152.75,2269078,154.84,157.21,28.06,-0.9339,0.5905,DOWN
2005-10-06,152.4,152.73,149.64,150.49,2480107,153.49,156.29,23.49,-1.4795,0.6126,DOWN
2005-10-07,149.41,150.01,148.16,148.45,3171043,152.13,155.11,20.28,-1.3556,0.5518,DOWN
2005-10-10,147.45,147.82,146.19,146.31,3740546,150.44,153.81,17.57,-1.4416,0.5863,DOWN
2005-10-11,145.56,146.07,144.07,144.44,4819914,148.49,152.3,15.61,-1.2781,0.4823,DOWN
2005-10-12,143.61,144.67,143.4,144.32,4720485,146.8,150.82,15.49,-0.0831,0.5194,DOWN
2005-10-13,144.28,144.46,143.01,143.85,4889264,145.47,149.48,15.0,-0.3257,0.551,DOWN
2005-10-14,144.17,144.35,143.13,143.5,4690375,144.48,148.3,14.64,-0.2433,0.5671,UP
2005-10-17,143.04,144.26,142.65,143.79,4611857,143.98,147.21,16.46,0.2021,0.6346,UP
2005-10-18,143.83,144.55,143.67,144.35,5116850,143.96,146.22,20.02,0.3895,0.7216,UP
2005-10-19,144.73,145.82,143.97,145.11,4087318,144.12,145.46,24.71,0.5265,0.8021,DOWN
2005-10-20,145.38,145.61,143.83,144.8,3715290,144.31,144.89,24.09,-0.2136,0.7284,DOWN
2005-10-21,145.31,145.48,143.86,144.39,4189199,144.49,144.49,23.26,-0.2831,0.6432,DOWN
2005-10-24,144.62,144.64,143.58,144.08,4746338,144.55,144.26,22.62,-0.2147,0.4961,UP
2005-10-25,143.39,144.97,143.31,144.25,4485813,144.53,144.24,23.85,0.118,0.303,UP
2005-10-26,144.53,145.92,143.06,144.36,4632563,144.38,144.25,24.68,0.0763,0.303,UP
2005-10-27,144.62,145.14,143.97,144.68,5189792,144.35,144.33,27.18,0.2217,0.286,UP
2005-10-28,144.79,145.63,144.31,145.14,4380473,144.5,144.49,30.74,0.3179,0.2752,DOWN
2005-10-31,146.11,146.96,144.38,144.52,4525767,144.59,144.57,28.7,-0.4272,0.321,DOWN
2005-11-01,144.99,145.37,143.65,144.41,5223603,144.62,144.57,28.34,-0.0761,0.2995,UP
2005-11-02,143.87,145.97,143.0,145.41,5072508,144.83,144.6,36.15,0.6925,0.3342,UP
2005-11-03,145.49,145.97,144.52,145.78,5026073,145.05,144.7,38.81,0.2545,0.3304,UP
2005-11-04,145.94,146.92,145.88,146.35,5382153,145.29,144.9,42.76,0.391,0.3194,UP
2005-11-07,146.79,147.88,146.23,147.51,4959120,145.89,145.24,49.85,0.7926,0.3537,UP
2005-11-08,147.03,147.85,146.97,147.68,4397117,146.55,145.58,50.81,0.1152,0.3538,DOWN
2005-11-09,147.27,147.42,146.86,147.17,4223647,146.9,145.86,47.85,-0.3453,0.3974,DOWN
2005-11-10,146.72,147.6,145.39,146.19,4300686,146.98,146.02,42.69,-0.6659,0.4808,DOWN
2005-11-11,145.29,146.51,144.87,146.05,4176015,146.92,146.11,41.99,-0.0958,0.4782,DOWN
2005-11-14,146.15,146.56,145.7,145.92,4422340,146.6,146.25,41.32,-0.089,0.4509,UP
2005-11-15,145.86,147.27,145.21,146.28,5485806,146.32,146.43,44.0,0.2467,0.4486,UP
2005-11-16,146.52,148.93,145.48,148.2,5639503,146.53,146.71,55.64,1.3126,0.5633,UP
2005-11-17,148.1,150.31,147.12,149.93,5675653,147.28,147.13,63.08,1.1673,0.6429,UP
2005-11-18,150.02,151.78,148.81,151.29,5041554,148.32,147.62,67.68,0.9071,0.6726,DOWN
2005-11-21,151.45,151.67,150.6,151.08,4639810,149.36,147.98,66.3,-0.1388,0.6666,DOWN
2005-11-22,150.92,151.37,149.74,150.59,2700492,150.22,148.27,63.09,-0.3243,0.6899,DOWN
2005-11-23,150.5,150.98,148.38,148.75,3174221,150.33,148.43,52.75,-1.2219,0.8115,DOWN
2005-11-25,147.95,148.07,146.47,146.96,4072024,149.73,148.51,45.02,-1.2034,0.8832,DOWN
2005-11-28,147.61,148.0,146.16,146.37,2730298,148.75,148.54,42.8,-0.4015,0.8943,DOWN
2005-11-29,145.67,145.95,143.59,144.01,3960061,147.34,148.35,35.28,-1.6124,1.0347,DOWN
2005-11-30,144.13,144.52,142.3,142.51,4538484,145.72,147.97,31.5,-1.0416,1.0628,DOWN
2005-12-01,142.3,142.62,142.15,142.17,5371325,144.4,147.37,30.69,-0.2386,0.9108,UP
2005-12-02,141.45,143.53,141.25,143.07,5622690,143.63,146.68,35.39,0.633,0.819,UP
2005-12-05,143.03,145.25,142.37,143.93,4409744,143.14,145.94,39.61,0.6011,0.7661,DOWN
2005-12-06,142.79,144.08,142.47,143.64,3946187,143.06,145.2,38.69,-0.2015,0.7631,DOWN
2005-12-07,143.75,144.19,141.59,142.07,4204392,142.98,144.35,34.09,-1.093,0.7818,DOWN
2005-12-08,141.68,141.81,140.88,141.09,3900425,142.76,143.58,31.57,-0.6898,0.7506,DOWN
2005-12-09,140.6,141.41,140.19,140.84,4387885,142.31,142.97,30.94,-0.1772,0.7169,UP
2005-12-12,141.16,142.13,140.41,141.79,4476484,141.89,142.51,36.15,0.6745,0.7966,UP
2005-12-13,142.13,143.23,141.57,142.47,4601978,141.65,142.36,39.65,0.4796,0.6848,UP
2005-12-14,142.39,143.69,141.86,142.99,4432174,141.84,142.41,42.27,0.365,0.6117,UP
2005-12-15,142.49,144.64,141.55,144.01,4901762,142.42,142.59,47.1,0.7133,0.6378,UP
2005-12-16,144.67,146.62,144.51,144.88,5114404,143.23,142.77,50.88,0.6041,0.6353,UP
2005-12-19,144.65,146.14,144.35,145.28,6116615,143.93,142.91,52.56,0.2761,0.6165,UP
2005-12-20,146.08,147.38,145.76,147.16,6319517,144.86,143.26,59.55,1.2941,0.7107,UP
2005-12-21,147.29,150.73,146.48,149.24,5839524,146.11,143.98,65.6,1.4134,0.6231,UP
2005-12-22,149.27,150.28,148.31,150.12,4780400,147.34,144.88,67.79,0.5897,0.4637,DOWN
2005-12-23,149.99,150.64,148.91,150.06,4246429,148.37,145.8,67.47,-0.04,0.4387,DOWN
2005-12-27,149.55,149.88,147.68,148.65,5260919,149.05,146.49,60.36,-0.9396,0.663,UP
2005-12-28,148.59,149.62,148.27,149.19,5334134,149.45,147.16,62.01,0.3633,0.6639,DOWN
2005-12-29,149.62,150.13,148.72,149.16,4485716,149.44,147.78,61.86,-0.0201,0.6813,DOWN
2005-12-30,149.12,149.91,147.05,148.57,4920664,149.13,148.23,58.76,-0.3955,0.7184,DOWN
2006-01-03,148.68,149.19,147.66,147.99,4368744,148.71,148.54,55.8,-0.3904,0.7423,DOWN
2006-01-04,147.55,147.67,146.25,146.89,3745726,148.36,148.7,50.6,-0.7433,0.8007,DOWN
2006-01-05,146.39,146.82,144.95,145.23,3739789,147.57,148.51,43.95,-1.1301,0.7698,DOWN
2006-01-06,145.18,145.55,143.48,144.68,3713995,146.67,148.05,41.98,-0.3787,0.5472,UP
2006-01-09,144.16,146.61,143.91,144.86,4856293,145.93,147.53,42.88,0.1244,0.4777,UP
2006-01-10,145.19,145.76,144.49,145.48,4315588,145.43,147.07,45.99,0.428,0.5319,DOWN
2006-01-11,145.24,145.8,144.49,144.66,3680162,144.98,146.67,42.68,-0.5637,0.4942,DOWN
2006-01-12,143.9,144.73,143.54,144.14,3245811,144.76,146.17,40.68,-0.3595,0.4412,DOWN
2006-01-13,143.89,144.09,142.9,143.6,2866366,144.55,145.61,38.65,-0.3746,0.4264,DOWN
2006-01-17,143.47,143.73,142.51,142.67,2611091,144.11,145.02,35.38,-0.6476,0.4349,DOWN
2006-01-18,143.02,143.25,141.14,141.61,1575000,143.34,144.38,32.05,-0.743,0.4478,DOWN
2006-01-19,140.72,141.63,139.01,139.59,3020743,142.32,143.65,26.86,-1.4265,0.5417,DOWN
2006-01-20,139.39,140.1,137.58,138.4,4368812,141.17,142.97,24.36,-0.8525,0.5126,UP
2006-01-23,138.55,138.81,138.34,138.63,5322672,140.18,142.36,25.8,0.1662,0.5519,UP
2006-01-24,138.89,139.05,137.96,138.77,4987941,139.4,141.76,26.71,0.101,0.5494,UP
2006-01-25,138.5,140.98,138.36,140.38,5284537,139.15,141.24,36.41,1.1602,0.7033,UP
2006-01-26,140.05,142.76,139.77,142.34,4223393,139.7,141.01,45.81,1.3962,0.8873,UP
2006-01-27,142.05,142.73,141.62,142.4,3398283,140.5,140.84,46.07,0.0422,0.8863,UP
2006-01-30,142.47,143.89,142.33,142.47,4269892,141.27,140.73,46.4,0.0492,0.8828,UP
2006-01-31,142.31,143.61,142.18,143.38,3878714,142.19,140.8,50.59,0.6387,0.8839,UP
2006-02-01,143.36,145.04,142.96,144.05,3805389,142.93,141.04,53.47,0.4673,0.8447,DOWN
2006-02-02,144.38,144.82,143.5,143.74,3227917,143.21,141.46,51.96,-0.2152,0.6553,DOWN
2006-02-03,142.93,143.63,142.53,143.34,2160960,143.4,141.95,50.0,-0.2783,0.5621,DOWN
2006-02-06,143.54,143.78,140.38,141.77,2690316,143.26,142.26,43.11,-1.0953,0.7262,DOWN
2006-02-07,141.8,142.58,139.46,140.26,4796018,142.63,142.41,37.73,-1.0651,0.8342,UP
2006-02-08,140.36,140.88,140.25,140.7,3409190,141.96,142.44,40.08,0.3137,0.755,DOWN
2006-02-09,140.29,140.38,139.29,140.27,3004456,141.27,142.24,38.55,-0.3056,0.5841,DOWN
2006-02-10,139.8,140.42,138.14,138.53,3558176,140.31,141.85,33.05,-1.2405,0.6726,DOWN
2006-02-13,137.9,138.06,136.67,137.21,2760307,139.39,141.32,29.6,-0.9529,0.6936,DOWN
2006-02-14,136.56,138.14,135.17,135.43,3058372,138.43,140.53,25.71,-1.2973,0.6484,DOWN
2006-02-15,134.77,134.98,133.85,134.65,2735523,137.22,139.59,24.21,-0.5759,0.5381,DOWN
2006-02-16,134.97,135.86,133.23,133.79,3384859,135.92,138.59,22.63,-0.6387,0.5143,DOWN
2006-02-17,133.57,133.81,132.89,133.23,3853892,134.86,137.58,21.65,-0.4186,0.5029,DOWN
2006-02-21,133.41,133.54,132.51,133.19,2710607,134.06,136.73,21.58,-0.03,0.5285,DOWN
2006-02-22,133.26,133.84,131.58,131.86,4257066,133.34,135.89,19.27,-0.9986,0.5227,DOWN
2006-02-23,132.18,133.17,131.47,131.72,3768186,132.76,134.99,19.04,-0.1062,0.452,DOWN
2006-02-24,131.8,132.06,131.12,131.65,4137102,132.33,134.13,18.92,-0.0531,0.4799,DOWN
2006-02-27,131.57,132.16,130.68,131.06,4309855,131.9,133.38,17.88,-0.4482,0.4311,UP
2006-02-28,131.04,131.94,130.23,131.37,3926261,131.53,132.8,20.36,0.2365,0.4704,DOWN
2006-03-01,131.23,131.68,130.82,130.98,3462652,131.36,132.35,19.56,-0.2969,0.3595,DOWN
2006-03-02,131.09,132.1,128.97,129.82,4645591,130.98,131.87,17.38,-0.8856,0.3944,UP
2006-03-03,129.49,130.6,129.19,130.36,3637896,130.72,131.52,21.75,0.416,0.4499,DOWN
2006-03-06,129.65,129.91,128.94,129.65,4749019,130.44,131.17,20.23,-0.5446,0.4566,UP
2006-03-07,129.76,130.55,129.37,130.31,5091331,130.22,130.88,25.44,0.5091,0.5162,UP
2006-03-08,130.12,131.22,129.34,130.66,4912498,130.16,130.76,28.12,0.2686,0.4549,UP
2006-03-09,130.68,132.91,130.26,132.31,4541373,130.66,130.82,39.22,1.2628,0.6242,UP
2006-03-10,132.47,134.15,131.89,133.49,4203116,131.28,131.0,45.67,0.8918,0.6767,UP
2006-03-13,133.19,134.01,132.0,133.51,3758212,132.06,131.25,45.78,0.015,0.6471,UP
2006-03-14,133.95,134.76,133.49,134.0,3581675,132.79,131.51,48.41,0.367,0.6495,DOWN
2006-03-15,134.09,134.21,133.43,133.94,3579021,133.45,131.8,48.1,-0.0448,0.6328,UP
2006-03-16,133.24,134.54,132.91,134.38,3514979,133.86,132.26,50.59,0.3285,0.498,DOWN
2006-03-17,134.37,134.85,132.94,133.8,4199556,133.93,132.61,47.37,-0.4316,0.5539,UP
2006-03-20,133.97,134.31,132.78,134.11,3856258,134.05,133.05,49.23,0.2317,0.4774,DOWN
2006-03-21,134.03,134.77,133.4,133.82,5272182,134.01,133.4,47.54,-0.2162,0.5032,UP
2006-03-22,133.96,135.29,133.62,134.86,4614837,134.19,133.82,53.68,0.7772,0.5285,UP
2006-03-23,135.11,136.58,134.6,135.02,4200884,134.32,134.09,54.57,0.1186,0.4123,DOWN
2006-03-24,134.79,135.44,134.51,134.73,5135457,134.51,134.22,52.61,-0.2148,0.3511,UP
2006-03-27,135.01,135.43,134.21,134.82,4275080,134.65,134.35,53.17,0.0668,0.3502,UP
2006-03-28,134.63,135.97,133.87,134.87,5341839,134.86,134.44,53.5,0.0371,0.3373,UP
2006-03-29,135.41,136.03,135.3,135.85,3698755,135.06,134.63,59.51,0.7266,0.393,DOWN
2006-03-30,135.77,135.86,134.89,135.4,3741735,135.13,134.73,55.94,-0.3312,0.4131,UP
2006-03-31,135.37,135.78,134.99,135.47,4298909,135.28,134.89,56.37,0.0517,0.3735,UP
2006-04-03,135.93,136.63,134.96,136.18,3120718,135.55,135.1,60.66,0.5241,0.3937,DOWN
2006-04-04,136.65,137.24,135.34,135.52,4060102,135.68,135.27,55.23,-0.4847,0.4293,DOWN
2006-04-05,135.52,135.73,134.89,135.36,3831554,135.59,135.32,53.97,-0.1181,0.3675,DOWN
2006-04-06,136.25,136.61,134.68,135.3,5336516,135.57,135.35,53.48,-0.0443,0.3672,UP
2006-04-07,135.67,137.67,134.94,137.07,5877974,135.89,135.58,63.94,1.3082,0.5356,UP
2006-04-10,136.84,138.68,136.73,138.15,5505284,136.28,135.92,68.58,0.7879,0.5672,UP
2006-04-11,138.44,139.71,138.0,139.13,4875941,137.0,136.34,72.09,0.7094,0.5794,UP
2006-04-12,140.35,141.48,139.04,139.45,3767436,137.82,136.7,73.15,0.23,0.561,DOWN
2006-04-13,139.51,139.8,138.25,138.52,3655051,138.46,137.01,65.41,-0.6669,0.6086,DOWN
2006-04-17,138.37,138.69,137.49,137.84,2981870,138.62,137.25,60.38,-0.4909,0.6491,DOWN
2006-04-18,137.64,137.71,136.48,137.02,3365336,138.39,137.34,54.89,-0.5949,0.6781,DOWN
2006-04-19,136.75,137.0,136.1,136.46,4605011,137.86,137.43,51.46,-0.4087,0.6717,UP
2006-04-20,136.59,137.48,135.67,137.3,4072273,137.43,137.62,55.92,0.6156,0.6886,DOWN
2006-04-21,137.27,137.74,136.46,136.68,3052727,137.06,137.76,52.11,-0.4516,0.7126,DOWN
2006-04-24,136.59,136.67,135.86,136.19,2524077,136.73,137.67,49.26,-0.3585,0.5827,DOWN
2006-04-25,135.39,135.79,134.35,135.14,3342212,136.35,137.37,43.73,-0.771,0.5365,DOWN
2006-04-26,135.07,135.3,133.33,133.79,3259239,135.82,136.84,37.85,-0.999,0.4768,DOWN
2006-04-27,133.86,134.06,132.36,132.61,3053801,134.88,136.16,33.6,-0.882,0.4448,DOWN
2006-04-28,131.9,132.99,130.16,131.3,3779587,133.81,135.43,29.62,-0.9879,0.469,DOWN
2006-05-01,131.43,132.72,129.51,130.36,4917949,132.64,134.68,27.14,-0.7159,0.4722,UP
2006-05-02,131.38,131.79,130.26,130.43,3188852,131.7,134.03,27.63,0.0537,0.5092,DOWN
2006-05-03,131.1,131.27,129.59,129.86,4180127,130.91,133.37,26.1,-0.437,0.5088,DOWN
2006-05-04,129.74,130.05,129.52,129.78,5207112,130.35,132.61,25.88,-0.0616,0.3713,UP
2006-05-05,129.04,131.43,128.39,130.64,4098336,130.21,132.01,32.37,0.6627,0.5377,DOWN
2006-05-08,131.66,132.22,129.64,130.18,3376080,130.18,131.41,30.82,-0.3521,0.5378,DOWN
2006-05-09,130.05,130.43,129.25,129.74,4061279,130.04,130.87,29.37,-0.338,0.5264,UP
2006-05-10,129.84,130.22,128.91,130.0,3365497,130.07,130.49,31.42,0.2004,0.5126,DOWN
2006-05-11,130.37,130.58,129.12,129.55,3498695,130.02,130.18,29.81,-0.3462,0.4696,DOWN
2006-05-12,129.74,130.21,129.3,129.48,3752684,129.79,130.0,29.55,-0.054,0.3884,UP
2006-05-15,128.88,130.05,128.7,129.63,3952014,129.68,129.93,30.91,0.1158,0.3367,UP
2006-05-16,129.58,130.62,129.17,130.43,4944743,129.82,129.93,37.83,0.6171,0.3985,UP
2006-05-17,130.7,131.77,130.41,131.44,5393706,130.11,130.09,45.27,0.7744,0.4333,UP
2006-05-18,131.41,133.59,130.07,133.18,5547795,130.83,130.43,55.22,1.3238,0.5685,UP
2006-05-19,134.19,134.72,133.19,134.33,5494817,131.8,130.8,60.35,0.8635,0.5875,UP
2006-05-22,134.18,136.16,133.96,136.0,5404838,133.08,131.38,66.37,1.2432,0.6127,UP
2006-05-23,136.11,138.17,135.62,137.75,5075591,134.54,132.18,71.29,1.2868,0.5987,UP
2006-05-24,138.26,138.74,137.16,138.38,3797571,135.93,133.02,72.83,0.4574,0.5849,DOWN
2006-05-25,138.09,138.88,137.5,137.67,3779142,136.83,133.83,68.38,-0.5131,0.6173,DOWN
2006-05-26,136.78,137.56,136.46,137.33,3349771,137.43,134.61,66.29,-0.247,0.6429,DOWN
2006-05-30,137.22,137.74,136.16,136.33,3494253,137.49,135.28,60.43,-0.7282,0.7576,DOWN
2006-05-31,136.08,137.32,134.35,135.02,4225750,136.95,135.74,53.74,-0.9609,0.8858,DOWN
2006-06-01,135.56,135.86,134.35,134.52,5231521,136.17,136.05,51.4,-0.3703,0.8987,UP
2006-06-02,134.68,136.43,133.64,135.56,6109230,135.75,136.29,55.72,0.7731,0.8395,UP
2006-06-05,135.78,137.45,135.41,137.19,6109665,135.72,136.57,61.49,1.2024,0.8762,UP
2006-06-06,137.1,139.51,136.6,139.01,6061660,136.26,136.88,66.72,1.3266,0.8874,UP
2006-06-07,139.04,140.86,137.96,140.58,4416800,137.37,137.16,70.44,1.1294,0.8676,DOWN
2006-06-08,140.37,141.58,139.32,140.27,4412036,138.52,137.35,68.8,-0.2205,0.8723,UP
2006-06-09,139.94,140.93,138.88,140.72,6008370,139.55,137.65,69.9,0.3208,0.8424,UP
2006-06-12,141.22,143.52,140.36,142.97,5439684,140.71,138.22,74.68,1.5989,0.9262,UP
2006-06-13,143.48,143.72,143.18,143.54,4858836,141.62,138.94,75.73,0.3987,0.8369,DOWN
2006-06-14,143.17,144.21,142.06,143.43,4540578,142.19,139.78,75.08,-0.0766,0.6983,DOWN
2006-06-15,142.96,143.69,142.27,142.85,3584272,142.7,140.61,71.6,-0.4044,0.7037,DOWN
2006-06-16,142.29,142.38,140.46,141.03,3334194,142.76,141.16,61.91,-1.2741,0.9153,DOWN
2006-06-19,140.78,141.58,139.28,139.78,3344082,142.13,141.42,56.27,-0.8863,0.9496,DOWN
2006-06-20,140.13,140.38,138.25,138.74,3987048,141.17,141.39,52.03,-0.744,0.8989,DOWN
2006-06-21,138.59,139.53,137.84,138.17,2821319,140.11,141.15,49.81,-0.4108,0.8082,DOWN
2006-06-22,137.85,138.09,137.41,137.65,2465243,139.07,140.89,47.81,-0.3763,0.8108,DOWN
2006-06-23,137.48,137.85,136.1,136.16,4086669,138.1,140.43,42.54,-1.0825,0.8346,DOWN
2006-06-26,136.23,137.18,134.55,135.66,4721636,137.28,139.7,40.91,-0.3672,0.4921,UP
2006-06-27,135.86,137.58,135.04,136.61,3574697,136.85,139.01,45.21,0.7003,0.5594,DOWN
2006-06-28,136.93,137.29,135.77,136.14,3987191,136.44,138.28,43.52,-0.344,0.5435,UP
2006-06-29,136.14,137.03,135.84,136.64,4276339,136.24,137.66,45.84,0.3673,0.6121,UP
2006-06-30,136.7,136.93,136.11,136.84,4679350,136.38,137.24,46.77,0.1464,0.56,DOWN
2006-07-03,136.67,137.31,135.65,136.75,3378673,136.6,136.94,46.38,-0.0658,0.5235,DOWN
2006-07-05,136.57,137.28,135.14,136.63,3266273,136.6,136.72,45.84,-0.0878,0.4902,DOWN
2006-07-06,136.9,137.5,135.01,135.25,3222070,136.42,136.43,39.98,-1.01,0.5574,DOWN
2006-07-07,135.45,136.26,133.37,133.66,3989570,135.83,136.03,34.51,-1.1756,0.6354,DOWN
2006-07-10,133.33,133.82,131.88,132.89,4735903,135.04,135.71,32.21,-0.5761,0.5835,UP
2006-07-11,132.8,134.81,132.48,133.4,4291723,134.37,135.48,35.28,0.3838,0.613,DOWN
2006-07-12,133.47,133.58,132.73,132.83,4352309,133.61,135.1,33.46,-0.4273,0.5347,DOWN
2006-07-13,133.18,133.61,132.02,132.21,3782176,133.0,134.71,31.54,-0.4668,0.5377,DOWN
2006-07-14,131.78,131.94,130.57,131.58,2844814,132.58,134.2,29.69,-0.4765,0.4867,DOWN
2006-07-17,131.34,131.64,129.52,129.98,3605240,132.0,133.52,25.57,-1.216,0.5142,DOWN
2006-07-18,129.93,130.15,128.54,129.64,4998482,131.25,132.81,24.78,-0.2616,0.4989,UP
2006-07-19,130.08,131.53,129.8,131.32,5108223,130.95,132.28,35.36,1.2959,0.7594,UP
2006-07-20,131.26,133.27,130.82,132.69,5478423,131.04,132.02,42.47,1.0433,0.8467,UP
2006-07-21,132.63,135.32,132.45,134.47,4308359,131.62,132.1,50.14,1.3415,0.8932,UP
2006-07-24,134.13,135.84,133.16,135.13,4059491,132.65,132.32,52.66,0.4908,0.8717,UP
2006-07-25,135.26,136.93,134.94,135.68,4523579,133.86,132.55,54.72,0.407,0.8724,UP
2006-07-26,135.84,137.02,135.61,136.72,4154775,134.94,132.94,58.4,0.7665,0.8627,UP
2006-07-27,136.53,137.74,135.77,137.21,3968220,135.84,133.44,60.04,0.3584,0.8205,UP
2006-07-28,137.72,138.21,137.54,137.8,3813138,136.51,134.06,61.99,0.43,0.7641,UP
2006-07-31,137.87,139.52,136.69,138.24,4884974,137.13,134.89,63.43,0.3193,0.4958,UP
2006-08-01,137.99,140.61,137.4,140.1,4858774,138.01,135.94,68.79,1.3455,0.4354,UP
2006-08-02,140.78,142.04,139.11,141.34,5512398,138.94,136.94,71.76,0.8851,0.3991,UP
2006-08-03,141.64,143.57,141.39,143.24,5831981,140.14,137.99,75.59,1.3443,0.4345,UP
2006-08-04,143.44,146.99,142.8,145.44,5631474,141.67,139.09,79.13,1.5359,0.4661,UP
2006-08-07,145.89,148.01,144.78,147.53,5403909,143.53,140.33,81.82,1.437,0.4942,UP
2006-08-08,147.58,148.44,147.25,147.95,3702267,145.1,141.56,82.31,0.2847,0.5086,DOWN
2006-08-09,147.79,148.82,146.86,147.13,3692576,146.26,142.6,77.87,-0.5542,0.6809,DOWN
2006-08-10,147.34,148.46,145.17,146.65,2981032,146.94,143.54,75.3,-0.3262,0.7539,DOWN
2006-08-11,147.09,147.63,144.88,145.95,2597230,147.04,144.36,71.6,-0.4773,0.8361,DOWN
2006-08-14,146.85,147.2,144.93,145.06,2675566,146.55,145.04,67.08,-0.6098,0.916,DOWN
2006-08-15,144.68,146.04,143.19,144.06,2713972,145.77,145.44,62.32,-0.6894,0.9299,DOWN
2006-08-16,143.48,143.75,142.23,142.62,3853825,144.87,145.56,56.15,-0.9996,0.9838,DOWN
2006-08-17,142.18,142.3,141.94,142.04,3593159,143.95,145.44,53.83,-0.4067,0.8878,DOWN
2006-08-18,142.28,143.12,140.49,141.11,3684841,142.98,145.01,50.26,-0.6547,0.6936,DOWN
2006-08-21,140.68,140.98,139.9,140.16,3922991,142.0,144.27,46.83,-0.6732,0.3347,DOWN
2006-08-22,140.99,141.61,139.64,139.88,4764135,141.16,143.47,45.84,-0.1998,0.2234,UP
2006-08-23,139.38,140.69,138.75,140.07,4089953,140.65,142.76,46.67,0.1358,0.3135,UP
2006-08-24,140.16,140.9,139.77,140.25,4102735,140.29,142.12,47.48,0.1285,0.3681,DOWN
2006-08-25,140.97,141.42,138.97,139.41,4866682,139.95,141.47,44.09,-0.5989,0.3713,UP
2006-08-28,138.93,140.26,138.13,139.8,5161630,139.88,140.94,46.02,0.2798,0.4321,UP
2006-08-29,139.62,141.72,139.42,140.9,5415905,140.09,140.62,51.14,0.7868,0.547,UP
2006-08-30,140.77,142.45,140.39,142.08,4553536,140.49,140.57,55.96,0.8375,0.5643,UP
2006-08-31,142.32,143.47,140.41,142.14,4336468,140.87,140.58,56.19,0.0422,0.5493,UP
2006-09-01,142.97,143.25,142.07,142.62,4128978,141.51,140.73,58.13,0.3377,0.5039,UP
2006-09-05,142.01,143.12,141.65,142.7,4369150,142.09,140.99,58.46,0.0561,0.4249,UP
2006-09-06,142.42,144.26,141.88,143.48,4712980,142.6,141.34,61.64,0.5466,0.4162,UP
2006-09-07,143.77,144.13,142.7,143.62,5011485,142.91,141.7,62.2,0.0976,0.4176,UP
2006-09-08,143.52,144.78,142.91,143.95,3989813,143.27,142.07,63.54,0.2298,0.4155,UP
2006-09-11,144.4,144.79,143.25,144.02,4823322,143.55,142.53,63.84,0.0486,0.3012,UP
2006-09-12,144.54,145.0,144.43,144.57,4318444,143.93,143.01,66.15,0.3819,0.3012,DOWN
2006-09-13,145.51,146.27,144.27,144.41,3070175,144.11,143.36,64.85,-0.1107,0.2854,DOWN
2006-09-14,144.4,145.24,141.69,142.56,4132047,143.9,143.41,52.11,-1.2811,0.5022,DOWN
2006-09-15,142.9,143.58,141.68,142.22,4245343,143.56,143.42,50.16,-0.2385,0.5095,UP
2006-09-18,142.59,142.85,142.16,142.23,4676904,143.2,143.38,50.21,0.007,0.4962,UP
2006-09-19,141.97,143.37,141.26,143.02,5577781,142.89,143.41,54.77,0.5554,0.5294,UP
2006-09-20,143.19,145.6,142.93,145.02,4687231,143.01,143.56,63.81,1.3984,0.6722,UP
2006-09-21,144.79,146.04,144.22,145.72,5085039,143.64,143.77,66.34,0.4827,0.6824,UP
2006-09-22,145.85,148.53,145.61,147.8,5366024,144.76,144.16,72.5,1.4274,0.7944,UP
2006-09-25,147.87,149.83,146.47,149.57,6568733,146.23,144.71,76.45,1.1976,0.841,UP
2006-09-26,149.42,152.07,148.98,151.62,6321053,147.95,145.42,80.03,1.3706,0.8972,UP
2006-09-27,152.39,153.83,152.08,153.33,6402463,149.61,146.31,82.43,1.1278,0.892,UP
2006-09-28,153.28,155.27,153.24,155.06,5519917,151.48,147.56,84.46,1.1283,0.6053,UP
2006-09-29,154.67,156.97,154.03,155.8,5089461,153.08,148.92,85.25,0.4772,0.4952,UP
2006-10-02,156.23,157.7,155.81,156.95,4327864,154.55,150.39,86.4,0.7381,0.3883,DOWN
2006-10-03,156.36,156.46,154.74,156.2,3818026,155.47,151.71,81.91,-0.4779,0.5978,DOWN
2006-10-04,156.18,156.32,154.04,155.13,3647980,155.83,152.72,75.85,-0.685,0.7448,DOWN
2006-10-05,154.51,154.69,153.7,153.99,3418774,155.61,153.55,69.92,-0.7349,0.8695,DOWN
2006-10-06,153.11,153.48,151.74,152.88,3180578,155.03,154.05,64.62,-0.7208,0.8955,DOWN
2006-10-09,151.8,152.28,150.81,151.39,3855102,153.92,154.24,58.23,-0.9746,0.9278,DOWN
2006-10-10,151.13,152.18,150.59,150.78,2632696,152.83,154.15,55.8,-0.4029,0.8273,DOWN
2006-10-11,150.53,151.18,148.06,148.79,3609407,151.57,153.7,48.67,-1.3198,0.8009,DOWN
2006-10-12,148.73,149.22,146.63,147.28,4587363,150.22,152.92,44.06,-1.0149,0.6495,UP
2006-10-13,147.02,147.66,145.87,147.5,4343403,149.15,152.09,44.88,0.1494,0.6005,UP
2006-10-16,147.33,148.18,147.22,147.59,5246931,148.39,151.15,45.24,0.061,0.4621,UP
2006-10-17,147.82,149.12,147.2,148.4,3744273,147.91,150.37,48.44,0.5488,0.5912,DOWN
2006-10-18,148.86,150.15,146.81,147.43,4046368,147.64,149.6,45.04,-0.6536,0.5902,DOWN
2006-10-19,146.42,147.23,146.24,146.97,4843642,147.58,148.9,43.49,-0.312,0.5872,UP
2006-10-20,147.37,147.79,147.17,147.49,3940052,147.58,148.36,45.77,0.3538,0.6316,DOWN
2006-10-23,147.85,148.63,146.53,146.95,5040368,147.45,147.92,43.79,-0.3661,0.5936,UP
2006-10-24,146.92,147.7,146.16,147.29,3673328,147.23,147.57,45.39,0.2314,0.6144,DOWN
2006-10-25,147.43,147.56,146.35,146.91,3786320,147.12,147.38,43.89,-0.258,0.4833,DOWN
2006-10-26,146.94,147.83,145.77,145.95,4269172,146.92,147.25,40.26,-0.6535,0.4186,DOWN
2006-10-27,146.31,146.59,145.01,145.61,4326177,146.54,147.06,39.03,-0.233,0.4118,UP
2006-10-30,146.33,147.05,145.28,145.72,3752135,146.3,146.87,39.67,0.0755,0.4125,DOWN
2006-10-31,145.44,145.83,143.95,144.44,3801266,145.73,146.48,35.05,-0.8784,0.3996,DOWN
2006-11-01,144.67,145.41,143.33,143.88,4457981,145.12,146.12,33.22,-0.3877,0.3795,UP
2006-11-02,144.06,144.34,143.21,144.11,5673032,144.75,145.83,34.72,0.1599,0.3988,UP
2006-11-03,143.93,146.05,143.46,145.87,6877039,144.8,145.67,44.94,1.2213,0.5833,UP
2006-11-06,146.05,148.74,145.22,148.31,7417524,145.32,145.81,55.37,1.6727,0.7996,UP
2006-11-07,148.17,153.25,148.07,152.25,6096894,146.88,146.3,66.43,2.6566,1.1406,UP
2006-11-08,153.05,154.39,152.76,153.93,4759664,148.89,147.01,69.86,1.1034,1.1429,UP
2006-11-09,154.12,155.78,153.58,155.04,5188129,151.08,147.92,71.9,0.7211,1.0727,UP
2006-11-10,155.14,157.54,154.26,156.55,6093086,153.22,149.01,74.44,0.9739,1.0344,UP
2006-11-13,157.56,159.26,157.38,158.82,6147727,155.32,150.32,77.7,1.45,1.0288,UP
2006-11-14,159.03,162.31,158.85,160.93,5773072,157.05,151.97,80.22,1.3285,0.8297,UP
2006-11-15,161.2,163.5,161.06,162.71,5834307,158.81,153.85,82.07,1.1061,0.6489,UP
2006-11-16,162.31,164.03,162.19,163.47,5629513,160.5,155.79,82.81,0.4671,0.5973,UP
2006-11-17,163.09,165.31,162.19,164.92,4762030,162.17,157.69,84.15,0.887,0.6096,UP
2006-11-20,164.68,165.94,163.85,165.64,3797412,163.53,159.43,84.78,0.4366,0.6361,DOWN
2006-11-21,165.5,166.03,164.97,165.31,4309711,164.41,160.73,83.14,-0.1992,0.4905,UP
2006-11-22,165.77,166.14,165.45,165.81,5040400,165.03,161.92,83.65,0.3025,0.5056,UP
2006-11-24,166.1,167.5,165.88,167.0,6129124,165.74,163.12,84.84,0.7177,0.5056,UP
2006-11-27,166.92,169.26,166.54,168.11,4553068,166.37,164.27,85.88,0.6647,0.4996,UP
2006-11-28,167.3,169.05,166.42,168.35,3884880,166.92,165.22,86.1,0.1428,0.4553,DOWN
2006-11-29,168.21,169.21,166.81,168.07,4557362,167.47,165.94,84.44,-0.1663,0.4288,UP
2006-11-30,168.6,168.99,168.01,168.53,3723314,168.01,166.52,84.95,0.2737,0.3595,DOWN
2006-12-01,167.93,168.29,166.23,167.59,2493726,168.13,166.93,79.21,-0.5578,0.4563,DOWN
2006-12-04,168.19,168.61,164.38,165.6,3297959,167.63,167.0,68.64,-1.1874,0.5873,DOWN
2006-12-05,165.84,165.9,163.84,164.44,4025511,166.85,166.88,63.34,-0.7005,0.6121,DOWN
2006-12-06,164.17,164.46,162.6,162.94,4337083,165.82,166.64,57.18,-0.9122,0.6677,DOWN
2006-12-07,163.58,163.88,161.22,162.1,4005352,164.53,166.27,54.01,-0.5155,0.6572,DOWN
2006-12-08,162.11,163.02,159.84,161.41,3946050,163.3,165.71,51.49,-0.4257,0.5687,DOWN
2006-12-11,161.1,161.33,160.29,160.35,5272602,162.25,164.94,47.8,-0.6567,0.451,UP
2006-12-12,160.78,161.34,159.85,160.45,4595780,161.45,164.15,48.18,0.0624,0.4394,DOWN
2006-12-13,160.17,160.62,159.31,159.91,5121550,160.84,163.33,46.23,-0.3366,0.4292,UP
2006-12-14,160.26,161.6,159.55,161.21,3909787,160.67,162.6,51.33,0.813,0.5527,UP
2006-12-15,160.61,161.69,159.69,161.39,4496931,160.66,161.98,52.0,0.1117,0.5771,UP
2006-12-18,161.42,163.05,160.43,162.46,4099058,161.08,161.67,55.93,0.663,0.5842,DOWN
2006-12-19,162.66,163.14,161.51,161.68,5275185,161.33,161.39,52.56,-0.4801,0.5667,UP
2006-12-20,162.57,164.91,161.61,163.22,4921543,161.99,161.42,57.95,0.9525,0.6002,UP
2006-12-21,163.52,164.48,163.03,164.16,5489356,162.58,161.62,60.88,0.5759,0.5915,UP
2006-12-22,163.77,165.7,162.92,165.04,5586417,163.31,161.99,63.45,0.5361,0.5692,UP
2006-12-26,165.3,166.64,165.1,166.41,6036552,164.1,162.59,67.07,0.8301,0.504,UP
2006-12-27,166.79,169.66,166.7,169.07,5213929,165.58,163.45,72.72,1.5985,0.6197,UP
2006-12-28,168.82,171.31,168.27,170.23,4450741,166.98,164.49,74.75,0.6861,0.5408,UP
2006-12-29,169.74,171.71,169.43,170.48,3962361,168.25,165.41,75.18,0.1469,0.5564,DOWN
2007-01-02,170.86,171.17,170.02,170.39,3340159,169.32,166.31,74.69,-0.0528,0.5734,DOWN
2007-01-03,169.74,170.13,168.82,169.16,4008847,169.87,166.98,68.12,-0.7219,0.696,UP
2007-01-04,168.55,169.6,168.23,169.36,4813940,169.92,167.75,68.6,0.1182,0.6342,UP
2007-01-05,170.11,170.7,169.49,170.43,4878999,169.96,168.47,71.13,0.6318,0.6148,UP
2007-01-08,170.63,171.9,169.52,171.71,3938387,170.21,169.23,73.83,0.751,0.6217,DOWN
2007-01-09,171.75,172.62,170.8,171.31,3536023,170.39,169.86,71.57,-0.233,0.6568,DOWN
2007-01-10,171.19,171.26,170.92,171.12,3065591,170.79,170.33,70.47,-0.1109,0.6518,DOWN
2007-01-11,170.91,171.57,169.08,169.5,4122076,170.81,170.37,61.73,-0.9467,0.5724,DOWN
2007-01-12,169.4,169.58,168.65,169.13,4231677,170.55,170.26,59.91,-0.2183,0.5263,DOWN
2007-01-16,167.92,168.81,167.72,168.58,3240263,169.93,170.07,57.2,-0.3252,0.5265,DOWN
2007-01-17,167.98,168.93,166.09,166.33,4494635,168.93,169.66,47.69,-1.3347,0.6519,DOWN
2007-01-18,166.64,168.19,165.25,165.86,4104792,167.88,169.33,45.97,-0.2826,0.6302,UP
2007-01-19,165.84,166.99,165.3,166.43,4196886,167.27,169.04,48.4,0.3437,0.6465,DOWN
2007-01-22,166.36,166.74,165.36,165.83,3539270,166.61,168.58,46.06,-0.3605,0.5823,DOWN
2007-01-23,165.39,165.83,164.51,165.31,4220770,165.95,167.94,44.06,-0.3136,0.4587,UP
2007-01-24,164.89,166.42,164.61,165.71,3381178,165.83,167.38,46.0,0.242,0.4983,DOWN
2007-01-25,165.78,166.06,164.91,165.18,3818473,165.69,166.79,43.83,-0.3198,0.4924,DOWN
2007-01-26,164.89,166.04,162.51,163.63,3372653,165.13,166.2,38.17,-0.9384,0.4913,DOWN
2007-01-29,163.9,164.29,161.1,162.02,2777960,164.37,165.49,33.36,-0.9839,0.5267,DOWN
2007-01-30,161.66,162.15,159.4,159.94,2596607,163.3,164.62,28.37,-1.2838,0.5896,DOWN
2007-01-31,158.59,159.23,157.52,157.64,4756764,161.68,163.76,24.09,-1.438,0.606,UP
2007-02-01,157.38,159.68,156.85,158.22,4117106,160.29,162.99,27.08,0.3679,0.6677,DOWN
2007-02-02,157.14,157.8,155.75,157.46,5904900,159.06,162.09,25.65,-0.4803,0.6042,UP
2007-02-05,158.19,159.13,157.84,158.79,5354102,158.41,161.39,32.37,0.8447,0.7492,UP
2007-02-06,159.78,160.35,159.31,159.94,4050576,158.41,160.85,37.61,0.7242,0.8342,DOWN
2007-02-07,159.57,160.2,159.11,159.6,5237443,158.8,160.24,36.7,-0.2126,0.8119,UP
2007-02-08,159.72,161.07,159.03,160.63,4596380,159.28,159.79,41.32,0.6454,0.8738,DOWN
2007-02-09,160.32,161.63,159.86,160.56,2929396,159.9,159.48,41.1,-0.0436,0.8437,DOWN
2007-02-12,161.11,161.48,158.54,159.4,3151637,160.03,159.22,37.54,-0.7225,0.8199,DOWN
2007-02-13,159.24,160.08,156.33,157.25,4420813,159.49,158.95,32.02,-1.3488,0.83,DOWN
2007-02-14,157.0,157.28,155.32,156.37,4558033,158.84,158.82,30.06,-0.5596,0.7196,DOWN
2007-02-15,156.03,156.43,155.68,156.25,4112481,157.97,158.62,29.8,-0.0767,0.7025,DOWN
2007-02-16,155.83,156.88,155.13,155.5,3569562,156.95,158.43,28.12,-0.48,0.7025,DOWN
2007-02-20,156.3,156.66,154.11,154.36,3937148,155.95,157.99,25.74,-0.7331,0.6349,DOWN
2007-02-21,153.99,154.62,153.08,153.59,3052811,155.21,157.35,24.25,-0.4988,0.5288,DOWN
2007-02-22,153.5,153.92,150.31,151.53,4907200,154.25,156.54,20.79,-1.3412,0.5993,UP
2007-02-23,151.35,151.95,150.03,151.76,4241252,153.35,155.66,22.13,0.1518,0.5061,DOWN
2007-02-26,150.7,151.94,150.52,151.57,3874016,152.56,154.76,21.8,-0.1252,0.4974,DOWN
2007-02-27,151.36,151.81,151.02,151.26,3626761,151.94,153.94,21.25,-0.2045,0.507,DOWN
2007-02-28,151.07,151.16,149.45,150.51,3667946,151.33,153.27,19.93,-0.4958,0.416,DOWN
2007-03-01,150.36,150.69,148.68,149.9,3922644,151.0,152.62,18.9,-0.4053,0.4137,DOWN
2007-03-02,150.15,151.15,149.55,149.73,3005649,150.59,151.97,18.62,-0.1134,0.4105,DOWN
2007-03-05,149.31,150.0,148.2,148.3,3598953,149.94,151.25,16.36,-0.9551,0.4438,DOWN
2007-03-06,148.21,148.27,146.08,146.97,4081144,149.08,150.51,14.59,-0.8968,0.4573,DOWN
2007-03-07,147.05,147.42,145.82,146.6,2898974,148.3,149.81,14.13,-0.2518,0.4633,DOWN
2007-03-08,145.76,145.96,145.0,145.05,3985895,147.33,149.16,12.38,-1.0573,0.4091,DOWN
2007-03-09,145.39,146.27,144.6,144.97,3546769,146.38,148.49,12.29,-0.0552,0.3803,DOWN
2007-03-12,144.93,145.79,144.07,144.65,3054636,145.65,147.79,11.94,-0.2207,0.3722,DOWN
2007-03-13,144.36,144.72,143.11,143.46,4109078,144.95,147.01,10.71,-0.8227,0.3753,UP
2007-03-14,143.35,145.2,143.03,143.65,5405270,144.36,146.33,12.27,0.1324,0.4298,UP
2007-03-15,143.61,145.42,143.4,144.86,5566931,144.32,145.82,21.62,0.8423,0.5973,UP
2007-03-16,144.6,146.47,143.5,146.18,4485405,144.56,145.47,30.34,0.9112,0.7165,UP
2007-03-19,145.31,146.92,144.29,146.65,3689972,144.96,145.3,33.19,0.3215,0.6875,DOWN
2007-03-20,146.07,146.66,145.56,145.74,4543558,145.42,145.18,30.58,-0.6205,0.6573,UP
2007-03-21,145.74,146.41,145.09,146.22,4342951,145.93,145.14,33.55,0.3294,0.6662,UP
2007-03-22,146.39,147.31,145.83,146.83,5092867,146.32,145.32,37.22,0.4172,0.5681,UP
2007-03-23,147.2,149.23,146.52,148.4,3621036,146.77,145.66,45.56,1.0693,0.636,DOWN
2007-03-26,148.23,149.13,147.6,148.19,3041309,147.08,146.02,44.71,-0.1415,0.6302,DOWN
2007-03-27,148.24,148.66,146.57,147.47,3510190,147.42,146.42,41.81,-0.4859,0.5732,DOWN
2007-03-28,147.55,147.64,146.39,146.51,4061504,147.48,146.7,38.25,-0.651,0.6444,UP
2007-03-29,147.0,147.3,145.17,146.73,4406635,147.46,146.89,39.52,0.1502,0.6035,UP
2007-03-30,146.7,147.87,145.76,147.41,4381258,147.26,147.02,43.4,0.4634,0.5537,UP
2007-04-02,147.8,148.48,147.54,147.77,5692239,147.18,147.13,45.39,0.2442,0.5505,UP
2007-04-03,147.94,149.49,147.11,149.26,5186309,147.54,147.48,52.81,1.0083,0.5619,UP
2007-04-04,149.21,151.6,148.47,150.56,4983197,148.35,147.91,58.16,0.871,0.5965,UP
2007-04-05,151.53,151.82,151.04,151.52,3622470,149.3,148.38,61.61,0.6376,0.6055,DOWN
2007-04-09,151.55,152.37,150.07,150.8,3868037,149.98,148.62,57.76,-0.4752,0.5889,DOWN
2007-04-10,150.67,151.27,149.55,150.06,3586086,150.44,148.81,54.02,-0.4907,0.6186,DOWN
2007-04-11,150.07,150.2,149.63,149.69,2702720,150.53,149.03,52.2,-0.2466,0.5964,DOWN
2007-04-12,150.63,151.27,147.8,148.43,2186435,150.1,149.22,46.46,-0.8417,0.6272,DOWN
2007-04-13,148.32,149.16,146.39,146.89,2736269,149.17,149.24,40.59,-1.0375,0.7278,DOWN
2007-04-16,146.33,146.89,144.14,145.08,3239235,148.03,149.01,34.99,-1.2322,0.8047,DOWN
2007-04-17,144.78,145.07,143.34,143.44,3788907,146.71,148.57,30.84,-1.1304,0.8451,DOWN
2007-04-18,143.55,143.95,141.83,142.06,4382703,145.18,147.85,27.84,-0.9621,0.7296,DOWN
2007-04-19,141.74,142.73,141.37,141.59,3543405,143.81,146.96,26.89,-0.3308,0.5595,DOWN
2007-04-20,141.64,142.35,140.62,141.24,3533091,142.68,145.93,26.16,-0.2472,0.3819,DOWN
2007-04-23,141.02,141.04,140.3,140.89,3673611,141.84,144.94,25.43,-0.2478,0.4029,DOWN
2007-04-24,140.77,141.03,139.89,140.63,2959183,141.28,143.99,24.87,-0.1845,0.4294,DOWN
2007-04-25,141.17,141.61,138.72,139.23,3252246,140.72,142.95,22.06,-0.9955,0.4171,DOWN
2007-04-26,139.63,139.99,137.9,138.51,4546030,140.1,141.96,20.76,-0.5171,0.4193,DOWN
2007-04-27,138.34,138.82,137.22,138.03,4345982,139.46,141.07,19.92,-0.3465,0.4122,UP
2007-04-30,138.15,139.65,138.12,138.68,4268762,139.02,140.43,24.39,0.4709,0.4776,DOWN
2007-05-01,139.15,139.79,138.01,138.64,3933016,138.62,139.95,24.3,-0.0288,0.4274,UP
2007-05-02,138.49,139.76,138.1,138.93,4062887,138.56,139.64,26.42,0.2092,0.397,DOWN
2007-05-03,139.0,140.44,138.78,138.9,3055633,138.64,139.37,26.34,-0.0216,0.3996,DOWN
2007-05-04,139.05,139.55,137.55,137.81,2049666,138.59,139.02,23.48,-0.7847,0.442,DOWN
2007-05-07,136.74,137.18,134.45,135.12,3430868,137.88,138.45,18.23,-1.952,0.6978,DOWN
2007-05-08,134.88,135.4,133.21,133.65,3527825,136.88,137.75,16.11,-1.0879,0.7227,DOWN
2007-05-09,133.45,134.13,132.44,132.94,3098697,135.68,137.12,15.19,-0.5312,0.7023,DOWN
2007-05-10,132.52,132.6,132.29,132.48,3202835,134.4,136.52,14.61,-0.346,0.7028,DOWN
2007-05-11,132.03,132.55,131.62,132.24,2682621,133.29,135.94,14.3,-0.1812,0.7073,DOWN
2007-05-14,132.28,132.57,130.47,131.37,4237039,132.54,135.21,13.21,-0.6579,0.6347,DOWN
2007-05-15,130.99,131.23,130.26,131.1,3307426,132.03,134.45,12.88,-0.2055,0.6213,DOWN
2007-05-16,131.91,132.62,130.48,130.99,3341119,131.64,133.66,12.75,-0.0839,0.5871,UP
2007-05-17,131.03,132.08,130.81,131.0,3635668,131.34,132.87,12.84,0.0076,0.5903,DOWN
2007-05-18,131.09,131.91,130.31,130.76,5113489,131.04,132.16,12.5,-0.1832,0.598,UP
2007-05-21,130.25,132.11,130.01,131.71,4613069,131.11,131.82,21.37,0.7265,0.4732,UP
2007-05-22,131.94,132.34,131.27,132.28,3928210,131.35,131.69,26.2,0.4328,0.4165,UP
2007-05-23,131.52,133.2,131.1,132.85,4121709,131.72,131.68,30.78,0.4309,0.4175,UP
2007-05-24,132.46,133.44,132.31,133.19,4063724,132.16,131.75,33.43,0.2559,0.4063,UP
2007-05-25,133.56,134.85,133.24,134.15,3757858,132.84,131.94,40.38,0.7208,0.4463,DOWN
2007-05-29,134.15,134.44,132.44,133.4,3356563,133.17,132.14,37.12,-0.5591,0.4273,DOWN
2007-05-30,133.62,133.75,132.6,132.81,3301283,133.28,132.31,34.75,-0.4423,0.4551,DOWN
2007-05-31,132.85,133.33,131.53,131.98,3193329,133.11,132.41,31.67,-0.625,0.5121,DOWN
2007-06-01,131.55,132.27,129.92,130.48,3095387,132.56,132.36,27.02,-1.1365,0.6408,DOWN
2007-06-04,129.53,130.17,128.39,129.04,3755336,131.54,132.19,23.46,-1.1036,0.7246,UP
2007-06-05,128.61,129.14,128.3,129.07,2708540,130.68,131.93,23.69,0.0232,0.6638,DOWN
2007-06-06,129.28,129.52,127.22,127.81,3414028,129.68,131.48,20.9,-0.9762,0.664,DOWN
2007-06-07,127.66,128.2,126.24,126.74,3577831,128.63,130.87,18.87,-0.8372,0.6198,DOWN
2007-06-08,127.02,127.4,124.48,125.51,4651424,127.63,130.1,16.84,-0.9705,0.5808,UP
2007-06-11,125.31,126.43,125.25,125.91,5199055,127.01,129.28,19.86,0.3187,0.4861,UP
2007-06-12,126.75,126.97,125.64,126.38,5145055,126.47,128.57,23.37,0.3733,0.5815,UP
2007-06-13,126.15,127.96,125.6,127.44,4794886,126.4,128.04,30.74,0.8387,0.7275,UP
2007-06-14,127.81,128.59,127.78,128.38,5871260,126.72,127.68,36.57,0.7376,0.8061,UP
2007-06-15,128.91,130.41,128.66,130.25,5683061,127.67,127.65,46.26,1.4566,0.9081,UP
2007-06-18,130.42,131.81,130.32,131.2,4661521,128.73,127.87,50.41,0.7294,0.8467,UP
2007-06-19,131.44,131.71,131.13,131.55,3371897,129.76,128.12,51.88,0.2668,0.8455,DOWN
2007-06-20,130.96,131.97,130.84,131.05,3833503,130.49,128.44,49.62,-0.3801,0.7716,DOWN
2007-06-21,130.17,130.81,129.2,130.75,3164866,130.96,128.84,48.25,-0.2289,0.6964,DOWN
2007-06-22,131.43,131.94,129.05,129.43,5000056,130.8,129.23,42.7,-1.0096,0.7045,UP
2007-06-25,129.38,131.15,129.18,130.8,4827951,130.72,129.72,49.23,1.0585,0.7433,UP
2007-06-26,131.25,131.98,131.19,131.86,5051154,130.78,130.27,53.64,0.8104,0.7553,UP
2007-06-27,131.58,133.44,131.35,133.1,3971258,131.19,130.84,58.2,0.9404,0.7621,DOWN
2007-06-28,132.64,133.0,132.32,132.73,3486305,131.58,131.27,56.42,-0.278,0.7851,DOWN
2007-06-29,133.18,133.7,131.96,132.57,4675053,132.21,131.5,55.62,-0.1205,0.6874,UP
2007-07-02,132.61,133.92,132.05,133.57,4919591,132.77,131.74,59.47,0.7543,0.6897,UP
2007-07-03,133.71,134.25,133.07,133.6,5226911,133.11,131.95,59.58,0.0225,0.6906,UP
2007-07-05,133.65,135.26,133.14,134.58,6432489,133.41,132.3,63.19,0.7335,0.6842,UP
2007-07-06,135.06,137.17,134.92,136.45,6632295,134.15,132.87,68.91,1.3895,0.7424,UP
2007-07-09,136.13,139.6,135.67,138.42,6505870,135.32,133.77,73.56,1.4438,0.6068,UP
2007-07-10,138.81,141.07,137.65,140.71,5938769,136.75,134.76,77.73,1.6544,0.6741,UP
2007-07-11,140.61,143.29,139.61,142.72,5009498,138.58,135.84,80.62,1.4285,0.7092,UP
2007-07-12,142.58,144.12,142.18,143.93,4454810,140.45,136.93,82.13,0.8478,0.7077,UP
2007-07-13,143.99,144.3,143.39,143.95,3646993,141.95,138.05,82.15,0.0139,0.6636,DOWN
2007-07-16,144.13,145.07,142.69,142.98,2794500,142.86,139.09,76.63,-0.6738,0.7656,DOWN
2007-07-17,143.55,144.18,140.62,140.97,3802194,142.91,139.83,66.63,-1.4058,1.0277,DOWN
2007-07-18,141.22,141.73,139.62,140.4,3898495,142.45,140.51,64.08,-0.4043,1.0602,DOWN
2007-07-19,139.75,140.67,139.37,139.42,4540306,141.54,140.99,59.84,-0.698,1.1205,DOWN
2007-07-20,138.57,139.33,138.47,139.14,4919964,140.58,141.26,58.64,-0.2008,1.0698,UP
2007-07-23,138.91,140.2,137.87,139.15,4758898,139.82,141.34,58.67,0.0072,0.9767,UP
2007-07-24,139.17,139.55,138.51,139.3,3957081,139.48,141.2,59.18,0.1078,0.8026,DOWN
2007-07-25,138.75,139.29,138.5,139.11,2674297,139.22,140.83,58.21,-0.1364,0.5985,DOWN
2007-07-26,139.08,139.79,136.96,137.7,3528063,138.88,140.21,51.45,-1.0136,0.4989,DOWN
2007-07-27,137.0,137.61,136.62,137.43,4312735,138.54,139.56,50.25,-0.1961,0.4817,UP
2007-07-30,137.83,138.97,137.1,138.39,3652546,138.39,139.1,54.33,0.6985,0.5963,DOWN
2007-07-31,138.06,138.29,136.78,138.07,3675075,138.14,138.81,52.78,-0.2312,0.4596,UP
2007-08-01,137.88,138.51,137.53,138.44,3240317,138.01,138.61,54.4,0.268,0.4764,DOWN
2007-08-02,137.63,137.77,137.36,137.5,3577794,137.97,138.42,49.72,-0.679,0.4739,DOWN
2007-08-03,136.5,137.27,135.34,135.93,3505393,137.67,138.1,43.05,-1.1418,0.5713,DOWN
2007-08-06,136.11,137.0,134.28,134.93,3504525,136.97,137.68,39.42,-0.7357,0.5849,DOWN
2007-08-07,134.41,134.76,133.29,133.87,3426239,136.13,137.14,35.96,-0.7856,0.5829,DOWN
2007-08-08,134.53,134.98,132.65,133.14,2067579,135.07,136.54,33.76,-0.5453,0.5771,DOWN
2007-08-09,132.53,132.91,130.22,130.69,1575000,133.71,135.84,27.66,-1.8402,0.7123,DOWN
2007-08-10,130.0,130.7,127.06,127.4,2100832,132.01,134.84,21.92,-2.5174,0.938,DOWN
2007-08-13,127.1,127.92,124.65,125.19,3017430,130.06,133.52,19.06,-1.7347,0.8295,DOWN
2007-08-14,125.25,125.44,124.42,124.47,3615469,128.18,132.16,18.23,-0.5751,0.801,DOWN
2007-08-15,124.11,125.49,123.43,124.33,4132302,126.42,130.74,18.06,-0.1125,0.7392,DOWN
2007-08-16,124.95,125.47,123.67,124.23,4192772,125.12,129.42,17.94,-0.0804,0.7961,DOWN
2007-08-17,124.31,124.64,123.37,124.15,5106958,124.47,128.24,17.83,-0.0644,0.8471,UP
2007-08-20,124.42,125.36,124.27,124.68,5315437,124.37,127.21,21.17,0.4269,0.946,UP
2007-08-21,124.74,125.63,124.3,125.27,5361757,124.53,126.35,24.84,0.4732,1.026,UP
2007-08-22,125.54,126.97,125.32,126.67,5272842,125.0,125.71,32.82,1.1176,1.1707,UP
2007-08-23,126.93,127.83,126.76,127.62,6351376,125.68,125.4,37.65,0.75,1.1245,UP
2007-08-24,127.42,129.72,127.19,129.48,6306395,126.74,125.61,45.87,1.4575,0.9086,UP
2007-08-27,129.6,131.44,129.57,131.26,7428930,128.06,126.22,52.34,1.3747,0.6923,UP
2007-08-28,132.26,135.02,131.67,134.68,7743429,129.94,127.24,61.8,2.6055,0.8645,UP
2007-08-29,135.42,137.16,135.14,137.11,7064041,132.03,128.52,66.83,1.8043,0.8534,UP
2007-08-30,138.14,139.89,137.26,139.18,5197116,134.34,130.01,70.41,1.5097,0.7773,UP
2007-08-31,139.52,140.09,138.3,139.76,4721368,136.4,131.57,71.34,0.4167,0.7057,UP
2007-09-04,139.94,140.88,139.67,140.18,4253621,138.18,133.12,72.03,0.3005,0.7219,DOWN
2007-09-05,140.0,140.3,138.8,139.81,4587718,139.21,134.57,70.43,-0.2639,0.8315,DOWN
2007-09-06,139.43,140.43,138.51,139.75,4520959,139.74,135.88,70.15,-0.0429,0.9074,UP
2007-09-07,140.5,141.18,140.26,140.75,3711140,140.05,137.2,72.09,0.7156,0.9085,DOWN
2007-09-10,140.74,141.35,139.95,140.6,3676191,140.22,138.31,71.34,-0.1066,0.9522,UP
2007-09-11,140.53,140.81,139.85,140.8,4202285,140.34,139.26,71.76,0.1422,0.9538,UP
2007-09-12,140.91,142.07,140.12,140.99,2827802,140.58,139.89,72.18,0.1349,0.6917,DOWN
2007-09-13,140.03,140.31,138.76,139.86,4226682,140.6,140.17,65.93,-0.8015,0.6162,DOWN
2007-09-14,140.18,141.29,139.1,139.56,4415531,140.36,140.21,64.34,-0.2145,0.4187,UP
2007-09-17,139.69,140.27,139.49,139.79,6018170,140.2,140.21,65.03,0.1648,0.3999,UP
2007-09-18,140.11,141.89,139.94,141.53,6676794,140.35,140.34,69.84,1.2447,0.5581,UP
2007-09-19,142.0,143.85,141.11,143.74,5485835,140.9,140.74,74.61,1.5615,0.7058,UP
2007-09-20,144.66,145.16,144.09,144.75,5728770,141.87,141.24,76.45,0.7027,0.7073,UP
2007-09-21,145.18,147.94,144.66,146.51,4791176,143.26,141.81,79.26,1.2159,0.752,UP
2007-09-24,146.51,148.21,146.06,147.59,5954337,144.82,142.51,80.78,0.7372,0.7355,UP
2007-09-25,147.75,150.15,147.48,149.87,5112166,146.49,143.42,83.52,1.5448,0.7935,UP
2007-09-26,150.29,151.76,150.0,151.13,4143169,147.97,144.43,84.81,0.8407,0.7758,UP
2007-09-27,150.24,151.75,150.15,151.15,3555446,149.25,145.56,84.83,0.0132,0.6297,DOWN
2007-09-28,151.41,152.06,150.23,150.64,4785497,150.08,146.67,81.83,-0.3374,0.6521,UP
2007-10-01,150.63,151.91,149.79,151.37,5744879,150.83,147.83,82.77,0.4846,0.6265,UP
2007-10-02,150.78,152.75,150.34,152.41,6095747,151.34,148.92,84.04,0.6871,0.6071,UP
2007-10-03,153.08,153.97,152.11,153.5,6116897,151.81,149.89,85.26,0.7152,0.5354,UP
2007-10-04,154.46,155.39,153.87,155.14,6634306,152.61,150.93,86.89,1.0684,0.5509,UP
2007-10-05,155.38,157.81,155.02,157.4,5960381,153.96,152.02,88.73,1.4567,0.5806,UP
2007-10-08,157.48,158.79,156.86,158.67,6422489,155.42,153.13,89.62,0.8069,0.5812,UP
2007-10-09,159.19,161.3,158.87,161.13,6295696,157.17,154.25,91.08,1.5504,0.5821,UP
2007-10-10,161.04,163.89,160.66,163.63,5875089,159.19,155.5,92.27,1.5515,0.638,UP
2007-10-11,163.27,165.81,162.99,165.03,3708575,161.17,156.89,92.85,0.8556,0.5751,DOWN
2007-10-12,164.1,165.44,163.28,164.87,2453509,162.67,158.32,92.0,-0.097,0.5209,DOWN
2007-10-15,164.47,165.11,160.65,161.76,2833177,163.28,159.35,77.3,-1.8863,1.0278,DOWN
2007-10-16,162.1,162.7,159.82,160.09,3514571,163.08,160.12,70.76,-1.0324,1.1601,DOWN
2007-10-17,159.92,160.25,158.49,158.91,3650008,162.13,160.66,66.48,-0.7371,1.2194,DOWN
2007-10-18,158.96,159.21,157.26,157.44,2765825,160.61,160.89,61.49,-0.9251,1.2521,DOWN
2007-10-19,156.34,156.5,154.5,154.74,3569490,158.59,160.63,53.54,-1.7149,1.2868,DOWN
2007-10-22,154.77,155.46,153.03,153.23,2792516,156.88,160.08,49.68,-0.9758,1.2607,DOWN
2007-10-23,152.43,153.12,150.09,150.9,2878920,155.04,159.06,44.35,-1.5206,1.1143,DOWN
2007-10-24,150.85,150.98,148.36,149.05,3992467,153.07,157.6,40.63,-1.226,0.8096,DOWN
2007-10-25,148.67,148.97,147.82,148.43,5240959,151.27,155.94,39.44,-0.416,0.5601,UP
2007-10-26,148.48,149.53,147.91,148.92,4330906,150.11,154.35,40.92,0.3301,0.6501,DOWN
2007-10-29,149.2,149.65,148.66,148.85,3658423,149.23,153.06,40.76,-0.047,0.6348,DOWN
2007-10-30,148.97,149.48,147.8,148.57,2817239,148.76,151.9,40.12,-0.1881,0.66,DOWN
2007-10-31,147.28,148.96,145.99,147.69,2280890,148.49,150.78,38.07,-0.5923,0.6617,DOWN
2007-11-01,146.89,147.47,145.27,146.44,2845884,148.09,149.68,35.32,-0.8464,0.6596,DOWN
2007-11-02,146.76,147.52,144.91,145.56,2927969,147.42,148.76,33.48,-0.6009,0.5593,DOWN
2007-11-05,145.5,145.67,143.88,144.68,3185123,146.59,147.91,31.71,-0.6046,0.5443,DOWN
2007-11-06,145.21,146.12,143.71,143.99,5094715,145.67,147.22,30.35,-0.4769,0.4301,UP
2007-11-07,143.56,145.87,142.68,145.3,4930724,145.19,146.84,35.96,0.9098,0.5299,UP
2007-11-08,145.44,146.98,145.23,146.3,5880025,145.17,146.63,39.94,0.6882,0.6023,UP
2007-11-09,146.44,148.95,145.2,148.59,5025457,145.77,146.6,47.91,1.5653,0.8032,UP
2007-11-12,149.58,150.6,148.2,148.99,4559164,146.63,146.61,49.18,0.2692,0.8082,UP
2007-11-13,149.35,150.19,149.15,149.75,4907344,147.79,146.73,51.6,0.5101,0.8191,UP
2007-11-14,150.08,151.77,148.37,151.21,5171273,148.97,147.08,55.93,0.975,0.8256,UP
2007-11-15,150.63,152.07,149.54,151.76,4912212,150.06,147.61,57.47,0.3637,0.7323,UP
2007-11-16,151.74,152.6,151.19,152.03,5384533,150.75,148.26,58.24,0.1779,0.6562,UP
2007-11-19,151.54,154.69,150.81,153.74,5234196,151.7,149.17,62.85,1.1248,0.5737,UP
2007-11-20,153.74,154.71,153.05,154.65,5699605,152.68,150.23,65.06,0.5919,0.4301,UP
2007-11-21,154.76,156.53,154.32,156.32,5657485,153.7,151.33,68.73,1.0799,0.4418,UP
2007-11-23,156.38,157.69,155.7,157.47,5893195,154.84,152.45,71.0,0.7357,0.4415,UP
2007-11-26,158.31,159.79,157.16,159.12,5528175,156.26,153.5,73.91,1.0478,0.3559,UP
2007-11-27,159.76,161.36,158.98,160.44,4880760,157.6,154.65,75.99,0.8296,0.3255,UP
2007-11-28,159.9,160.88,159.77,160.51,4172344,158.77,155.72,76.1,0.0436,0.3898,UP
2007-11-29,160.53,161.66,159.8,161.01,5339239,159.71,156.7,76.91,0.3115,0.3937,UP
2007-11-30,160.54,162.96,160.43,162.02,5099769,160.62,157.73,78.48,0.6273,0.3825,UP
2007-12-03,161.12,162.99,160.44,162.08,5449346,161.21,158.74,78.58,0.037,0.4041,UP
2007-12-04,163.29,164.57,162.26,163.34,5942963,161.79,159.7,80.5,0.7774,0.3717,UP
2007-12-05,164.51,164.91,163.75,164.77,4503423,162.64,160.71,82.42,0.8755,0.381,DOWN
2007-12-06,166.0,166.22,163.85,164.55,5211813,163.35,161.53,81.09,-0.1335,0.4158,UP
2007-12-07,163.78,165.8,162.78,165.48,4623906,164.04,162.33,82.38,0.5652,0.4091,UP
2007-12-10,166.18,166.47,165.6,166.2,4531685,164.87,163.04,83.33,0.4351,0.3607,UP
2007-12-11,166.31,168.2,165.5,167.57,5783404,165.71,163.75,84.99,0.8243,0.3601,UP
2007-12-12,167.59,170.19,166.86,168.88,6296736,166.54,164.59,86.38,0.7818,0.346,UP
2007-12-13,169.15,171.63,168.88,170.23,5151686,167.67,165.51,87.65,0.7994,0.3493,UP
2007-12-14,171.43,172.63,170.78,171.18,4406469,168.81,166.43,88.47,0.5581,0.3484,UP
2007-12-17,171.12,172.45,170.32,171.62,4756096,169.9,167.38,88.84,0.257,0.3179,UP
2007-12-18,172.23,173.24,171.36,172.8,5907459,170.94,168.33,89.78,0.6876,0.3127,UP
2007-12-19,172.58,175.84,171.22,174.85,5751044,172.14,169.34,91.17,1.1863,0.359,UP
2007-12-20,175.75,176.6,174.71,175.64,4632139,173.22,170.44,91.64,0.4518,0.2613,UP
2007-12-21,175.77,176.46,175.17,175.8,4857977,174.14,171.48,91.74,0.0911,0.3165,UP
2007-12-24,176.87,178.05,176.34,176.85,5384125,175.19,172.54,92.36,0.5973,0.3108,UP
2007-12-26,176.65,178.19,176.26,177.9,6139541,176.21,173.58,92.94,0.5937,0.3027,UP
2007-12-27,177.52,180.33,175.52,179.79,6214172,177.2,174.67,93.84,1.0624,0.3329,UP
2007-12-28,179.63,181.91,179.23,181.85,5364084,178.44,175.83,94.64,1.1458,0.3687,UP
2007-12-31,181.7,183.02,180.92,182.88,5471949,179.85,177.0,94.99,0.5664,0.3685,UP
2008-01-02,182.0,184.39,181.56,184.2,6373962,181.32,178.26,95.4,0.7218,0.3396,UP
2008-01-03,185.2,187.75,184.51,187.3,5402987,183.2,179.71,96.2,1.683,0.4576,UP
2008-01-04,186.64,189.3,186.12,188.35,5744068,184.92,181.06,96.42,0.5606,0.443,UP
2008-01-07,189.26,191.04,188.27,190.27,5149739,186.6,182.52,96.8,1.0194,0.4372,UP
2008-01-08,191.23,192.28,190.92,191.27,3967563,188.28,184.07,96.98,0.5256,0.3757,DOWN
2008-01-09,191.1,191.32,187.9,190.26,3758633,189.49,185.41,91.46,-0.528,0.5748,DOWN
2008-01-10,190.14,190.71,188.83,189.24,3464857,189.88,186.54,86.13,-0.5361,0.7025,DOWN
2008-01-11,189.49,190.61,188.25,188.67,3591934,189.94,187.43,83.21,-0.3012,0.739,DOWN
2008-01-14,188.53,188.99,186.72,188.05,2420141,189.5,188.05,80.04,-0.3286,0.7397,DOWN
2008-01-15,187.4,188.05,184.41,185.1,4040150,188.26,188.27,66.94,-1.5687,0.9459,DOWN
2008-01-16,184.58,184.9,182.7,183.55,4445390,186.92,188.21,61.27,-0.8374,0.9649,DOWN
2008-01-17,182.78,183.53,182.2,183.33,2311835,185.74,187.81,60.49,-0.1199,0.7545,DOWN
2008-01-18,183.22,183.4,179.52,180.48,2913288,184.1,187.02,51.33,-1.5546,0.8086,DOWN
2008-01-22,180.16,180.7,178.24,178.75,3410363,182.24,185.87,46.71,-0.9586,0.6412,DOWN
2008-01-23,178.44,178.79,176.69,177.31,3996188,180.68,184.47,43.22,-0.8056,0.4992,DOWN
2008-01-24,177.23,177.93,175.97,176.68,4409570,179.31,183.12,41.75,-0.3553,0.5107,UP
2008-01-25,177.42,177.71,175.87,176.76,6227758,178.0,181.87,42.02,0.0453,0.5662,UP
2008-01-28,176.8,178.29,176.5,177.98,5770108,177.5,180.8,46.12,0.6902,0.7085,UP
2008-01-29,177.73,178.8,177.12,178.61,5174147,177.47,179.86,48.15,0.354,0.7659,UP
2008-01-30,177.82,180.15,176.73,179.49,4912886,177.9,179.29,50.94,0.4927,0.726,UP
2008-01-31,178.95,180.01,178.59,179.79,4595861,178.53,178.92,51.89,0.1671,0.7135,DOWN
2008-02-01,179.69,180.12,178.51,179.11,5141674,179.0,178.5,49.55,-0.3782,0.7148,UP
2008-02-04,178.63,180.36,177.12,179.99,6166180,179.4,178.45,52.54,0.4913,0.5722,UP
2008-02-05,178.99,182.46,177.47,181.65,6246216,180.01,178.74,57.63,0.9223,0.5397,UP
2008-02-06,182.32,185.17,181.8,183.67,5245076,180.84,179.37,62.85,1.112,0.4964,DOWN
2008-02-07,183.59,184.13,183.23,183.59,4547225,181.6,180.06,62.53,-0.0436,0.455,UP
2008-02-08,183.95,184.21,183.25,183.81,5964085,182.54,180.77,63.1,0.1198,0.4494,UP
2008-02-11,184.86,186.13,183.41,185.74,6396955,183.69,181.54,67.75,1.05,0.4886,UP
2008-02-12,186.03,189.7,185.25,188.65,5587988,185.09,182.55,73.22,1.5667,0.6047,UP
2008-02-13,189.67,190.08,188.12,189.67,3859591,186.29,183.57,74.84,0.5407,0.6043,DOWN
2008-02-14,189.13,189.32,188.36,188.81,3365044,187.34,184.47,70.96,-0.4534,0.6762,DOWN
2008-02-15,188.77,189.46,185.17,186.21,4248447,187.82,185.18,60.7,-1.377,0.8662,DOWN
2008-02-19,185.48,185.66,184.91,185.34,3983581,187.74,185.71,57.7,-0.4672,0.9062,DOWN
2008-02-20,185.82,186.22,183.0,184.63,3427154,186.93,186.01,55.3,-0.3831,0.9001,DOWN
2008-02-21,183.85,184.14,183.35,183.62,4624713,185.72,186.01,51.98,-0.547,0.8584,UP
2008-02-22,183.79,185.24,183.34,184.99,2987392,184.96,186.15,55.85,0.7461,0.8896,DOWN
2008-02-25,183.91,184.22,181.77,182.55,5113155,184.23,186.02,48.37,-1.319,0.9928,UP
2008-02-26,182.63,183.17,182.18,182.81,4609696,183.72,185.73,49.15,0.1424,0.9183,UP
2008-02-27,182.87,184.25,182.23,183.92,4327368,183.58,185.26,52.46,0.6072,0.7538,UP
2008-02-28,184.36,184.68,183.76,183.94,3500816,183.64,184.68,52.52,0.0109,0.7092,DOWN
2008-02-29,183.07,184.1,182.38,183.26,3240271,183.3,184.13,50.2,-0.3697,0.7078,DOWN
2008-03-03,183.29,184.09,180.88,181.77,4369703,183.14,183.68,45.47,-0.8131,0.6303,DOWN
2008-03-04,182.84,184.22,180.81,181.13,3636801,182.8,183.26,43.57,-0.3521,0.6267,DOWN
2008-03-05,181.65,181.8,179.78,180.82,3349837,182.18,182.88,42.64,-0.1711,0.6244,DOWN
2008-03-06,180.64,181.84,178.22,178.92,3708066,181.18,182.41,37.37,-1.0508,0.6734,DOWN
2008-03-07,178.84,179.15,175.66,177.11,5015679,179.95,181.62,33.17,-1.0116,0.6088,UP
2008-03-10,177.59,178.0,177.28,177.83,4137996,179.16,181.15,36.24,0.4065,0.5731,DOWN
2008-03-11,177.92,179.13,175.6,176.81,6051281,178.3,180.55,33.87,-0.5736,0.5619,UP
2008-03-12,176.94,179.98,176.36,178.72,6477074,177.88,180.03,41.59,1.0803,0.6609,UP
2008-03-13,178.62,183.37,177.62,182.45,5422763,178.58,179.88,53.1,2.0871,1.002,UP
2008-03-14,182.67,184.45,182.36,183.77,5057684,179.92,179.93,56.37,0.7235,1.0259,UP
2008-03-17,183.72,184.89,182.52,184.17,4457555,181.18,180.17,57.34,0.2177,0.9823,DOWN
2008-03-18,183.91,184.15,182.63,183.9,3884581,182.6,180.45,56.43,-0.1466,0.9731,DOWN
2008-03-19,184.23,184.49,182.23,183.27,4006488,183.51,180.7,54.26,-0.3426,0.981,DOWN
2008-03-20,182.92,183.39,182.01,182.43,4457657,183.51,181.05,51.41,-0.4583,0.917,UP
2008-03-24,183.61,183.95,182.46,182.9,4822104,183.33,181.62,52.9,0.2576,0.8128,UP
2008-03-25,184.07,184.82,181.41,183.51,5622215,183.2,182.19,54.83,0.3335,0.8123,UP
2008-03-26,183.69,187.03,182.78,185.67,5495294,183.56,183.08,60.94,1.177,0.7871,UP
2008-03-27,185.86,187.8,185.41,186.77,4516712,184.26,183.88,63.64,0.5924,0.7614,UP
2008-03-28,187.27,187.93,186.28,186.81,4806296,185.13,184.32,63.74,0.0214,0.5022,DOWN
2008-03-31,186.5,187.07,185.35,186.77,4594908,185.91,184.62,63.55,-0.0214,0.4767,UP
2008-04-01,187.46,187.68,186.93,187.51,5078933,186.71,184.95,65.54,0.3962,0.4823,UP
2008-04-02,187.66,188.98,187.28,187.82,4132215,187.14,185.35,66.37,0.1653,0.4686,UP
2008-04-03,188.04,188.19,187.56,187.96,3508618,187.37,185.82,66.76,0.0745,0.4308,DOWN
2008-04-04,187.59,188.0,186.43,187.05,6081408,187.42,186.28,61.77,-0.4841,0.4356,UP
2008-04-07,187.89,189.63,186.6,189.25,6486152,187.92,186.91,68.0,1.1762,0.5248,UP
2008-04-08,189.71,193.36,189.34,191.82,5678458,188.78,187.74,73.44,1.358,0.615,UP
2008-04-09,192.3,193.76,191.66,193.73,4866221,189.96,188.55,76.63,0.9957,0.5933,DOWN
2008-04-10,193.41,194.84,192.97,193.51,4874871,191.07,189.22,75.5,-0.1136,0.6132,UP
2008-04-11,193.71,194.22,193.21,193.86,3928610,192.43,189.93,76.1,0.1809,0.6055,DOWN
2008-04-14,193.14,193.88,192.36,192.84,3684894,193.15,190.54,70.67,-0.5262,0.6606,DOWN
2008-04-15,192.67,193.09,190.22,191.4,3475264,193.07,190.92,63.76,-0.7467,0.7404,DOWN
2008-04-16,190.84,191.74,187.88,189.28,3538678,192.18,191.07,55.19,-1.1076,0.8499,DOWN
2008-04-17,188.98,189.58,186.88,187.96,3360966,191.07,191.07,50.63,-0.6974,0.8848,DOWN
2008-04-18,187.25,187.73,184.33,185.77,4876899,189.45,190.94,44.12,-1.1651,0.9503,UP
2008-04-21,184.58,187.43,183.57,186.55,4993011,188.19,190.67,46.74,0.4199,0.8671,UP
2008-04-22,186.59,187.38,185.26,187.2,5381156,187.35,190.21,48.9,0.3484,0.7194,UP
2008-04-23,187.27,189.8,186.78,189.23,5063748,187.34,189.76,55.03,1.0844,0.7367,UP
2008-04-24,189.8,191.74,188.84,190.5,6091047,187.85,189.46,58.39,0.6711,0.7906,UP
2008-04-25,190.6,193.86,189.37,192.9,5901769,189.28,189.36,63.88,1.2598,0.9065,UP
2008-04-28,192.58,194.32,191.85,194.04,5048714,190.77,189.48,66.16,0.591,0.9095,UP
2008-04-29,193.78,195.12,193.71,194.62,4451045,192.26,189.8,67.3,0.2989,0.8648,UP
2008-04-30,195.62,195.8,194.46,194.96,3564386,193.4,190.37,67.97,0.1747,0.7403,DOWN
2008-05-01,194.1,195.39,192.48,193.65,4233417,194.03,190.94,62.6,-0.6719,0.7365,DOWN
2008-05-02,195.05,195.42,193.17,193.31,4970509,194.12,191.7,61.24,-0.1756,0.5639,UP
2008-05-05,193.9,194.93,193.44,194.68,5667396,194.24,192.51,64.57,0.7087,0.5724,UP
2008-05-06,195.0,198.9,194.61,197.19,5469236,194.76,193.51,69.7,1.2893,0.6319,UP
2008-05-07,197.14,198.87,196.89,198.47,4876184,195.46,194.43,71.93,0.6491,0.6033,UP
2008-05-08,198.98,200.78,198.59,199.47,3489480,196.62,195.33,73.57,0.5039,0.5997,DOWN
2008-05-09,198.79,199.08,197.06,198.09,4339815,197.58,195.85,67.7,-0.6918,0.6284,DOWN
2008-05-12,197.95,198.54,196.48,197.6,2829430,198.16,196.2,65.69,-0.2474,0.6363,DOWN
2008-05-13,197.37,198.74,194.52,195.32,2817187,197.79,196.27,57.2,-1.1538,0.7608,DOWN
2008-05-14,194.68,195.64,191.76,192.9,2826583,196.68,196.07,49.84,-1.239,0.8578,DOWN
2008-05-15,192.79,193.13,188.79,190.05,3176468,194.79,195.71,42.85,-1.4774,0.95,DOWN
2008-05-16,190.63,191.28,186.72,188.39,3321940,192.85,195.22,39.38,-0.8735,0.9747,DOWN
2008-05-19,188.55,189.51,186.45,187.47,4681165,190.83,194.5,37.57,-0.4883,0.9151,UP
2008-05-20,187.31,187.97,186.72,187.64,4503825,189.29,193.54,38.13,0.0907,0.7338,DOWN
2008-05-21,187.7,188.04,186.76,187.57,4935980,188.22,192.45,37.98,-0.0373,0.6414,UP
2008-05-22,188.38,189.1,188.14,188.4,4693848,187.89,191.34,41.0,0.4425,0.6302,DOWN
2008-05-23,188.14,188.5,187.29,188.15,3980300,187.85,190.35,40.36,-0.1327,0.6427,DOWN
2008-05-27,187.92,188.28,186.15,187.65,2550039,187.88,189.35,39.05,-0.2657,0.6419,DOWN
2008-05-28,186.23,186.9,184.47,185.07,2689491,187.37,188.33,33.09,-1.3749,0.6696,DOWN
2008-05-29,185.06,185.23,180.89,182.07,3679336,186.27,187.25,27.78,-1.621,0.7229,DOWN
2008-05-30,181.58,182.01,179.05,180.46,2918290,184.68,186.29,25.42,-0.8843,0.6624,DOWN
2008-06-02,181.92,182.18,178.71,178.98,3018119,182.85,185.35,23.45,-0.8201,0.6593,DOWN
2008-06-03,178.83,179.16,176.55,176.9,4031439,180.7,184.29,20.99,-1.1621,0.6907,DOWN
2008-06-04,176.71,177.91,176.09,176.43,3318734,178.97,183.17,20.47,-0.2657,0.661,DOWN
2008-06-05,175.9,176.11,174.75,175.21,4003389,177.6,181.93,19.13,-0.6915,0.6294,DOWN
2008-06-06,175.15,175.32,174.91,175.14,4740439,176.53,180.61,19.06,-0.04,0.5471,UP
2008-06-09,175.55,176.28,173.95,175.38,5365962,175.81,179.33,20.24,0.137,0.5849,UP
2008-06-10,175.58,177.65,174.81,176.73,4466670,175.78,178.24,26.71,0.7698,0.741,DOWN
2008-06-11,176.58,177.46,176.2,176.3,4322780,175.75,177.36,25.99,-0.2433,0.6936,DOWN
2008-06-12,176.85,177.61,174.12,175.29,4122191,175.77,176.68,24.32,-0.5729,0.5706,DOWN
2008-06-13,175.35,176.65,174.18,174.6,2817161,175.66,176.1,23.22,-0.3936,0.5426,DOWN
2008-06-16,175.17,175.81,171.78,172.12,3727523,175.01,175.41,19.78,-1.4204,0.6293,DOWN
2008-06-17,170.82,172.02,169.37,171.02,2801001,173.87,174.82,18.47,-0.6391,0.5775,DOWN
2008-06-18,170.14,170.53,168.75,168.95,3852914,172.4,174.07,16.28,-1.2104,0.6387,DOWN
2008-06-19,168.74,169.25,166.38,168.0,4963711,170.94,173.35,15.38,-0.5623,0.6341,UP
2008-06-20,169.69,170.56,167.9,168.45,4114271,169.71,172.68,17.7,0.2679,0.6614,DOWN
2008-06-23,168.06,169.5,167.52,168.34,3654396,168.95,171.98,17.57,-0.0653,0.6465,DOWN
2008-06-24,168.58,169.28,166.25,167.19,4258456,168.19,171.03,16.26,-0.6831,0.4992,DOWN
2008-06-25,167.2,167.6,165.95,166.93,3412812,167.78,170.09,15.97,-0.1555,0.5059,DOWN
2008-06-26,166.46,167.36,165.38,166.23,2493148,167.43,169.18,15.19,-0.4193,0.5073,DOWN
2008-06-27,165.79,167.05,163.18,164.35,2497469,166.61,168.16,13.29,-1.131,0.5382,DOWN
2008-06-30,164.74,165.42,161.71,161.99,3411219,165.34,167.14,11.38,-1.436,0.5408,DOWN
2008-07-01,160.67,161.38,160.23,161.19,2589878,164.14,166.16,10.81,-0.4939,0.5417,DOWN
2008-07-02,161.08,161.32,159.21,159.48,2092342,162.65,165.21,9.69,-1.0609,0.5245,DOWN
2008-07-03,159.67,159.72,155.31,156.24,3388314,160.65,164.04,8.01,-2.0316,0.698,DOWN
2008-07-07,155.86,156.57,153.24,154.03,3889980,158.59,162.6,7.1,-1.4145,0.6329,DOWN
2008-07-08,153.34,154.83,152.41,152.85,3534868,156.76,161.05,6.67,-0.7661,0.5669,DOWN
2008-07-09,153.16,154.02,150.77,151.33,3442110,154.79,159.46,6.14,-0.9944,0.5585,DOWN
2008-07-10,150.54,151.16,149.87,150.16,4030908,152.92,157.79,5.77,-0.7731,0.4853,DOWN
2008-07-11,149.72,151.55,148.39,149.13,4985951,151.5,156.07,5.46,-0.6859,0.4529,UP
2008-07-14,148.79,150.07,148.5,150.03,5037126,150.7,154.64,10.07,0.6035,0.697,UP
2008-07-15,150.66,151.49,149.8,150.66,4565273,150.26,153.51,13.27,0.4199,0.7819,DOWN
2008-07-16,150.95,151.58,149.46,149.85,5020391,149.97,152.38,12.65,-0.5376,0.7806,UP
2008-07-17,150.05,150.82,149.25,150.64,3820446,150.06,151.49,16.74,0.5272,0.8618,DOWN
2008-07-18,150.46,151.04,149.71,149.92,3820992,150.22,150.86,16.01,-0.478,0.6913,DOWN
2008-07-21,149.63,149.98,148.58,149.22,4522590,150.06,150.38,15.3,-0.4669,0.5967,UP
2008-07-22,149.08,150.95,148.69,150.1,4072091,149.95,150.1,20.07,0.5897,0.6356,DOWN
2008-07-23,149.46,150.34,148.23,149.81,4882310,149.94,149.95,19.68,-0.1932,0.5685,UP
2008-07-24,150.13,151.18,148.48,150.19,4460782,149.85,149.95,21.84,0.2537,0.5243,DOWN
2008-07-25,149.82,150.07,148.36,149.74,4885826,149.81,150.02,21.11,-0.2996,0.4802,UP
2008-07-28,149.83,150.87,148.61,150.27,3915261,150.02,150.04,24.3,0.3539,0.4535,DOWN
2008-07-29,149.91,150.27,149.0,149.51,4587441,149.9,149.93,22.87,-0.5058,0.4566,UP
2008-07-30,149.79,149.87,148.69,149.57,5388334,149.86,149.9,23.25,0.0401,0.4273,UP
2008-07-31,149.72,151.3,149.48,150.99,4822138,150.02,149.93,31.87,0.9494,0.5015,DOWN
2008-08-01,150.83,151.25,149.42,150.45,4692404,150.16,149.98,30.47,-0.3576,0.4894,UP
2008-08-04,151.27,151.75,150.41,150.72,4618828,150.25,150.14,32.08,0.1795,0.4572,UP
2008-08-05,150.7,150.92,150.4,150.78,4738334,150.5,150.2,32.45,0.0398,0.4237,DOWN
2008-08-06,151.59,152.57,149.75,150.0,5739521,150.59,150.22,30.13,-0.5173,0.4553,UP
2008-08-07,150.14,151.18,149.05,150.65,4149788,150.52,150.27,34.35,0.4333,0.4691,DOWN
2008-08-08,150.73,151.47,148.77,149.39,3505683,150.31,150.23,30.51,-0.8364,0.537,DOWN
2008-08-11,149.53,150.13,147.26,147.47,4184831,149.66,149.95,25.77,-1.2852,0.6482,DOWN
2008-08-12,147.28,148.26,145.43,146.56,4334656,148.81,149.66,23.88,-0.6171,0.6552,DOWN
2008-08-13,145.11,146.12,144.5,145.38,4962413,147.89,149.24,21.66,-0.8051,0.6754,UP
2008-08-14,145.18,146.73,144.24,145.87,4355553,146.93,148.73,24.79,0.337,0.5711,DOWN
2008-08-15,146.0,146.8,144.55,145.49,4325920,146.15,148.23,23.99,-0.2605,0.5716,UP
2008-08-18,145.5,146.63,143.89,145.73,3966978,145.81,147.73,25.62,0.165,0.5702,DOWN
2008-08-19,146.04,146.47,144.48,144.78,6917174,145.45,147.13,23.47,-0.6519,0.5616,UP
2008-08-20,145.1,147.85,143.94,147.53,6026941,145.88,146.88,39.33,1.8994,0.9157,UP
2008-08-21,148.17,150.37,147.52,149.69,5845557,146.64,146.79,48.37,1.4641,1.0398,UP
2008-08-22,150.18,152.09,149.72,151.36,5831508,147.82,146.99,54.08,1.1156,1.0607,UP
2008-08-25,152.21,154.21,151.75,153.25,5001374,149.32,147.56,59.52,1.2487,0.9832,UP
2008-08-26,152.92,154.77,151.97,154.28,5550427,151.22,148.34,62.16,0.6721,0.919,UP
2008-08-27,154.58,156.59,154.01,156.43,5094775,153.0,149.44,66.99,1.3936,0.8254,UP
2008-08-28,156.54,159.06,156.19,157.78,4869451,154.62,150.63,69.61,0.863,0.8137,DOWN
2008-08-29,158.28,158.37,156.81,157.75,3829769,155.9,151.86,69.48,-0.019,0.782,DOWN
2008-09-02,157.09,157.74,156.87,157.23,3733636,156.69,153.01,67.1,-0.3296,0.841,DOWN
2008-09-03,156.66,158.41,156.11,157.22,4689324,157.28,154.25,67.06,-0.0064,0.7387,UP
2008-09-04,157.01,158.11,156.26,157.81,4391102,157.56,155.28,68.47,0.3753,0.6449,UP
2008-09-05,157.76,159.46,157.05,158.57,4373786,157.72,156.17,70.25,0.4816,0.5837,UP
2008-09-08,158.86,159.95,158.27,159.18,3372814,158.0,156.95,71.63,0.3847,0.5541,DOWN
2008-09-09,158.83,159.39,157.75,158.18,4003410,158.19,157.44,66.2,-0.6282,0.5914,DOWN
2008-09-10,158.02,158.5,157.61,158.05,2942687,158.36,157.82,65.51,-0.0822,0.5894,DOWN
2008-09-11,157.69,157.85,156.19,156.97,4411893,158.19,157.87,59.88,-0.6833,0.4978,UP
2008-09-12,157.6,157.86,156.52,157.06,4432412,157.89,157.8,60.19,0.0573,0.4057,DOWN
2008-09-15,157.11,157.23,156.06,156.99,4313578,157.45,157.73,59.81,-0.0446,0.4056,UP
2008-09-16,157.29,158.06,156.42,157.05,4818887,157.22,157.71,60.04,0.0382,0.3937,UP
2008-09-17,157.06,158.32,156.39,157.71,4417357,157.16,157.76,62.63,0.4202,0.4166,DOWN
2008-09-18,157.76,158.25,157.43,157.48,3821917,157.26,157.72,61.14,-0.1458,0.4012,DOWN
2008-09-19,157.6,158.67,156.32,157.27,3602707,157.3,157.59,59.75,-0.1334,0.3608,DOWN
2008-09-22,156.71,157.2,155.64,156.06,5392998,157.11,157.28,52.35,-0.7694,0.3792,UP
2008-09-23,156.57,157.85,156.3,157.35,5030097,157.17,157.2,58.28,0.8266,0.4648,UP
2008-09-24,158.6,159.7,158.51,158.64,4364898,157.36,157.26,63.21,0.8198,0.5397,UP
2008-09-25,158.19,160.05,157.47,159.53,4301894,157.77,157.51,66.18,0.561,0.4965,UP
2008-09-26,159.96,160.83,158.18,159.75,5956434,158.27,157.78,66.9,0.1379,0.4953,UP
2008-09-29,160.47,162.22,160.27,161.73,5451346,159.4,158.26,72.5,1.2394,0.5904,UP
2008-09-30,161.89,163.29,161.22,162.36,4609187,160.4,158.79,74.01,0.3895,0.5836,UP
2008-10-01,163.25,164.24,163.02,163.6,5722387,161.39,159.38,76.72,0.7637,0.5991,UP
2008-10-02,163.79,166.45,163.53,165.59,5447575,162.61,160.19,80.27,1.2164,0.6234,UP
2008-10-03,165.66,167.81,165.03,167.35,4341524,164.13,161.2,82.78,1.0629,0.6017,DOWN
2008-10-06,166.88,167.69,166.55,166.79,4314466,165.14,162.27,79.33,-0.3346,0.4962,DOWN
2008-10-07,166.84,167.74,165.99,166.34,4779349,165.93,163.17,76.57,-0.2698,0.5726,UP
2008-10-08,165.99,166.54,165.41,166.37,4024754,166.49,163.94,76.62,0.018,0.5879,DOWN
2008-10-09,166.91,167.15,164.37,165.08,4318039,166.39,164.5,68.7,-0.7754,0.7069,UP
2008-10-10,164.6,165.68,164.18,165.29,3481321,165.97,165.05,69.25,0.1272,0.7072,DOWN
2008-10-13,164.54,164.89,163.94,164.71,3037127,165.56,165.35,65.77,-0.3509,0.6607,DOWN
2008-10-14,164.65,165.67,162.07,163.3,4524927,164.95,165.44,58.11,-0.8561,0.7314,UP
2008-10-15,163.5,164.84,162.66,163.99,4001342,164.47,165.48,60.53,0.4225,0.7023,DOWN
2008-10-16,164.16,164.67,163.42,163.62,5763971,164.18,165.28,58.58,-0.2256,0.5655,UP
2008-10-17,163.56,166.79,163.37,165.68,4622025,164.26,165.12,65.3,1.259,0.6125,DOWN
2008-10-20,165.49,166.06,164.08,165.49,4286888,164.42,164.99,64.26,-0.1147,0.607,UP
2008-10-21,165.5,165.9,165.21,165.56,5766039,164.87,164.91,64.49,0.0423,0.6039,UP
2008-10-22,166.04,167.94,165.62,167.81,7287542,165.63,165.05,70.81,1.359,0.7506,UP
2008-10-23,168.18,171.95,167.5,171.15,8034870,167.14,165.66,77.27,1.9903,0.8929,UP
2008-10-24,171.71,176.74,170.94,175.95,7639519,169.19,166.73,83.07,2.8046,1.1715,UP
2008-10-27,176.27,179.85,175.49,179.67,6495706,172.03,168.22,86.05,2.1142,1.2005,UP
2008-10-28,178.96,182.91,178.45,182.04,6230250,175.32,170.1,87.55,1.3191,1.037,UP
2008-10-29,181.92,185.94,180.95,184.85,5480470,178.73,172.18,89.05,1.5436,1.0163,DOWN
2008-10-30,184.83,185.02,184.25,184.41,5201495,181.38,174.26,87.27,-0.238,1.0183,UP
2008-10-31,184.21,185.4,183.26,185.16,3981245,183.23,176.21,87.72,0.4067,1.0487,DOWN
2008-11-03,184.72,185.09,183.69,184.08,1855467,184.11,178.07,83.17,-0.5833,1.1183,DOWN
2008-11-04,183.35,183.96,179.32,179.89,2239043,183.68,179.5,68.33,-2.2762,1.5234,DOWN
2008-11-05,178.95,179.74,176.1,176.29,3427191,181.97,180.35,58.66,-2.0012,1.7508,DOWN
2008-11-06,175.62,177.0,173.65,173.91,3858418,179.87,180.62,53.28,-1.35,1.7552,DOWN
2008-11-07,173.76,174.67,172.5,172.78,3038923,177.39,180.31,50.9,-0.6498,1.5015,DOWN
2008-11-10,172.58,173.11,168.85,170.8,3777848,174.73,179.42,46.94,-1.146,1.289,DOWN
2008-11-11,169.97,171.19,169.62,169.71,1927590,172.7,178.19,44.86,-0.6382,1.12,DOWN
2008-11-12,169.5,170.61,164.32,165.92,2114383,170.62,176.3,38.5,-2.2332,0.8964,DOWN
2008-11-13,165.23,165.5,161.6,162.32,3578993,168.31,174.09,33.63,-2.1697,0.9051,DOWN
2008-11-14,161.6,161.73,160.97,161.45,3511251,166.04,171.71,32.55,-0.536,0.747,DOWN
2008-11-17,160.97,161.73,159.55,160.11,3837169,163.9,169.32,30.92,-0.83,0.7222,DOWN
2008-11-18,161.07,161.35,158.4,159.17,4556419,161.79,167.25,29.79,-0.5871,0.6868,UP
2008-11-19,159.2,159.8,158.9,159.47,5276668,160.5,165.56,30.66,0.1885,0.7538,UP
2008-11-20,159.57,161.27,159.0,160.1,5973730,160.06,164.18,32.55,0.3951,0.8574,UP
2008-11-21,160.35,163.19,159.76,161.8,5975800,160.13,163.08,37.51,1.0618,1.0455,UP
2008-11-24,161.99,163.63,161.06,162.91,5671749,160.69,162.3,40.59,0.686,1.1075,UP
2008-11-25,163.54,164.27,162.29,163.97,5314080,161.65,161.72,43.45,0.6507,1.159,UP
2008-11-26,164.4,165.59,164.0,165.41,6603414,162.84,161.67,47.17,0.8782,1.0003,UP
2008-11-28,166.45,168.01,166.19,167.33,7072141,164.28,162.17,51.73,1.1608,0.7235,UP
2008-12-01,168.17,170.38,167.23,170.19,5840602,165.96,163.05,57.6,1.7092,0.7792,UP
2008-12-02,171.34,171.86,170.02,171.47,4787090,167.67,164.18,59.95,0.7521,0.6154,UP
2008-12-03,171.78,172.46,171.19,172.08,4886945,169.3,165.47,61.05,0.3557,0.4474,UP
2008-12-04,172.04,173.16,171.23,172.23,4586877,170.66,166.75,61.34,0.0872,0.4633,UP
2008-12-05,171.71,172.89,170.62,172.32,3706395,171.66,167.97,61.52,0.0523,0.5052,UP
2008-12-08,172.6,173.59,171.1,172.56,3455141,172.13,169.05,62.03,0.1393,0.5237,DOWN
2008-12-09,172.62,173.03,169.93,171.36,4986836,172.11,169.89,57.9,-0.6954,0.6731,UP
2008-12-10,172.16,173.5,171.61,171.71,4446761,172.04,170.67,58.76,0.2042,0.6775,UP
2008-12-11,171.73,172.84,171.29,172.09,4157047,172.01,171.33,59.73,0.2213,0.6646,UP
2008-12-12,172.59,173.93,172.14,172.92,5202404,172.13,171.89,61.82,0.4823,0.6106,UP
2008-12-15,172.26,174.87,171.11,173.78,5020239,172.37,172.25,63.92,0.4973,0.3854,UP
2008-12-16,174.24,175.83,173.78,175.03,4472945,173.11,172.61,66.78,0.7193,0.3804,UP
2008-12-17,175.34,176.9,175.27,175.97,4066648,173.96,173.0,68.78,0.5371,0.3924,UP
2008-12-18,175.89,177.8,174.65,176.61,4691261,174.86,173.44,70.11,0.3637,0.3914,UP
2008-12-19,177.53,178.25,175.51,177.14,4648516,175.71,173.92,71.19,0.3001,0.3851,UP
2008-12-22,177.72,178.47,176.18,177.97,4120636,176.54,174.46,72.86,0.4686,0.3861,UP
2008-12-23,177.15,179.46,176.9,178.01,4005837,177.14,175.12,72.94,0.0225,0.2007,UP
2008-12-24,177.46,179.44,177.27,178.51,2722780,177.65,175.8,73.99,0.2809,0.1945,DOWN
2008-12-26,178.38,178.7,176.33,176.9,2462107,177.71,176.28,65.23,-0.9019,0.4538,DOWN
2008-12-29,177.42,177.52,173.99,175.3,4055498,177.34,176.52,57.9,-0.9045,0.5788,DOWN
2008-12-30,174.67,176.15,174.3,175.1,1887483,176.76,176.65,57.03,-0.1141,0.5688,DOWN
2008-12-31,175.15,176.36,172.8,173.16,2362707,175.79,176.47,49.35,-1.1079,0.6299,DOWN
2009-01-02,173.04,173.99,170.27,170.84,3554126,174.26,175.95,42.05,-1.3398,0.6935,DOWN
2009-01-05,171.24,171.9,168.46,169.49,2914337,172.78,175.24,38.48,-0.7902,0.6676,DOWN
2009-01-06,168.97,169.12,166.96,167.74,3515701,171.27,174.3,34.41,-1.0325,0.6429,DOWN
2009-01-07,167.77,168.26,165.02,166.35,3865546,169.52,173.14,31.55,-0.8287,0.5388,DOWN
2009-01-08,166.78,167.29,164.94,165.74,2576479,168.03,171.91,30.36,-0.3667,0.4954,DOWN
2009-01-09,166.05,166.52,163.5,164.29,2748973,166.72,170.49,27.69,-0.8749,0.3527,DOWN
2009-01-12,164.89,165.29,161.61,162.14,1881125,165.25,169.02,24.27,-1.3087,0.3844,DOWN
2009-01-13,160.8,161.22,158.78,158.99,2612575,163.5,167.38,20.31,-1.9428,0.5141,DOWN
2009-01-14,158.77,159.45,156.58,157.05,3155188,161.64,165.58,18.33,-1.2202,0.4196,DOWN
2009-01-15,156.71,157.31,154.78,155.72,3725845,159.64,163.83,17.1,-0.8469,0.4259,DOWN
2009-01-16,155.29,155.69,154.58,154.84,4003383,157.75,162.24,16.32,-0.5651,0.4386,DOWN
2009-01-20,154.59,155.13,154.33,154.6,3635774,156.24,160.75,16.1,-0.155,0.5091,DOWN
2009-01-21,153.63,154.04,153.21,153.7,3363021,155.18,159.34,15.29,-0.5821,0.5173,DOWN
2009-01-22,153.05,153.46,152.39,152.68,4595048,154.31,157.98,14.4,-0.6636,0.5214,UP
2009-01-23,153.4,153.97,153.02,153.73,4613502,153.91,156.77,19.59,0.6877,0.7049,UP
2009-01-26,153.89,154.55,153.63,154.19,5074329,153.78,155.76,21.83,0.2992,0.7755,UP
2009-01-27,154.9,156.84,154.22,155.71,4542995,154.0,155.12,28.88,0.9858,0.8841,UP
2009-01-28,155.18,156.34,154.93,156.2,5965569,154.5,154.84,31.04,0.3147,0.7194,UP
2009-01-29,156.24,158.57,155.95,157.42,5380203,155.45,154.88,36.23,0.781,0.673,UP
2009-01-30,158.11,160.15,156.67,159.29,6116853,156.56,155.24,43.28,1.1879,0.6874,UP
2009-02-02,159.74,162.32,159.11,161.61,4896639,158.05,155.91,50.58,1.4565,0.7242,UP
2009-02-03,162.7,164.33,162.35,162.52,5008538,159.41,156.7,53.13,0.5631,0.6946,UP
2009-02-04,161.81,164.58,161.44,163.89,5159224,160.95,157.72,56.74,0.843,0.5847,UP
2009-02-05,164.42,165.93,163.59,165.35,5010798,162.53,158.99,60.26,0.8908,0.3623,UP
2009-02-06,166.21,167.51,164.98,166.37,4445674,163.95,160.26,62.55,0.6169,0.3655,UP
2009-02-09,166.06,167.47,165.14,167.1,3332657,165.05,161.55,64.14,0.4388,0.3466,DOWN
2009-02-10,167.3,168.63,166.4,166.64,3186506,165.87,162.64,62.34,-0.2753,0.4789,DOWN
2009-02-11,165.61,166.82,165.13,165.41,4080339,166.17,163.56,57.68,-0.7381,0.6527,UP
2009-02-12,165.63,165.86,165.6,165.63,3824038,166.23,164.38,58.28,0.133,0.6623,DOWN
2009-02-13,165.04,165.37,164.72,165.1,3824527,165.98,164.96,56.21,-0.32,0.6628,DOWN
2009-02-17,164.21,164.75,162.68,163.87,3799218,165.33,165.19,51.63,-0.745,0.6229,DOWN
2009-02-18,163.93,164.43,162.37,163.77,3154101,164.76,165.31,51.26,-0.061,0.6069,DOWN
2009-02-19,163.55,164.12,162.87,162.98,3547576,164.27,165.22,48.35,-0.4824,0.5646,DOWN
2009-02-20,162.68,162.8,161.83,162.2,3105041,163.58,164.91,45.59,-0.4786,0.4677,DOWN
2009-02-23,163.38,163.96,159.4,160.47,4308469,162.66,164.32,40.12,-1.0666,0.4471,UP
2009-02-24,160.4,161.09,159.96,160.83,4561638,162.05,163.69,41.69,0.2243,0.4079,DOWN
2009-02-25,160.95,161.06,160.21,160.75,4028054,161.45,163.1,41.43,-0.0497,0.4205,DOWN
2009-02-26,159.9,160.76,159.77,160.01,3336936,160.85,162.56,39.01,-0.4603,0.4013,DOWN
2009-02-27,159.55,160.16,157.36,158.66,3129190,160.14,161.86,35.0,-0.8437,0.3948,DOWN
2009-03-02,157.95,158.96,155.04,155.79,3794419,159.21,160.93,28.33,-1.8089,0.5845,DOWN
2009-03-03,155.45,156.08,152.88,154.21,3469628,157.88,159.97,25.45,-1.0142,0.5992,DOWN
2009-03-04,153.77,154.45,151.87,152.53,3799383,156.24,158.84,22.8,-1.0894,0.5836,DOWN
2009-03-05,151.84,152.8,150.94,151.43,3283688,154.52,157.69,21.24,-0.7212,0.5783,DOWN
2009-03-06,152.15,153.04,149.47,149.95,3974504,152.78,156.46,19.32,-0.9773,0.5756,UP
2009-03-09,150.01,151.22,148.83,149.96,2745382,151.62,155.41,19.38,0.0067,0.6151,DOWN
2009-03-10,149.77,150.53,147.98,148.18,3973508,150.41,154.15,17.21,-1.187,0.544,DOWN
2009-03-11,148.01,148.26,146.72,147.14,3422060,149.33,152.79,16.08,-0.7018,0.4772,DOWN
2009-03-12,146.05,146.13,144.86,145.26,5300055,148.1,151.31,14.26,-1.2777,0.4672,DOWN
2009-03-13,144.7,146.17,143.99,145.07,4563245,147.12,149.95,14.09,-0.1308,0.5365,UP
2009-03-16,145.83,146.03,143.68,145.45,4548894,146.22,148.92,16.28,0.2619,0.5421,UP
2009-03-17,145.66,146.2,144.91,145.49,4092800,145.68,148.05,16.53,0.0275,0.5707,DOWN
2009-03-18,144.95,146.13,143.79,144.88,5252488,145.23,147.28,15.78,-0.4193,0.5427,UP
2009-03-19,144.95,145.83,144.31,145.34,3575251,145.25,146.67,18.77,0.3175,0.5951,DOWN
2009-03-20,146.35,146.75,143.82,144.19,3683023,145.07,146.1,17.13,-0.7912,0.578,DOWN
2009-03-23,144.52,144.56,142.52,142.71,3346968,144.52,145.37,15.28,-1.0264,0.5915,DOWN
2009-03-24,142.37,142.65,140.78,141.17,4568017,143.66,144.67,13.63,-1.0791,0.5783,UP
2009-03-25,141.58,142.74,141.47,141.81,4329621,143.04,144.14,17.61,0.4534,0.6414,UP
2009-03-26,142.05,142.15,141.86,142.06,3822528,142.39,143.82,19.18,0.1763,0.573,DOWN
2009-03-27,142.31,142.51,140.82,141.36,5092590,141.82,143.45,18.14,-0.4927,0.5781,UP
2009-03-30,141.77,142.89,140.63,141.89,4555504,141.66,143.09,21.6,0.3749,0.5903,UP
2009-03-31,142.02,142.9,141.42,142.59,4961719,141.94,142.8,26.05,0.4933,0.6313,UP
2009-04-01,142.81,143.61,142.8,143.58,4162122,142.3,142.67,31.94,0.6943,0.6842,UP
2009-04-02,143.36,144.15,142.65,143.74,4312694,142.63,142.51,32.87,0.1114,0.6736,UP
2009-04-03,144.19,145.17,142.7,144.6,4912231,143.28,142.55,37.79,0.5983,0.6603,UP
2009-04-06,144.71,146.59,144.41,146.13,5689771,144.13,142.89,45.45,1.0581,0.6173,UP
2009-04-07,146.43,149.98,145.96,148.13,5507857,145.24,143.59,53.51,1.3686,0.5131,UP
2009-04-08,148.45,150.97,147.36,150.22,3872708,146.56,144.43,60.13,1.4109,0.5904,DOWN
2009-04-09,150.47,152.1,149.8,150.05,4340333,147.83,145.23,59.39,-0.1132,0.6188,UP
2009-04-13,150.47,151.12,150.26,151.05,4147185,149.12,146.2,62.33,0.6664,0.4985,DOWN
2009-04-14,150.49,151.18,149.94,151.04,4116317,150.1,147.11,62.29,-0.0066,0.5365,UP
2009-04-15,150.12,151.66,149.04,151.08,4588444,150.69,147.96,62.41,0.0265,0.5688,UP
2009-04-16,150.8,152.93,149.78,152.9,4377490,151.22,148.89,67.71,1.2047,0.602,UP
2009-04-17,152.14,154.32,151.63,153.6,4459970,151.93,149.88,69.49,0.4578,0.5782,UP
2009-04-20,153.17,155.74,152.04,154.53,5085170,152.63,150.87,71.72,0.6055,0.5781,DOWN
2009-04-21,154.94,155.73,152.77,154.43,3787289,153.31,151.7,71.12,-0.0647,0.6024,DOWN
2009-04-22,154.23,154.58,153.32,153.77,2768193,153.85,152.27,67.11,-0.4274,0.6008,DOWN
2009-04-23,154.29,154.55,151.16,151.42,3999779,153.55,152.39,55.19,-1.5283,0.7409,DOWN
2009-04-24,151.28,151.43,150.58,150.72,3045648,152.97,152.45,52.22,-0.4623,0.7591,DOWN
2009-04-27,150.81,151.14,148.31,148.64,3360419,151.8,152.21,44.53,-1.38,0.8447,DOWN
2009-04-28,148.5,149.01,146.99,147.35,3139740,150.38,151.84,40.55,-0.8679,0.8711,DOWN
2009-04-29,147.23,147.43,145.33,146.28,2508319,148.88,151.36,37.55,-0.7262,0.8776,DOWN
2009-04-30,145.93,146.22,144.01,144.48,3443446,147.49,150.52,33.11,-1.2305,0.734,DOWN
2009-05-01,144.54,145.07,142.45,143.3,2990399,146.01,149.49,30.56,-0.8167,0.6421,DOWN
2009-05-04,143.33,143.64,140.8,141.86,3031263,144.65,148.22,27.75,-1.0049,0.4561,DOWN
2009-05-05,141.85,142.24,139.03,140.31,3414522,143.25,146.81,25.08,-1.0926,0.3662,DOWN
2009-05-06,139.96,140.57,138.69,139.34,3476958,141.86,145.37,23.55,-0.6913,0.3319,DOWN
2009-05-07,139.14,139.48,138.31,138.64,2787366,140.69,144.09,22.48,-0.5024,0.3008,DOWN
2009-05-08,138.44,138.8,136.84,137.06,4258817,139.44,142.73,20.26,-1.1396,0.2717,DOWN
2009-05-11,137.17,137.23,136.65,136.82,3211341,138.43,141.54,19.93,-0.1751,0.3203,DOWN
2009-05-12,136.86,137.21,134.83,135.88,3842050,137.55,140.4,18.68,-0.687,0.3227,DOWN
2009-05-13,136.02,136.62,134.98,135.27,3921704,136.73,139.3,17.89,-0.4489,0.3417,DOWN
2009-05-14,135.32,135.47,134.27,134.35,3545468,135.88,138.28,16.74,-0.6801,0.303,DOWN
2009-05-15,133.89,134.26,132.65,134.0,4319030,135.26,137.35,16.31,-0.2605,0.3336,UP
2009-05-18,134.48,136.01,134.12,134.48,3365747,134.8,136.61,19.36,0.3582,0.4417,DOWN
2009-05-19,134.89,135.07,133.9,134.31,3691610,134.48,136.02,19.1,-0.1264,0.41,DOWN
2009-05-20,133.43,134.35,133.29,134.21,3540395,134.27,135.5,18.93,-0.0745,0.4136,DOWN
2009-05-21,134.14,134.77,133.21,133.76,4673148,134.15,135.01,18.17,-0.3353,0.4112,UP
2009-05-22,134.13,134.75,133.97,134.35,5232226,134.22,134.74,22.55,0.4411,0.3795,UP
2009-05-26,134.41,135.96,133.56,135.51,4180466,134.43,134.61,30.43,0.8634,0.5073,DOWN
2009-05-27,135.79,136.4,135.17,135.33,3213121,134.63,134.56,29.92,-0.1328,0.4638,DOWN
2009-05-28,134.94,135.78,133.98,134.18,3378865,134.63,134.45,26.84,-0.8498,0.5174,DOWN
2009-05-29,134.85,135.4,132.39,133.01,3067644,134.48,134.31,24.11,-0.872,0.5449,DOWN
2009-06-01,133.67,134.0,131.0,131.71,3136860,133.95,134.08,21.5,-0.9774,0.6116,DOWN
2009-06-02,131.47,132.12,129.66,130.15,3145029,132.88,133.65,18.86,-1.1844,0.6564,DOWN
2009-06-03,130.09,130.65,128.19,128.68,4243307,131.55,133.09,16.77,-1.1295,0.698,DOWN
2009-06-04,127.89,128.65,126.87,127.92,4370611,130.29,132.46,15.79,-0.5906,0.6882,DOWN
2009-06-05,127.86,128.24,126.51,127.21,2914952,129.13,131.8,14.92,-0.555,0.6867,DOWN
2009-06-08,126.77,127.17,124.85,125.53,5347494,127.9,130.92,13.08,-1.3207,0.6434,UP
2009-06-09,125.01,126.71,124.8,126.41,4856094,127.15,130.01,18.74,0.701,0.6009,UP
2009-06-10,126.33,128.29,125.81,127.73,6349240,126.96,129.25,26.47,1.0442,0.8035,UP
2009-06-11,128.31,130.43,127.93,129.54,7039884,127.28,128.79,35.52,1.4171,1.0101,UP
2009-06-12,129.47,133.13,128.91,132.03,6530965,128.25,128.69,45.47,1.9222,1.2145,UP
2009-06-15,132.15,134.09,131.95,133.98,6054081,129.94,128.92,51.75,1.4769,1.2574,UP
2009-06-16,134.48,135.44,133.73,135.25,5593380,131.71,129.43,55.36,0.9479,1.179,UP
2009-06-17,134.64,136.39,134.26,135.91,4707394,133.34,130.15,57.15,0.488,1.0512,UP
2009-06-18,135.94,136.67,135.34,136.26,4237075,134.69,130.98,58.11,0.2575,0.9805,UP
2009-06-19,136.26,137.21,135.48,136.54,4463048,135.59,131.92,58.91,0.2055,0.9042,UP
2009-06-22,137.75,138.15,136.02,137.28,5088390,136.25,133.09,61.01,0.542,0.5677,UP
2009-06-23,136.93,138.66,135.59,138.08,4277997,136.81,134.26,63.2,0.5828,0.5735,UP
2009-06-24,137.65,139.64,137.42,138.6,3931869,137.35,135.35,64.59,0.3766,0.5919,DOWN
2009-06-25,139.32,139.47,137.86,137.92,4350466,137.68,136.18,61.32,-0.4906,0.6796,DOWN
2009-06-26,138.44,138.5,136.93,137.56,3796582,137.89,136.74,59.6,-0.261,0.5586,DOWN
2009-06-29,137.34,137.58,137.3,137.36,2388323,137.9,137.08,58.62,-0.1454,0.4376,DOWN
2009-06-30,136.75,137.09,134.65,135.31,3503921,137.35,137.08,49.59,-1.4924,0.6393,DOWN
2009-07-01,134.64,135.07,133.86,134.64,3516664,136.56,136.95,47.03,-0.4952,0.6326,DOWN
2009-07-02,134.32,134.58,133.15,133.86,5122560,135.75,136.72,44.18,-0.5793,0.6366,DOWN
2009-07-06,133.7,134.35,133.46,133.73,5137419,134.98,136.43,43.71,-0.0971,0.6235,UP
2009-07-07,134.04,134.85,133.81,134.29,5145608,134.37,136.14,46.38,0.4188,0.6081,UP
2009-07-08,134.62,135.47,134.2,134.69,5185748,134.24,135.8,48.28,0.2979,0.572,UP
2009-07-09,134.77,136.08,134.03,135.66,4811883,134.45,135.5,52.64,0.7202,0.6217,UP
2009-07-10,135.68,136.11,134.99,135.89,4072966,134.85,135.3,53.64,0.1695,0.624,DOWN
2009-07-13,136.11,136.54,134.59,135.09,3611787,135.12,135.05,49.71,-0.5887,0.6391,DOWN
2009-07-14,135.32,135.68,133.56,134.34,3087024,135.13,134.75,46.29,-0.5552,0.6497,DOWN
2009-07-15,133.85,134.87,132.9,133.2,2795218,134.84,134.54,41.6,-0.8486,0.5306,DOWN
2009-07-16,132.31,132.91,132.2,132.33,4383773,134.17,134.31,38.41,-0.6532,0.544,UP
2009-07-17,132.58,133.51,132.18,132.95,4839338,133.58,134.22,41.84,0.4685,0.5575,UP
2009-07-20,132.44,134.13,131.41,133.69,3839898,133.3,134.21,45.72,0.5566,0.5909,UP
2009-07-21,134.09,134.29,133.42,133.91,3722852,133.22,134.18,46.86,0.1646,0.5761,DOWN
2009-07-22,133.26,134.42,132.37,133.81,3972320,133.34,134.09,46.38,-0.0747,0.5647,DOWN
2009-07-23,133.54,133.69,132.81,133.47,2536928,133.57,133.87,44.72,-0.2541,0.494,DOWN
2009-07-24,133.47,133.84,131.33,131.9,2473282,133.36,133.47,37.96,-1.1763,0.5711,DOWN
2009-07-27,132.07,132.09,129.86,130.29,2480910,132.68,132.99,32.53,-1.2206,0.6381,DOWN
2009-07-28,130.27,131.24,127.74,128.54,3080163,131.6,132.41,27.86,-1.3432,0.7096,DOWN
2009-07-29,128.71,129.34,127.31,127.85,3122458,130.41,131.87,26.26,-0.5368,0.6963,DOWN
2009-07-30,128.12,128.91,126.64,127.03,4543027,129.12,131.34,24.47,-0.6414,0.6958,DOWN
2009-07-31,126.98,127.11,126.67,126.96,4340752,128.13,130.74,24.31,-0.0551,0.6402,UP
2009-08-03,127.08,127.32,126.53,127.04,5414636,127.48,130.08,24.89,0.063,0.5683,UP
2009-08-04,127.43,128.74,127.33,128.57,4939742,127.49,129.55,35.1,1.2043,0.7657,UP
2009-08-05,128.86,129.37,128.61,129.19,5118290,127.76,129.08,38.73,0.4822,0.8112,UP
2009-08-06,129.16,130.66,128.7,130.37,3705412,128.43,128.77,45.04,0.9134,0.9048,DOWN
2009-08-07,130.34,131.05,129.17,129.79,4061854,128.99,128.56,42.71,-0.4449,0.8476,DOWN
2009-08-10,130.18,130.47,128.36,129.5,4754767,129.48,128.48,41.56,-0.2234,0.7632,UP
2009-08-11,129.75,131.28,129.46,130.52,4418182,129.87,128.68,46.99,0.7876,0.6542,UP
2009-08-12,130.2,131.22,129.74,130.84,3896230,130.2,128.98,48.61,0.2452,0.6074,DOWN
2009-08-13,130.52,131.06,129.62,130.17,3633319,130.16,129.3,45.48,-0.5121,0.5878,DOWN
2009-08-14,130.56,130.98,129.83,130.02,3758241,130.21,129.6,44.79,-0.1152,0.5915,DOWN
2009-08-17,130.15,130.61,128.51,129.36,4166273,130.18,129.83,41.77,-0.5076,0.6363,DOWN
2009-08-18,128.63,129.36,128.22,129.07,3689044,129.89,129.88,40.48,-0.2242,0.5336,DOWN
2009-08-19,129.41,130.14,128.22,128.51,4713400,129.43,129.82,38.03,-0.4339,0.5279,UP
2009-08-20,128.5,130.06,128.33,129.08,4652465,129.21,129.69,41.88,0.4435,0.4472,UP
2009-08-21,128.94,129.86,128.42,129.63,5861245,129.13,129.67,45.41,0.4261,0.4569,UP
2009-08-24,129.95,131.95,129.11,131.25,7611300,129.51,129.84,54.21,1.2497,0.597,UP
2009-08-25,132.06,135.3,131.35,134.43,7128443,130.58,130.24,65.86,2.4229,0.9277,UP
2009-08-26,134.89,138.28,134.33,137.32,6440874,132.34,130.88,72.66,2.1498,1.0956,UP
2009-08-27,137.82,139.62,137.04,139.29,3972770,134.38,131.8,76.15,1.4346,1.0705,DOWN
2009-08-28,139.97,140.64,138.31,138.67,4252819,136.19,132.66,72.99,-0.4451,1.1025,DOWN
2009-08-31,139.02,139.13,137.14,138.3,4530897,137.6,133.56,71.1,-0.2668,1.0767,UP
2009-09-01,137.93,139.71,137.51,139.21,5535402,138.56,134.57,72.96,0.658,1.0299,UP
2009-09-02,139.8,142.24,139.18,141.03,6313331,139.3,135.82,76.25,1.3074,0.9489,UP
2009-09-03,141.5,142.78,141.1,142.65,6085828,139.97,137.18,78.73,1.1487,0.9341,UP
2009-09-04,142.5,144.6,141.75,144.3,4734655,141.1,138.64,80.92,1.1567,0.9118,UP
2009-09-08,143.86,145.26,141.9,144.59,6369204,142.36,139.98,81.28,0.201,0.9498,UP
2009-09-09,144.3,147.27,144.03,146.43,6311360,143.8,141.18,83.44,1.2726,0.8154,UP
2009-09-10,146.07,148.95,144.82,148.44,5425970,145.28,142.29,85.42,1.3727,0.7091,UP
2009-09-11,148.06,148.85,147.86,148.73,4066416,146.5,143.23,85.68,0.1954,0.6908,DOWN
2009-09-14,148.9,149.26,147.27,147.85,4194955,147.21,144.15,80.87,-0.5917,0.7179,DOWN
2009-09-15,148.03,148.24,147.14,147.59,3310103,147.81,145.08,79.45,-0.1759,0.7055,DOWN
2009-09-16,147.08,147.22,144.13,145.17,4484832,147.56,145.68,67.55,-1.6397,1.0119,DOWN
2009-09-17,144.5,145.2,143.37,143.7,3784445,146.61,145.94,61.52,-1.0126,1.0522,DOWN
2009-09-18,143.14,143.31,141.78,142.17,5919848,145.3,145.9,55.92,-1.0647,1.0615,UP
2009-09-21,142.7,143.02,141.42,142.69,5797679,144.26,145.74,57.34,0.3658,0.9904,UP
2009-09-22,143.42,144.18,142.69,143.74,4444853,143.49,145.65,60.14,0.7359,1.0229,UP
2009-09-23,143.99,144.61,143.7,144.17,3602998,143.29,145.42,61.26,0.2992,0.9241,DOWN
2009-09-24,144.15,144.97,142.0,143.44,3370138,143.24,144.93,58.27,-0.5063,0.7554,DOWN
2009-09-25,143.52,144.25,142.96,143.24,3482098,143.46,144.38,57.44,-0.1394,0.7362,DOWN
2009-09-28,142.0,143.6,141.66,143.2,3752868,143.56,143.91,57.26,-0.0279,0.7392,DOWN
2009-09-29,143.69,144.03,141.62,141.95,4309522,143.2,143.35,51.94,-0.8729,0.7571,UP
2009-09-30,141.22,142.37,140.98,141.97,4798070,142.76,143.03,52.01,0.0141,0.6213,UP
2009-10-01,141.89,142.2,141.74,142.16,4069224,142.5,142.87,52.79,0.1338,0.562,DOWN
2009-10-02,142.16,142.38,141.71,141.93,5355135,142.24,142.85,51.7,-0.1618,0.4528,UP
2009-10-05,142.67,144.03,142.21,143.36,4734322,142.27,142.92,57.55,1.0075,0.5483,UP
2009-10-06,143.31,144.29,142.44,144.23,4798100,142.73,142.96,60.67,0.6069,0.5316,UP
2009-10-07,144.17,145.09,142.89,144.77,6012686,143.29,143.02,62.51,0.3744,0.5362,UP
2009-10-08,145.17,147.51,145.02,147.32,6063000,144.32,143.41,69.72,1.7614,0.7246,UP
2009-10-09,147.62,149.34,147.51,149.21,4995840,145.78,144.01,73.75,1.2829,0.7734,UP
2009-10-12,149.29,151.17,148.12,150.44,3511740,147.19,144.73,75.99,0.8243,0.7664,DOWN
2009-10-13,150.84,151.01,149.31,149.47,3575157,148.24,145.49,70.85,-0.6448,0.7233,DOWN
2009-10-14,150.11,150.21,147.42,148.15,4584526,148.92,146.1,64.47,-0.8831,0.8394,UP
2009-10-15,149.01,150.27,148.43,148.99,4146665,149.25,146.79,66.54,0.567,0.8335,UP
2009-10-16,148.81,149.48,148.56,149.17,4484799,149.24,147.51,66.98,0.1208,0.8142,UP
2009-10-19,149.29,150.01,148.48,149.85,4303901,149.13,148.16,68.67,0.4559,0.7945,UP
2009-10-20,150.64,151.22,149.68,150.85,4983881,149.4,148.82,71.01,0.6673,0.7961,UP
2009-10-21,151.12,153.48,150.93,152.6,5392621,150.29,149.61,74.6,1.1601,0.8258,UP
2009-10-22,152.74,153.74,152.46,153.56,4640936,151.21,150.23,76.33,0.6291,0.7075,UP
2009-10-23,153.67,154.44,153.34,153.92,5192944,152.16,150.7,76.96,0.2344,0.6395,UP
2009-10-26,153.7,154.83,152.86,154.05,4427229,153.0,151.06,77.2,0.0845,0.6161,UP
2009-10-27,155.18,155.34,153.43,154.13,4660478,153.65,151.53,77.35,0.0519,0.5397,UP
2009-10-28,153.84,154.84,153.48,154.2,4235068,153.97,152.13,77.5,0.0454,0.3628,DOWN
2009-10-29,154.22,154.96,152.62,153.64,4030706,153.99,152.6,73.48,-0.3632,0.4289,DOWN
2009-10-30,153.9,154.13,152.62,153.48,3790694,153.9,153.03,72.33,-0.1041,0.4454,DOWN
2009-11-02,153.65,154.57,152.86,153.05,4183630,153.7,153.35,69.18,-0.2802,0.4741,UP
2009-11-03,152.67,153.3,152.12,153.1,3053326,153.49,153.57,69.35,0.0327,0.4483,DOWN
2009-11-04,152.24,152.6,151.25,151.61,3692524,152.98,153.47,59.08,-0.9732,0.4204,DOWN
2009-11-05,150.93,151.37,150.64,151.27,4259312,152.5,153.24,57.01,-0.2243,0.3436,UP
2009-11-06,150.79,152.1,150.1,151.7,6089138,152.15,153.02,58.97,0.2843,0.3501,UP
2009-11-09,151.58,155.17,151.26,154.98,5817409,152.53,153.12,70.16,2.1622,0.8124,UP
2009-11-10,155.28,157.28,155.09,156.82,4766970,153.28,153.38,74.38,1.1872,0.8866,UP
2009-11-11,157.11,157.63,156.68,157.02,3683186,154.36,153.67,74.79,0.1275,0.8857,UP
2009-11-12,157.01,157.54,156.89,157.08,3291405,155.52,154.01,74.93,0.0382,0.867,DOWN
2009-11-13,156.27,156.76,155.55,156.16,4751560,156.41,154.28,68.97,-0.5857,0.9,DOWN
2009-11-16,156.98,158.23,155.59,156.15,4864937,156.65,154.59,68.9,-0.0064,0.8887,UP
2009-11-17,156.47,157.05,155.45,156.89,4252758,156.66,154.97,71.05,0.4739,0.8902,UP
2009-11-18,156.74,158.38,156.59,157.63,3464623,156.78,155.57,73.05,0.4717,0.7803,DOWN
2009-11-19,157.85,158.68,156.24,156.94,4627024,156.75,156.14,68.31,-0.4377,0.8017,UP
2009-11-20,156.23,158.15,155.45,157.77,4788355,157.08,156.74,70.77,0.5289,0.8025,UP
2009-11-23,157.1,159.76,156.45,158.69,5050646,157.58,157.12,73.24,0.5831,0.523,UP
2009-11-24,159.64,160.29,158.73,159.67,4571343,158.14,157.4,75.62,0.6176,0.4311,UP
2009-11-25,160.18,160.57,158.63,159.82,3030345,158.58,157.68,75.97,0.0939,0.4317,DOWN
2009-11-27,159.52,160.12,157.82,158.63,4574965,158.92,157.83,67.64,-0.7446,0.5215,DOWN
2009-11-30,158.35,158.77,157.21,157.94,4589149,158.95,158.01,63.31,-0.435,0.5012,UP
2009-12-01,156.86,159.91,155.35,158.75,3816343,158.96,158.27,66.06,0.5129,0.5141,DOWN
2009-12-02,158.57,159.03,158.01,158.63,3053249,158.75,158.45,65.28,-0.0756,0.5069,DOWN
2009-12-03,157.89,158.78,156.6,156.79,3288951,158.15,158.36,54.63,-1.1599,0.6265,DOWN
2009-12-04,156.18,156.46,155.34,155.53,4535148,157.53,158.22,48.76,-0.8036,0.6613,UP
2009-12-07,156.03,157.01,154.74,156.65,4549941,157.27,158.11,53.54,0.7201,0.6835,UP
2009-12-08,156.25,157.8,155.33,157.6,3558322,157.04,158.0,57.18,0.6064,0.686,UP
2009-12-09,157.33,158.46,156.32,157.77,4318021,156.87,157.81,57.82,0.1079,0.6474,UP
2009-12-10,158.4,158.98,157.95,158.25,3290060,157.16,157.65,59.65,0.3042,0.6583,DOWN
2009-12-11,158.28,158.73,156.82,157.02,4393631,157.46,157.49,53.28,-0.7773,0.662,UP
2009-12-14,156.26,157.99,156.14,157.14,4282640,157.56,157.41,53.8,0.0764,0.6529,UP
2009-12-15,156.22,157.8,155.11,157.22,4136221,157.48,157.26,54.16,0.0509,0.6245,DOWN
2009-12-16,156.69,157.23,155.84,156.43,4351084,157.21,157.04,49.96,-0.5025,0.6374,UP
2009-12-17,156.71,156.83,156.08,156.73,2502316,156.91,157.03,51.5,0.1918,0.531,DOWN
2009-12-18,156.85,157.45,154.79,155.33,2464458,156.57,157.01,44.61,-0.8933,0.5466,DOWN
2009-12-21,154.69,155.7,152.43,153.03,3998353,155.75,156.65,36.07,-1.4807,0.6522,DOWN
2009-12-22,152.99,153.83,150.42,151.8,3283209,154.66,156.07,32.49,-0.8038,0.6013,DOWN
2009-12-23,151.94,152.11,150.89,151.21,5550178,153.62,155.42,30.9,-0.3887,0.5772,UP
2009-12-24,151.6,153.36,151.28,152.45,5830072,152.76,154.84,37.77,0.8201,0.6657,UP
2009-12-28,153.06,154.79,152.95,154.01,5428111,152.5,154.54,45.16,1.0233,0.7776,UP
2009-12-29,154.35,155.23,153.68,155.14,5581332,152.92,154.34,49.81,0.7337,0.8288,UP
2009-12-30,155.35,156.95,154.96,156.85,6121578,153.93,154.3,55.9,1.1022,0.9157,UP
2009-12-31,157.64,159.48,157.35,158.72,5809654,155.43,154.53,61.42,1.1922,0.9715,UP
2010-01-04,158.5,161.37,157.64,160.06,6746230,156.96,154.86,64.82,0.8443,0.9963,UP
2010-01-05,160.7,162.81,160.14,162.55,7043406,158.66,155.58,70.09,1.5557,0.9946,UP
2010-01-06,162.55,165.59,162.23,164.69,6118285,160.57,156.75,73.73,1.3165,0.7519,UP
2010-01-07,164.71,166.45,164.45,165.94,5879534,162.39,158.16,75.6,0.759,0.5231,UP
2010-01-08,166.02,167.61,165.72,167.44,5169641,164.14,159.78,77.65,0.9039,0.2678,UP
2010-01-11,168.0,169.1,167.27,168.54,7858391,165.83,161.39,79.04,0.657,0.286,UP
2010-01-12,169.73,173.91,168.72,173.14,7202740,167.95,163.31,83.64,2.7293,0.6151,UP
2010-01-13,173.26,177.23,172.38,176.11,6380245,170.23,165.4,85.8,1.7154,0.6144,UP
2010-01-14,176.73,178.89,176.39,178.71,5955935,172.79,167.59,87.38,1.4764,0.6139,UP
2010-01-15,178.34,181.93,177.53,180.93,5040284,175.49,169.81,88.54,1.2422,0.613,UP
2010-01-19,180.22,181.76,179.55,181.44,3665348,178.07,171.95,88.8,0.2819,0.6833,DOWN
2010-01-20,180.85,183.09,179.96,180.48,2749716,179.53,173.74,84.95,-0.5291,0.8754,DOWN
2010-01-21,179.94,180.53,178.05,178.38,3613766,179.99,175.11,77.07,-1.1636,1.1124,DOWN
2010-01-22,177.98,179.5,176.7,177.14,3856621,179.67,176.23,72.78,-0.6951,1.2101,DOWN
2010-01-25,177.91,179.13,175.53,175.85,3977876,178.66,177.07,68.5,-0.7282,1.2818,DOWN
2010-01-26,175.83,175.92,174.91,174.98,3488175,177.37,177.72,65.7,-0.4947,1.3172,DOWN
2010-01-27,175.56,176.08,172.45,173.79,3457649,176.03,177.78,61.97,-0.6801,1.0584,DOWN
2010-01-28,173.23,174.4,171.59,172.13,2548863,174.78,177.38,57.09,-0.9552,0.9168,DOWN
2010-01-29,171.66,172.74,169.08,169.3,2794896,173.21,176.44,49.89,-1.6441,0.7967,DOWN
2010-02-01,168.49,168.97,167.31,168.03,1575000,171.65,175.15,47.02,-0.7501,0.4942,DOWN
2010-02-02,167.1,167.27,163.75,163.82,4521808,169.41,173.39,39.01,-2.5055,0.6251,DOWN
2010-02-03,164.54,165.07,163.11,163.47,3792447,167.35,171.69,38.43,-0.2136,0.6593,DOWN
2010-02-04,163.37,163.49,162.08,162.85,4063578,165.49,170.14,37.36,-0.3793,0.6817,DOWN
2010-02-05,163.24,163.77,161.48,162.26,3190272,164.09,168.65,36.32,-0.3623,0.701,DOWN
2010-02-08,161.98,162.75,160.62,161.1,3030145,162.7,167.17,34.31,-0.7149,0.7013,DOWN
2010-02-09,161.44,162.66,158.86,159.09,3312617,161.75,165.58,31.09,-1.2477,0.6969,DOWN
2010-02-10,158.7,159.79,157.87,158.37,4332270,160.73,164.04,30.0,-0.4526,0.7101,DOWN
2010-02-11,158.34,159.16,157.9,158.24,4264437,159.81,162.65,29.8,-0.0821,0.7577,DOWN
2010-02-12,159.38,159.71,155.92,157.78,3975845,158.92,161.5,29.05,-0.2907,0.717,UP
2010-02-16,157.63,158.49,156.66,158.25,3632377,158.35,160.52,30.96,0.2979,0.7824,DOWN
2010-02-17,158.28,159.7,156.84,156.96,3433371,157.92,159.84,28.68,-0.8152,0.4246,DOWN
2010-02-18,156.91,157.78,155.17,156.14,3088116,157.47,159.1,27.31,-0.5224,0.4186,DOWN
2010-02-19,156.5,157.1,154.53,154.77,3872171,156.78,158.3,25.14,-0.8774,0.4376,DOWN
2010-02-22,153.89,154.44,153.26,154.12,4052732,156.05,157.48,24.16,-0.42,0.4359,DOWN
2010-02-23,154.22,154.59,151.99,153.39,4680353,155.08,156.71,23.07,-0.4737,0.43,UP
2010-02-24,153.36,154.79,151.95,153.77,5282464,154.44,156.18,24.97,0.2477,0.3953,UP
2010-02-25,153.79,155.46,152.98,154.99,4823492,154.21,155.84,30.85,0.7934,0.5291,UP
2010-02-26,155.62,155.97,155.42,155.79,4908857,154.41,155.6,34.48,0.5162,0.5774,UP
2010-03-01,155.12,156.36,154.88,156.27,4637619,154.84,155.44,36.63,0.3081,0.5925,UP
2010-03-02,156.41,157.69,156.17,157.02,6108468,155.57,155.32,39.94,0.4799,0.6085,UP
2010-03-03,157.71,159.94,157.3,159.49,4637035,156.71,155.57,49.34,1.573,0.7406,UP
2010-03-04,159.93,160.4,159.77,160.02,4707399,157.72,155.96,51.1,0.3323,0.701,UP
2010-03-05,159.65,160.71,159.48,160.19,3564832,158.6,156.5,51.69,0.1062,0.585,DOWN
2010-03-08,159.72,160.71,158.57,158.93,4310858,159.13,156.99,47.2,-0.7866,0.6466,DOWN
2010-03-09,158.99,159.38,157.87,158.56,3579618,159.44,157.5,45.94,-0.2328,0.618,DOWN
2010-03-10,158.89,159.88,157.74,157.84,3733365,159.11,157.91,43.5,-0.4541,0.6668,DOWN
2010-03-11,157.55,158.35,155.94,156.33,4168304,158.37,158.04,38.85,-0.9567,0.7381,DOWN
2010-03-12,156.16,156.26,155.14,156.18,3116914,157.57,158.08,38.41,-0.096,0.724,DOWN
2010-03-15,156.1,156.43,153.84,155.53,3577147,156.89,158.01,36.49,-0.4162,0.729,DOWN
2010-03-16,155.44,155.51,153.45,154.23,4373005,156.02,157.73,32.93,-0.8359,0.7423,UP
2010-03-17,154.84,156.09,154.26,155.52,5359063,155.56,157.33,39.26,0.8364,0.5647,UP
2010-03-18,155.59,158.14,155.25,157.75,5184615,155.84,157.11,48.33,1.4339,0.7635,UP
2010-03-19,157.05,159.79,155.28,158.87,2919085,156.38,156.97,52.19,0.71,0.8077,DOWN
2010-03-22,158.49,158.89,156.31,157.16,3160485,156.71,156.8,46.48,-1.0764,0.8404,DOWN
2010-03-23,157.76,158.4,153.97,154.44,4824586,156.75,156.39,39.14,-1.7307,0.9859,DOWN
2010-03-24,155.13,155.41,153.71,154.0,3925424,156.44,156.0,38.09,-0.2849,0.9836,DOWN
2010-03-25,153.15,153.44,152.73,153.26,4657059,155.55,155.69,36.33,-0.4805,0.9563,DOWN
2010-03-26,152.82,152.97,151.8,152.7,4619814,154.31,155.35,35.01,-0.3654,0.957,DOWN
2010-03-29,153.57,154.49,151.75,152.15,4428336,153.31,155.01,33.72,-0.3602,0.9559,DOWN
2010-03-30,152.22,152.6,151.29,151.71,4191827,152.76,154.76,32.67,-0.2892,0.9318,UP
2010-03-31,151.8,152.19,151.58,152.0,3861548,152.36,154.4,34.12,0.1912,0.8757,DOWN
2010-04-01,151.05,152.19,150.43,151.78,3350683,152.07,153.81,33.53,-0.1447,0.6589,DOWN
2010-04-05,151.39,151.89,150.28,150.44,2943230,151.62,152.96,30.13,-0.8829,0.5486,DOWN
2010-04-06,150.42,151.25,147.49,147.96,2672922,150.78,152.04,25.06,-1.6485,0.6337,DOWN
2010-04-07,147.54,148.13,145.43,145.45,2651620,149.53,151.14,21.17,-1.6964,0.6269,DOWN
2010-04-08,145.44,146.6,142.38,142.72,4413076,147.67,150.02,17.92,-1.8769,0.7324,DOWN
2010-04-09,142.11,143.13,141.5,142.27,5411628,145.77,148.92,17.44,-0.3153,0.7411,UP
2010-04-12,141.85,143.82,140.68,143.77,5425739,144.43,148.02,24.63,1.0543,0.932,UP
2010-04-13,143.47,145.51,142.74,144.44,4291427,143.73,147.25,27.66,0.466,0.9901,DOWN
2010-04-14,143.95,144.33,143.75,144.24,3552851,143.49,146.51,27.3,-0.1385,0.995,DOWN
2010-04-15,143.89,144.4,143.22,144.06,3322541,143.76,145.71,26.97,-0.1248,0.9755,DOWN
2010-04-16,144.25,144.69,143.69,143.78,3828788,144.06,144.91,26.43,-0.1944,0.9734,DOWN
2010-04-19,143.36,143.84,142.62,143.19,3413592,143.94,144.19,25.28,-0.4103,0.9661,DOWN
2010-04-20,142.86,143.23,141.96,142.06,3313138,143.47,143.6,23.2,-0.7892,0.8864,DOWN
2010-04-21,141.89,142.08,139.44,140.64,3170938,142.75,143.12,20.87,-0.9996,0.7962,DOWN
2010-04-22,141.16,141.45,138.82,138.89,2349195,141.71,142.73,18.42,-1.2443,0.676,DOWN
2010-04-23,139.21,139.61,135.09,135.87,2852404,140.13,142.09,15.12,-2.1744,0.9063,DOWN
2010-04-26,135.75,135.97,133.78,134.07,3765596,138.31,141.12,13.56,-1.3248,0.7676,DOWN
2010-04-27,133.93,134.74,132.11,132.78,3342340,136.45,139.96,12.56,-0.9622,0.6521,DOWN
2010-04-28,133.07,133.3,131.41,131.53,3781212,134.63,138.69,11.67,-0.9414,0.6043,DOWN
2010-04-29,131.83,132.32,130.98,131.17,3923723,133.08,137.4,11.41,-0.2737,0.5841,UP
2010-04-30,131.73,132.24,131.03,131.52,3062315,132.21,136.17,13.38,0.2668,0.6618,DOWN
2010-05-03,130.81,131.51,129.72,130.43,3324584,131.49,134.9,12.45,-0.8288,0.6414,DOWN
2010-05-04,130.14,130.36,128.05,129.41,3875000,130.81,133.63,11.64,-0.782,0.6415,DOWN
2010-05-05,129.56,130.34,128.11,128.5,3631728,130.21,132.42,10.95,-0.7032,0.6446,DOWN
2010-05-06,128.29,128.54,127.51,127.69,3675021,129.51,131.3,10.37,-0.6304,0.6371,DOWN
2010-05-07,127.32,128.31,126.59,127.0,2428307,128.61,130.41,9.88,-0.5404,0.432,DOWN
2010-05-10,126.71,127.43,123.95,124.81,3372003,127.48,129.48,8.52,-1.7244,0.5105,DOWN
2010-05-11,124.58,125.28,123.13,123.7,2327666,126.34,128.58,7.92,-0.8894,0.507,DOWN
2010-05-12,123.54,124.69,122.12,122.19,3253740,125.08,127.64,7.18,-1.2207,0.5287,DOWN
2010-05-13,121.95,122.38,120.72,121.15,3735362,123.77,126.64,6.72,-0.8511,0.504,DOWN
2010-05-14,121.69,122.49,120.19,121.08,2540689,122.59,125.6,6.69,-0.0578,0.4339,DOWN
2010-05-17,120.46,121.01,119.81,120.02,2448432,121.63,124.56,6.22,-0.8755,0.4342,DOWN
2010-05-18,119.49,119.8,118.47,118.65,3496011,120.62,123.48,5.66,-1.1415,0.4448,DOWN
2010-05-19,118.8,119.09,118.03,118.06,3789538,119.79,122.43,5.44,-0.4973,0.4576,DOWN
2010-05-20,117.85,118.06,117.47,117.84,3047156,119.13,121.45,5.35,-0.1863,0.5001,DOWN
2010-05-21,117.75,118.8,117.08,117.43,3127078,118.4,120.49,5.19,-0.3479,0.5146,DOWN
2010-05-24,117.29,117.8,115.94,116.53,3381691,117.7,119.66,4.84,-0.7664,0.3942,DOWN
2010-05-25,116.48,117.41,115.31,115.85,3734293,117.14,118.88,4.58,-0.5835,0.3883,DOWN
2010-05-26,116.03,116.91,114.83,115.39,3641453,116.61,118.2,4.42,-0.3971,0.3386,DOWN
2010-05-27,115.69,116.36,114.14,114.95,4629158,116.03,117.58,4.26,-0.3813,0.3277,UP
2010-05-28,114.99,115.53,114.84,115.3,5483758,115.6,117.0,7.14,0.3045,0.3975,UP
2010-06-01,115.28,116.95,114.95,116.49,6144519,115.6,116.65,16.37,1.0321,0.5978,UP
2010-06-02,116.49,118.27,115.85,117.99,4828547,116.02,116.58,26.32,1.2877,0.7009,UP
2010-06-03,117.91,118.25,117.77,118.11,4337599,116.57,116.59,27.06,0.1017,0.6842,UP
2010-06-04,118.51,118.81,117.84,118.67,5310027,117.31,116.67,30.6,0.4741,0.6953,UP
2010-06-07,119.21,119.43,118.28,119.08,4208483,118.07,116.84,33.16,0.3455,0.6832,UP
2010-06-08,120.16,121.09,118.92,119.33,4027449,118.64,117.12,34.74,0.2099,0.6042,UP
2010-06-09,119.41,119.56,118.89,119.47,4074596,118.93,117.48,35.65,0.1173,0.5348,DOWN
2010-06-10,119.52,119.83,118.93,119.33,3460587,119.18,117.87,35.12,-0.1172,0.4999,DOWN
2010-06-11,119.47,119.9,117.25,118.24,5308152,119.09,118.2,31.22,-0.9134,0.6026,UP
2010-06-14,117.63,119.02,117.0,118.76,4547746,119.03,118.55,34.93,0.4398,0.6047,UP
2010-06-15,118.56,119.15,117.94,119.07,4931056,118.97,118.8,37.11,0.261,0.547,UP
2010-06-16,118.83,119.93,118.64,119.72,5692541,119.02,118.98,41.53,0.5459,0.4223,UP
2010-06-17,119.97,122.06,118.72,121.81,5782300,119.52,119.35,52.98,1.7457,0.6575,UP
2010-06-18,121.6,123.41,121.41,123.18,5646435,120.51,119.8,58.69,1.1247,0.7059,UP
2010-06-21,123.64,124.44,123.53,123.97,4145349,121.55,120.29,61.58,0.6413,0.7106,UP
2010-06-22,123.83,124.58,123.73,123.98,3924913,122.53,120.75,61.62,0.0081,0.7196,DOWN
2010-06-23,123.72,124.59,123.58,123.9,3552556,123.37,121.2,61.12,-0.0645,0.7294,DOWN
2010-06-24,123.62,124.62,122.35,123.25,4412122,123.66,121.59,57.04,-0.5246,0.7697,UP
2010-06-25,123.06,123.68,122.17,123.44,4496349,123.71,122.11,57.93,0.1542,0.6421,UP
2010-06-28,123.48,125.46,122.78,124.58,4174168,123.83,122.69,62.86,0.9235,0.6606,UP
2010-06-29,123.93,125.18,123.74,124.8,3308434,123.99,123.26,63.74,0.1766,0.6642,UP
2010-06-30,124.82,125.09,124.55,124.84,3322544,124.18,123.78,63.91,0.0321,0.6777,DOWN
2010-07-01,124.05,125.03,122.9,124.33,3562860,124.4,124.03,60.08,-0.4085,0.5381,DOWN
2010-07-02,124.62,125.09,122.16,123.51,2415146,124.41,124.06,54.45,-0.6595,0.4937,DOWN
2010-07-06,123.14,123.39,122.08,122.37,3469212,123.97,123.9,47.74,-0.923,0.5246,DOWN
2010-07-07,123.36,124.14,121.19,121.54,2812245,123.32,123.66,43.53,-0.6783,0.5491,DOWN
2010-07-08,121.03,121.33,120.13,120.5,3725708,122.45,123.32,38.91,-0.8557,0.5837,DOWN
2010-07-09,120.05,121.09,119.64,120.24,4148211,121.63,123.01,37.82,-0.2158,0.5773,DOWN
2010-07-12,120.38,121.31,119.34,119.82,3734403,120.89,122.65,36.08,-0.3493,0.5602,DOWN
2010-07-13,119.67,120.26,119.21,119.33,4491392,120.29,122.13,34.1,-0.4089,0.3611,UP
2010-07-14,119.82,120.03,119.74,119.8,5012950,119.94,121.63,37.63,0.3939,0.4054,UP
2010-07-15,119.9,121.01,118.85,120.6,5931452,119.96,121.2,43.21,0.6678,0.5166,UP
2010-07-16,120.38,122.81,119.49,122.75,4769073,120.46,121.05,54.89,1.7828,0.8459,UP
2010-07-19,122.88,123.33,122.28,123.17,4416687,121.13,121.01,56.76,0.3422,0.8347,UP
2010-07-20,123.26,124.57,123.14,123.74,4054766,122.01,121.15,59.23,0.4628,0.7823,UP
2010-07-21,123.6,124.02,123.3,123.79,4038352,122.81,121.37,59.45,0.0404,0.7329,UP
2010-07-22,124.21,125.25,123.62,124.81,4649855,123.65,121.81,63.72,0.824,0.6561,UP
2010-07-23,125.44,126.28,125.0,126.11,4318316,124.32,122.39,68.31,1.0416,0.6552,DOWN
2010-07-26,125.48,126.73,124.81,126.02,3743790,124.89,123.01,67.67,-0.0714,0.6212,DOWN
2010-07-27,126.18,126.66,125.57,125.62,3862992,125.27,123.64,64.78,-0.3174,0.6067,DOWN
2010-07-28,125.78,126.15,125.12,125.53,3125113,125.62,124.21,64.11,-0.0716,0.6344,DOWN
2010-07-29,125.76,126.22,125.09,125.34,3442205,125.72,124.69,62.65,-0.1514,0.6585,UP
2010-07-30,124.74,125.49,124.57,125.39,3015627,125.58,124.95,62.89,0.0399,0.4441,DOWN
2010-08-02,124.84,125.04,123.64,124.41,3226266,125.26,125.08,55.38,-0.7816,0.5399,DOWN
2010-08-03,124.12,124.43,123.52,123.69,4241576,124.87,125.07,50.61,-0.5787,0.5624,DOWN
2010-08-04,123.87,124.26,123.11,123.57,4963549,124.48,125.05,49.83,-0.097,0.5629,UP
2010-08-05,123.36,124.59,122.6,124.37,3932125,124.29,125.0,54.78,0.6474,0.5357,DOWN
2010-08-06,124.35,124.83,123.61,124.06,3546170,124.02,124.8,52.62,-0.2493,0.3809,DOWN
2010-08-09,123.49,124.1,123.04,123.65,4621893,123.87,124.56,49.81,-0.3305,0.3828,DOWN
2010-08-10,124.43,125.45,122.81,123.23,3717869,123.78,124.32,47.04,-0.3397,0.3837,DOWN
2010-08-11,123.5,124.38,122.54,123.14,3246540,123.69,124.08,46.45,-0.073,0.3836,DOWN
2010-08-12,123.19,123.76,122.41,122.54,3075820,123.32,123.8,42.58,-0.4873,0.3943,DOWN
2010-08-13,122.8,123.13,121.72,122.05,3426209,122.92,123.47,39.67,-0.3999,0.3859,DOWN
2010-08-16,121.93,123.05,120.65,120.84,4495897,122.36,123.11,33.57,-0.9914,0.421,DOWN
2010-08-17,120.99,121.8,119.59,119.86,5126088,121.69,122.73,29.61,-0.811,0.4445,UP
2010-08-18,119.55,120.97,119.43,120.56,4658474,121.17,122.43,35.47,0.584,0.526,UP
2010-08-19,120.28,121.89,119.83,120.86,4909560,120.83,122.08,37.86,0.2488,0.462,UP
2010-08-20,120.28,122.54,119.98,122.07,3119620,120.84,121.88,46.47,1.0012,0.6162,DOWN
2010-08-23,122.1,122.42,121.18,121.32,4011815,120.93,121.65,42.54,-0.6144,0.6313,DOWN
2010-08-24,120.77,121.4,120.44,121.15,5307812,121.19,121.44,41.68,-0.1401,0.6292,UP
2010-08-25,120.9,123.29,119.97,122.16,5963582,121.51,121.34,48.37,0.8337,0.7052,UP
2010-08-26,122.84,124.38,122.17,124.02,5999033,122.14,121.49,57.94,1.5226,0.8475,UP
2010-08-27,124.19,125.97,123.38,125.81,5540453,122.89,121.86,64.71,1.4433,0.9185,UP
2010-08-30,126.06,127.36,125.42,127.16,4625888,124.06,122.5,68.8,1.073,0.8209,UP
2010-08-31,127.35,128.57,126.83,128.18,5282025,125.47,123.33,71.48,0.8021,0.6776,UP
2010-09-01,127.74,129.97,127.15,129.51,4410698,126.94,124.22,74.56,1.0376,0.6859,UP
2010-09-02,130.04,131.18,129.21,129.78,4151309,128.09,125.12,75.14,0.2085,0.6891,UP
2010-09-03,130.19,130.45,129.61,129.79,5249647,128.88,125.89,75.17,0.0077,0.7147,UP
2010-09-07,129.22,131.36,129.09,130.78,5584019,129.61,126.83,77.38,0.7628,0.5687,UP
2010-09-08,131.07,132.88,130.33,131.94,4171442,130.36,127.91,79.67,0.887,0.4739,DOWN
2010-09-09,132.01,132.32,131.08,131.78,3104943,130.81,128.88,78.49,-0.1213,0.5665,DOWN
2010-09-10,131.96,132.57,130.67,131.01,3089272,131.06,129.57,72.9,-0.5843,0.6394,DOWN
2010-09-13,130.33,130.72,130.05,130.11,3161484,131.12,130.0,66.9,-0.687,0.6637,DOWN
2010-09-14,129.82,131.41,129.04,129.52,2227597,130.87,130.24,63.23,-0.4535,0.6515,DOWN
2010-09-15,129.32,129.97,127.43,127.95,2202425,130.07,130.22,54.64,-1.2122,0.7446,DOWN
2010-09-16,127.45,128.53,125.74,126.17,3065700,128.95,129.88,46.86,-1.3912,0.7589,DOWN
2010-09-17,126.23,126.48,124.19,124.61,3098271,127.67,129.37,41.31,-1.2364,0.7967,DOWN
2010-09-20,124.49,124.65,123.22,123.41,4751762,126.33,128.73,37.62,-0.963,0.8003,UP
2010-09-21,123.77,124.53,123.19,124.16,5489468,125.26,128.07,41.16,0.6077,0.7742,UP
2010-09-22,123.92,126.51,123.51,125.52,5214495,124.77,127.42,47.03,1.0954,0.8177,UP
2010-09-23,126.0,126.16,124.61,125.72,3916545,124.68,126.82,47.85,0.1593,0.8365,DOWN
2010-09-24,125.54,126.17,124.91,125.15,3048308,124.79,126.23,45.67,-0.4534,0.8355,DOWN
2010-09-27,125.28,125.44,122.99,124.11,4728343,124.93,125.63,41.92,-0.831,0.8412,UP
2010-09-28,124.47,125.08,123.08,124.5,3150372,125.0,125.13,43.78,0.3142,0.8769,DOWN
2010-09-29,124.08,124.92,122.71,123.18,3896286,124.53,124.65,39.2,-1.0602,0.8623,DOWN
2010-09-30,122.28,122.83,121.68,122.68,2359264,123.92,124.3,37.59,-0.4059,0.7864,DOWN
2010-10-01,122.34,123.05,120.75,121.05,4024708,123.1,123.95,32.86,-1.3287,0.7993,DOWN
2010-10-04,120.95,121.42,120.51,120.65,3580103,122.41,123.67,31.8,-0.3304,0.7641,DOWN
2010-10-05,120.84,121.58,119.81,119.97,3652623,121.51,123.25,30.03,-0.5636,0.7104,UP
2010-10-06,120.16,121.15,120.01,120.23,4588175,120.92,122.72,31.6,0.2167,0.5491,UP
2010-10-07,121.13,121.63,120.56,120.85,5151732,120.55,122.24,35.32,0.5157,0.6006,UP
2010-10-08,120.36,121.41,120.08,121.17,4503012,120.57,121.84,37.22,0.2648,0.6346,DOWN
2010-10-11,121.14,121.61,120.88,121.04,3394921,120.65,121.53,36.75,-0.1073,0.6107,DOWN
2010-10-12,121.32,121.85,119.39,119.84,3394642,120.63,121.07,32.64,-0.9914,0.6166,DOWN
2010-10-13,120.16,120.72,118.2,118.88,3623178,120.36,120.64,29.77,-0.8011,0.5897,DOWN
2010-10-14,118.64,119.74,117.8,118.1,4001159,119.81,120.18,27.64,-0.6561,0.5974,UP
2010-10-15,118.06,118.94,117.78,118.14,4230509,119.2,119.89,27.92,0.0339,0.5047,UP
2010-10-18,117.74,119.6,116.63,118.43,5239154,118.68,119.66,30.07,0.2455,0.5259,UP
2010-10-19,118.51,121.22,117.67,120.04,5017581,118.72,119.67,40.63,1.3595,0.6959,UP
2010-10-20,119.99,121.47,119.63,120.92,5387902,119.13,119.74,45.48,0.7331,0.7314,UP
2010-10-21,121.22,122.34,121.0,122.23,4890180,119.95,119.88,51.79,1.0834,0.7904,UP
2010-10-22,123.14,123.64,122.55,123.35,4414912,120.99,120.1,56.44,0.9163,0.8298,UP
2010-10-25,123.37,124.35,123.29,123.8,5506210,122.07,120.37,58.18,0.3648,0.825,UP
2010-10-26,123.83,125.2,123.59,125.14,4918984,123.09,120.9,62.94,1.0824,0.7405,UP
2010-10-27,124.57,127.0,124.54,126.1,5197922,124.12,121.62,65.93,0.7671,0.6026,UP
2010-10-28,125.95,128.22,125.83,127.1,5587427,125.1,122.52,68.75,0.793,0.4133,UP
2010-10-29,127.56,129.37,127.33,128.75,6376587,126.18,123.59,72.77,1.2982,0.3645,UP
2010-11-01,128.37,130.55,127.82,130.33,5296661,127.48,124.78,75.95,1.2272,0.307,UP
2010-11-02,130.57,132.06,130.52,131.43,4771364,128.74,125.92,77.89,0.844,0.2745,UP
2010-11-03,131.51,132.54,130.43,131.92,4904737,129.91,127.02,78.72,0.3728,0.3203,UP
2010-11-04,131.98,133.08,131.52,132.79,5116855,131.04,128.07,80.13,0.6595,0.3176,UP
2010-11-05,132.82,135.08,132.8,134.42,3854218,132.18,129.18,82.48,1.2275,0.3411,DOWN
2010-11-08,135.09,135.18,133.62,133.91,3046743,132.89,130.19,79.32,-0.3794,0.5042,DOWN
2010-11-09,133.27,133.58,131.27,132.24,3200935,133.06,130.9,69.88,-1.2471,0.8032,DOWN
2010-11-10,131.34,131.65,130.65,130.72,4581128,132.82,131.36,62.57,-1.1494,0.9606,DOWN
2010-11-11,130.01,130.58,129.0,130.4,4301033,132.34,131.69,61.13,-0.2448,0.9652,DOWN
2010-11-12,130.85,131.41,128.82,129.96,4781240,131.45,131.81,59.1,-0.3374,0.9067,UP
2010-11-15,130.16,131.69,129.9,130.53,5184517,130.77,131.83,60.91,0.4386,0.8284,UP
2010-11-16,131.08,131.27,130.37,130.92,5216442,130.51,131.78,62.14,0.2988,0.7848,UP
2010-11-17,130.16,132.29,129.93,131.51,4614240,130.66,131.74,63.99,0.4507,0.7897,UP
2010-11-18,131.63,131.93,131.3,131.81,4628871,130.95,131.64,64.93,0.2281,0.7591,UP
2010-11-19,132.43,133.12,130.12,132.29,4633896,131.41,131.43,66.44,0.3642,0.6337,UP
2010-11-22,132.25,133.57,131.8,132.73,5508974,131.85,131.31,67.8,0.3326,0.646,UP
2010-11-23,133.65,134.44,132.37,133.78,5439644,132.42,131.46,70.85,0.7911,0.5541,UP
2010-11-24,133.92,135.88,133.65,135.45,5521912,133.21,131.94,74.92,1.2483,0.455,UP
2010-11-26,135.77,136.7,134.82,136.14,7554427,134.08,132.51,76.38,0.5094,0.4038,UP
2010-11-29,136.63,138.07,136.35,138.0,6322364,135.22,133.32,79.81,1.3662,0.4023,UP
2010-11-30,138.52,140.09,138.0,139.9,6058507,136.65,134.25,82.59,1.3768,0.4643,UP
2010-12-01,139.82,142.08,138.53,141.13,5134301,138.12,135.27,84.11,0.8792,0.445,UP
2010-12-02,141.05,142.28,139.76,141.2,5146746,139.27,136.24,84.2,0.0496,0.4911,UP
2010-12-03,141.47,143.83,140.84,142.49,5542202,140.54,137.31,85.71,0.9136,0.4627,UP
2010-12-06,142.37,144.75,142.0,143.96,5534967,141.74,138.48,87.22,1.0317,0.4433,UP
2010-12-07,144.65,145.94,144.57,145.59,4973766,142.87,139.76,88.64,1.1323,0.4105,UP
2010-12-08,145.64,147.33,145.17,147.02,4684670,144.05,141.09,89.72,0.9822,0.4078,UP
2010-12-09,147.82,149.17,147.46,148.16,5015506,145.44,142.36,90.5,0.7754,0.3965,UP
2010-12-10,148.72,149.42,147.85,148.96,4670092,146.74,143.64,91.02,0.54,0.3932,UP
2010-12-13,149.56,150.11,148.35,149.22,4300129,147.79,144.76,91.18,0.1745,0.4176,UP
2010-12-14,149.78,150.14,149.06,150.02,4201361,148.68,145.78,91.69,0.5361,0.3669,DOWN
2010-12-15,150.6,150.98,149.58,149.72,4127723,149.22,146.63,89.6,-0.2,0.4566,DOWN
2010-12-16,150.03,150.66,149.36,149.52,5077260,149.49,147.47,88.15,-0.1336,0.4837,UP
2010-12-17,150.02,151.3,149.07,150.54,4324336,149.8,148.27,89.11,0.6822,0.4711,UP
2010-12-20,151.48,151.94,150.23,150.74,3803334,150.11,148.95,89.3,0.1329,0.4549,DOWN
2010-12-21,150.94,152.05,150.11,150.52,3133533,150.21,149.44,87.54,-0.1459,0.4242,DOWN
2010-12-22,151.04,151.37,148.76,149.16,4225079,150.1,149.66,77.41,-0.9035,0.5139,DOWN
2010-12-23,149.67,149.87,147.3,148.72,3659161,149.94,149.71,74.41,-0.295,0.4784,DOWN
2010-12-27,149.18,149.52,147.59,147.95,4143276,149.42,149.61,69.34,-0.5178,0.4722,DOWN
2010-12-28,148.4,149.72,147.69,147.8,3859803,148.83,149.47,68.37,-0.1014,0.4645,DOWN
2010-12-29,147.74,148.34,147.01,147.33,4503176,148.19,149.2,65.27,-0.318,0.4111,UP
2010-12-30,147.56,147.86,146.69,147.45,6150230,147.85,148.97,65.69,0.0814,0.4191,UP
2011-01-03,147.57,150.3,147.12,149.3,5075205,147.97,148.95,71.52,1.2547,0.6116,UP
2011-01-04,148.68,149.99,148.28,149.57,4217814,148.29,148.85,72.26,0.1808,0.5672,DOWN
2011-01-05,149.27,149.91,148.67,149.12,5491345,148.55,148.69,69.04,-0.3009,0.5671,UP
2011-01-06,149.34,151.28,149.31,150.43,5358302,149.17,148.68,72.83,0.8785,0.6462,UP
2011-01-07,150.6,151.16,149.95,150.63,3872430,149.81,148.83,73.37,0.133,0.5638,DOWN
2011-01-10,150.38,151.06,149.24,149.72,4081603,149.89,148.93,66.89,-0.6041,0.5954,UP
2011-01-11,150.58,151.5,149.55,149.84,3883790,149.95,149.12,67.3,0.0801,0.5589,UP
2011-01-12,149.18,150.74,148.67,149.92,2928452,150.11,149.33,67.59,0.0534,0.554,DOWN
2011-01-13,149.66,150.78,148.84,149.77,3542717,149.98,149.57,66.41,-0.1001,0.5378,DOWN
2011-01-14,149.88,150.74,149.09,149.3,4026536,149.71,149.76,62.71,-0.3138,0.5588,DOWN
2011-01-18,149.07,149.79,148.58,149.29,4242465,149.62,149.76,62.63,-0.0067,0.3938,UP
2011-01-19,149.02,150.05,147.36,149.44,4249040,149.54,149.75,63.39,0.1005,0.3905,UP
2011-01-20,149.07,150.06,148.48,149.87,4673874,149.53,149.82,65.53,0.2877,0.3857,DOWN
2011-01-21,149.88,150.19,149.46,149.86,4239287,149.55,149.76,65.44,-0.0067,0.2537,UP
2011-01-24,149.42,150.98,148.69,150.06,3825133,149.7,149.71,66.49,0.1335,0.2537,DOWN
2011-01-25,150.19,150.88,149.14,149.35,4017117,149.72,149.67,59.53,-0.4731,0.2227,DOWN
2011-01-26,149.15,149.53,147.93,148.68,4699934,149.56,149.55,53.8,-0.4486,0.2555,DOWN
2011-01-27,148.88,149.35,148.27,148.59,3647953,149.31,149.42,53.06,-0.0605,0.2515,DOWN
2011-01-28,148.34,148.62,146.55,147.49,2897898,148.83,149.19,44.94,-0.7403,0.3253,DOWN
2011-01-31,147.87,148.88,143.84,145.34,2859933,147.89,148.8,33.99,-1.4577,0.5269,DOWN
2011-02-01,144.69,144.96,141.71,142.27,3092508,146.47,148.1,24.72,-2.1123,0.774,DOWN
2011-02-02,141.56,142.01,139.11,139.38,3514442,144.61,147.09,19.37,-2.0313,0.883,DOWN
2011-02-03,138.31,139.45,136.64,137.24,3448438,142.34,145.83,16.52,-1.5354,0.8459,DOWN
2011-02-04,136.79,136.91,136.29,136.52,4065937,140.15,144.49,15.68,-0.5246,0.8016,DOWN
2011-02-07,136.62,137.29,135.19,136.1,6080843,138.3,143.1,15.2,-0.3076,0.7472,UP
2011-02-08,136.11,139.27,135.56,138.3,5478586,137.51,141.99,27.76,1.6165,1.1069,UP
2011-02-09,138.53,140.28,138.18,140.01,4990144,137.63,141.12,35.73,1.2364,1.2751,UP
2011-02-10,140.25,141.26,139.7,140.74,3264539,138.33,140.34,38.84,0.5214,1.3147,DOWN
2011-02-11,140.69,140.89,140.12,140.41,3820787,139.11,139.63,37.94,-0.2345,1.3156,DOWN
2011-02-14,141.45,141.7,139.22,139.78,4743741,139.85,139.07,36.23,-0.4487,1.2704,DOWN
2011-02-15,139.73,140.67,139.53,139.77,2962153,140.14,138.82,36.21,-0.0072,1.117,DOWN
2011-02-16,140.19,140.71,138.27,138.47,3701575,139.83,138.73,32.68,-0.9301,0.956,DOWN
2011-02-17,138.11,138.41,136.52,136.97,3537339,139.08,138.71,29.16,-1.0833,0.8867,DOWN
2011-02-18,137.64,138.29,135.18,135.44,3092178,138.09,138.6,26.07,-1.117,0.9425,DOWN
2011-02-22,134.77,135.69,133.67,133.97,4385658,136.92,138.39,23.49,-1.0854,0.9944,DOWN
2011-02-23,133.2,134.01,132.76,133.78,2730308,135.73,137.93,23.17,-0.1418,0.7788,DOWN
2011-02-24,133.5,133.77,131.5,132.26,3510046,134.48,137.16,20.75,-1.1362,0.5866,DOWN
2011-02-25,132.17,133.09,130.45,131.22,3555515,133.33,136.21,19.26,-0.7863,0.4461,DOWN
2011-02-28,131.11,132.23,130.21,130.66,3733915,132.38,135.23,18.5,-0.4268,0.4277,UP
2011-03-01,130.59,131.47,130.11,130.83,3633335,131.75,134.34,19.54,0.1301,0.5009,DOWN
2011-03-02,130.36,130.65,129.86,130.01,3438785,131.0,133.36,18.32,-0.6268,0.4468,DOWN
2011-03-03,129.98,130.86,128.77,129.44,4686358,130.43,132.46,17.5,-0.4384,0.4482,UP
2011-03-04,130.05,130.11,129.49,129.83,4070123,130.15,131.74,20.14,0.3013,0.5155,UP
2011-03-07,129.36,130.48,129.17,130.26,4287594,130.07,131.23,23.05,0.3312,0.5362,UP
2011-03-08,130.41,131.82,129.52,130.79,4878195,130.07,130.91,26.61,0.4069,0.5281,UP
2011-03-09,130.85,132.27,130.53,131.62,4386130,130.39,130.69,31.92,0.6346,0.5965,DOWN
2011-03-10,131.36,132.25,130.4,131.29,3327470,130.76,130.6,30.97,-0.2507,0.4923,DOWN
2011-03-11,130.48,131.78,129.3,130.03,2416117,130.8,130.48,27.56,-0.9597,0.5224,DOWN
2011-03-14,129.75,129.98,127.65,128.09,2567811,130.36,130.22,23.31,-1.492,0.6827,DOWN
2011-03-15,127.38,127.54,125.81,126.45,3151188,129.5,129.78,20.44,-1.2803,0.7502,DOWN
2011-03-16,126.59,127.02,124.34,125.21,5307452,128.21,129.3,18.58,-0.9806,0.7733,UP
2011-03-17,126.03,126.52,125.43,125.9,4888405,127.14,128.95,22.79,0.5511,0.8255,UP
2011-03-18,125.99,127.16,125.78,126.11,5303913,126.35,128.57,24.08,0.1668,0.8162,UP
2011-03-21,126.07,127.58,125.37,126.64,4714338,126.06,128.21,27.37,0.4203,0.8241,UP
2011-03-22,126.36,127.55,126.11,127.03,3976958,126.18,127.84,29.79,0.308,0.8155,DOWN
2011-03-23,126.92,127.26,126.28,126.7,4730484,126.48,127.34,28.91,-0.2598,0.7494,UP
2011-03-24,126.63,127.75,126.09,126.71,3650562,126.64,126.89,28.98,0.0079,0.7587,DOWN
2011-03-25,126.73,127.31,125.51,125.88,4117968,126.59,126.47,26.69,-0.655,0.7374,DOWN
2011-03-28,125.91,126.3,124.63,125.26,3653204,126.32,126.19,25.1,-0.4925,0.6194,DOWN
2011-03-29,124.7,125.39,123.88,124.19,3529442,125.75,125.96,22.59,-0.8542,0.5491,DOWN
2011-03-30,124.81,125.83,122.05,123.05,4099921,125.02,125.75,20.27,-0.9179,0.5392,DOWN
2011-03-31,123.21,123.73,122.27,122.65,5211718,124.21,125.42,19.51,-0.3251,0.476,UP
2011-04-01,122.87,123.51,122.47,123.32,5061003,123.69,125.14,24.6,0.5463,0.5263,UP
2011-04-04,123.42,125.18,122.24,124.26,5151703,123.49,124.9,31.17,0.7622,0.581,UP
2011-04-05,124.42,126.15,123.68,125.18,4066924,123.69,124.72,36.96,0.7404,0.6355,UP
2011-04-06,124.55,125.46,124.26,125.21,3593959,124.12,124.57,37.15,0.024,0.6362,DOWN
2011-04-07,125.26,125.6,124.01,124.72,3012616,124.54,124.37,35.32,-0.3913,0.64,DOWN
2011-04-08,124.27,125.04,123.15,123.71,2840875,124.62,124.16,31.84,-0.8098,0.6551,DOWN
2011-04-11,122.93,123.27,121.92,122.37,3312012,124.24,123.87,27.91,-1.0832,0.7114,DOWN
2011-04-12,122.24,122.83,120.9,121.45,3936139,123.49,123.59,25.57,-0.7518,0.7021,DOWN
2011-04-13,121.26,121.51,121.11,121.19,4235709,122.69,123.41,24.94,-0.2141,0.6584,UP
2011-04-14,120.95,122.7,120.73,121.54,4145482,122.05,123.3,27.54,0.2888,0.6688,UP
2011-04-15,121.8,123.07,120.89,121.93,4158909,121.7,123.16,30.44,0.3209,0.6485,UP
2011-04-18,121.51,122.45,120.92,122.19,4531210,121.66,122.95,32.39,0.2132,0.5866,UP
2011-04-19,122.02,123.77,121.52,123.19,4524152,122.01,122.75,39.4,0.8184,0.6004,UP
2011-04-20,123.31,124.12,123.18,123.84,4612847,122.54,122.61,43.5,0.5276,0.6374,UP
2011-04-21,123.63,124.82,122.41,124.33,5982710,123.1,122.57,46.44,0.3957,0.647,UP
2011-04-25,124.57,126.18,123.31,126.09,4993512,123.93,122.81,55.42,1.4156,0.7266,UP
2011-04-26,126.42,127.33,125.81,127.07,4890657,124.9,123.28,59.49,0.7772,0.5886,UP
2011-04-27,127.57,128.45,127.21,127.97,5297722,125.86,123.93,62.85,0.7083,0.439,UP
2011-04-28,128.66,129.25,128.25,128.82,4666204,126.86,124.7,65.74,0.6642,0.3543,UP
2011-04-29,128.56,131.01,128.22,130.08,4333092,128.01,125.55,69.52,0.9781,0.3513,UP
2011-05-02,130.11,131.19,129.93,130.25,3683334,128.84,126.38,70.0,0.1307,0.3772,DOWN
2011-05-03,130.54,130.77,129.99,130.08,3980690,129.44,127.17,68.83,-0.1305,0.4341,DOWN
2011-05-04,130.02,130.12,129.54,129.98,5033877,129.84,127.85,68.11,-0.0769,0.4804,UP
2011-05-05,130.36,131.28,130.02,130.35,4161272,130.15,128.5,69.39,0.2847,0.4872,UP
2011-05-06,130.21,130.87,129.22,130.43,3771313,130.22,129.11,69.67,0.0614,0.5073,DOWN
2011-05-09,130.38,130.62,128.96,129.74,3922337,130.12,129.48,64.16,-0.529,0.4814,DOWN
2011-05-10,129.24,130.15,128.63,129.43,4721622,129.99,129.71,61.8,-0.2389,0.4736,UP
2011-05-11,129.28,131.03,129.08,130.5,4565038,130.09,129.97,66.4,0.8267,0.4893,UP
2011-05-12,130.46,131.06,129.41,130.84,3171770,130.19,130.17,67.73,0.2605,0.4624,DOWN
2011-05-13,131.38,131.87,129.7,130.19,3687603,130.14,130.18,62.62,-0.4968,0.4026,DOWN
2011-05-16,129.61,130.07,128.69,129.01,2941481,129.99,130.06,54.58,-0.9064,0.4916,DOWN
2011-05-17,129.04,129.6,127.08,127.45,3670405,129.6,129.79,46.14,-1.2092,0.6055,DOWN
2011-05-18,126.8,126.93,125.7,126.27,2579804,128.75,129.42,40.98,-0.9259,0.6442,DOWN
2011-05-19,125.93,126.83,124.28,124.6,3119733,127.5,128.85,35.01,-1.3226,0.6849,DOWN
2011-05-20,124.73,124.91,122.59,123.25,3456515,126.12,128.13,31.07,-1.0835,0.686,DOWN
2011-05-23,123.54,123.7,122.15,122.58,3841128,124.83,127.41,29.31,-0.5436,0.6859,DOWN
2011-05-24,122.79,123.41,121.47,121.74,5306760,123.69,126.64,27.22,-0.6853,0.6769,UP
2011-05-25,121.38,123.16,120.75,122.74,4060290,122.98,125.87,33.31,0.8214,0.6756,DOWN
2011-05-26,123.17,123.4,121.84,122.04,4068876,122.47,124.99,31.33,-0.5703,0.6041,DOWN
2011-05-27,121.81,121.95,121.01,121.44,3994077,122.11,124.11,29.71,-0.4916,0.6043,DOWN
2011-05-31,121.83,121.96,119.77,120.48,4231126,121.69,123.26,27.27,-0.7905,0.6008,DOWN
2011-06-01,120.51,120.71,119.91,120.33,4045146,121.41,122.55,26.9,-0.1245,0.5925,UP
2011-06-02,120.37,120.88,119.81,120.34,4850086,120.93,121.95,26.97,0.0083,0.604,UP
2011-06-03,121.08,121.23,120.54,121.07,5802225,120.73,121.6,32.18,0.6066,0.6124,UP
2011-06-06,121.06,122.93,120.54,122.44,6160973,120.93,121.52,40.72,1.1316,0.6876,UP
2011-06-07,122.74,124.69,122.36,124.21,5693337,121.68,121.68,49.56,1.4456,0.8102,UP
2011-06-08,124.52,125.82,124.13,125.52,4281859,122.72,122.06,54.92,1.0547,0.8012,UP
2011-06-09,126.04,127.37,125.67,125.95,4683634,123.84,122.38,56.55,0.3426,0.7812,UP
2011-06-10,125.53,126.99,125.11,126.86,3700319,125.0,122.86,59.86,0.7225,0.7339,DOWN
2011-06-13,126.63,126.98,125.85,126.42,5108370,125.79,123.36,57.58,-0.3468,0.7157,UP
2011-06-14,126.23,128.31,125.7,127.63,4679073,126.48,124.08,61.89,0.9571,0.5945,UP
2011-06-15,127.81,128.03,127.34,127.91,4083730,126.95,124.84,62.83,0.2194,0.558,DOWN
2011-06-16,128.0,128.7,126.9,127.66,3615134,127.3,125.57,61.37,-0.1954,0.5856,DOWN
2011-06-17,128.28,129.22,126.3,126.74,4444097,127.27,126.13,56.21,-0.7207,0.7179,UP
2011-06-20,126.32,127.49,125.47,126.86,2619332,127.36,126.58,56.72,0.0947,0.6844,DOWN
2011-06-21,126.61,127.27,125.6,125.76,3471881,126.99,126.73,50.85,-0.8671,0.6663,DOWN
2011-06-22,125.38,125.98,124.23,125.08,2282069,126.42,126.69,47.58,-0.5407,0.6077,DOWN
2011-06-23,125.02,125.18,123.28,123.59,3376303,125.61,126.45,41.3,-1.1912,0.6902,DOWN
2011-06-24,124.01,124.93,121.87,122.02,3236978,124.66,125.97,35.92,-1.2703,0.6861,DOWN
2011-06-27,121.83,122.62,120.13,120.33,3793283,123.36,125.36,31.21,-1.385,0.7547,DOWN
2011-06-28,120.67,121.33,119.65,119.83,3021571,122.17,124.58,29.96,-0.4155,0.5626,DOWN
2011-06-29,119.48,119.67,119.07,119.24,3533074,121.0,123.71,28.51,-0.4924,0.483,DOWN
2011-06-30,119.14,119.4,118.2,118.97,3967679,120.08,122.84,27.84,-0.2264,0.4795,UP
2011-07-01,118.83,119.74,117.89,119.07,4745446,119.49,122.08,28.51,0.0841,0.5397,UP
2011-07-05,118.99,119.56,118.74,119.16,4139889,119.25,121.31,29.14,0.0756,0.5369,UP
2011-07-06,119.67,119.77,119.53,119.66,4044273,119.22,120.69,32.71,0.4196,0.6197,DOWN
2011-07-07,120.02,120.17,118.9,119.25,4174571,119.22,120.11,31.32,-0.3426,0.6212,DOWN
2011-07-08,118.95,119.65,118.43,118.89,4231066,119.21,119.64,30.11,-0.3019,0.5686,UP
2011-07-11,118.15,119.37,117.86,119.05,4510070,119.2,119.34,31.38,0.1346,0.4944,UP
2011-07-12,119.1,119.99,118.73,119.34,5422565,119.24,119.25,33.73,0.2436,0.3116,UP
2011-07-13,119.08,121.45,118.29,120.22,4852928,119.35,119.28,40.4,0.7374,0.3802,UP
2011-07-14,121.2,121.53,120.23,120.48,3830836,119.6,119.41,42.25,0.2163,0.3347,UP
2011-07-15,120.1,121.31,119.94,120.78,3629861,119.97,119.59,44.4,0.249,0.3158,DOWN
2011-07-18,120.59,121.06,119.98,120.12,3645886,120.19,119.7,40.81,-0.5464,0.3859,DOWN
2011-07-19,119.87,120.55,119.73,120.0,3922106,120.32,119.78,40.17,-0.0999,0.3905,UP
2011-07-20,120.52,120.63,119.63,120.18,4777791,120.31,119.83,41.64,0.15,0.3727,UP
2011-07-21,120.27,121.56,119.53,121.31,4535992,120.48,120.04,49.96,0.9403,0.4396,UP
2011-07-22,121.5,122.47,121.31,122.1,3657412,120.74,120.36,54.8,0.6512,0.4286,DOWN
2011-07-25,121.7,122.36,120.62,122.05,3358205,121.13,120.66,54.44,-0.041,0.4381,DOWN
2011-07-26,122.52,123.31,121.03,121.43,4858176,121.41,120.87,50.06,-0.508,0.4995,UP
2011-07-27,121.73,122.34,120.96,122.15,3793269,121.81,121.06,54.63,0.5929,0.4833,DOWN
2011-07-28,122.58,123.16,121.19,121.42,3869980,121.83,121.15,49.67,-0.5976,0.5382,DOWN
2011-07-29,121.21,121.64,120.86,121.41,4796077,121.69,121.22,49.6,-0.0082,0.5353,UP
2011-08-01,121.37,122.21,120.38,121.54,4487144,121.59,121.36,50.53,0.1071,0.4921,UP
2011-08-02,121.6,122.08,121.51,121.74,5905614,121.65,121.53,51.99,0.1646,0.4862,UP
2011-08-03,121.29,124.44,120.93,123.6,5678899,121.94,121.88,62.96,1.5278,0.654,UP
2011-08-04,123.97,125.41,123.35,125.12,5816731,122.68,122.26,69.16,1.2298,0.6916,UP
2011-08-05,125.32,127.24,125.02,126.67,5281052,123.73,122.71,73.95,1.2388,0.7464,UP
2011-08-08,126.36,127.52,125.98,126.73,4128585,124.77,123.18,74.12,0.0474,0.7415,UP
2011-08-09,126.79,127.01,126.51,126.76,4470837,125.78,123.71,74.21,0.0237,0.688,UP
2011-08-10,126.54,128.44,126.02,127.68,5292765,126.59,124.27,76.85,0.7258,0.6927,UP
2011-08-11,128.34,129.95,128.02,128.96,4958231,127.36,125.02,79.92,1.0025,0.604,UP
2011-08-12,129.19,129.94,128.63,129.82,4665427,127.99,125.86,81.69,0.6669,0.5641,UP
2011-08-15,129.41,130.22,128.95,129.86,4781475,128.62,126.69,81.77,0.0308,0.5731,UP
2011-08-16,130.48,131.67,130.27,130.67,4369298,129.4,127.59,83.35,0.6237,0.5462,UP
2011-08-17,131.15,131.66,130.09,130.99,3210100,130.06,128.33,83.95,0.2449,0.4799,DOWN
2011-08-18,131.12,131.21,129.98,130.49,4466326,130.37,128.86,79.19,-0.3817,0.5084,UP
2011-08-19,129.92,130.88,129.32,130.54,4595011,130.51,129.25,79.31,0.0383,0.4299,DOWN
2011-08-22,130.24,131.1,129.65,130.32,4599479,130.6,129.61,77.1,-0.1685,0.4491,UP
2011-08-23,130.37,130.97,129.57,130.48,5930105,130.56,129.98,77.59,0.1228,0.4438,UP
2011-08-24,130.68,132.25,129.94,131.79,6105824,130.72,130.39,81.15,1.004,0.4813,UP
2011-08-25,131.52,133.43,131.0,132.88,6111205,131.2,130.78,83.5,0.8271,0.4561,UP
2011-08-26,132.99,134.73,132.54,134.17,5962925,131.93,131.22,85.76,0.9708,0.4919,UP
2011-08-29,134.65,135.52,133.94,135.47,4996906,132.96,131.78,87.61,0.9689,0.5171,UP
2011-08-30,135.18,135.98,134.46,135.7,3769254,134.0,132.28,87.9,0.1698,0.5176,DOWN
2011-08-31,136.1,136.72,134.7,135.21,3835836,134.69,132.7,83.3,-0.3611,0.5682,DOWN
2011-09-01,135.35,135.52,134.76,134.95,3680078,135.1,133.15,80.88,-0.1923,0.5449,DOWN
2011-09-02,134.16,134.79,133.08,134.38,4050516,135.14,133.54,75.69,-0.4224,0.5906,DOWN
2011-09-06,134.73,135.11,133.69,134.19,3361415,134.89,133.92,73.98,-0.1414,0.5883,DOWN
2011-09-07,134.08,134.38,132.93,133.17,4343467,134.38,134.19,65.46,-0.7601,0.6766,UP
2011-09-08,132.98,133.69,132.56,133.33,5506474,134.0,134.34,66.12,0.1201,0.6158,UP
2011-09-09,133.4,135.55,132.5,135.07,4735102,134.03,134.56,72.31,1.305,0.6909,DOWN
2011-09-12,135.27,136.01,133.69,134.97,3739254,134.15,134.64,71.5,-0.074,0.6322,DOWN
2011-09-13,135.03,135.88,134.15,134.35,2567100,134.18,134.53,66.53,-0.4594,0.5617,DOWN
2011-09-14,134.33,135.15,132.45,133.15,2741064,134.17,134.28,58.12,-0.8932,0.6076,DOWN
2011-09-15,133.2,134.07,131.69,132.05,3671606,133.92,133.96,51.66,-0.8261,0.6393,DOWN
2011-09-16,131.58,132.06,130.78,131.01,3480866,133.11,133.57,46.42,-0.7876,0.6622,DOWN
2011-09-19,130.45,130.67,128.74,129.79,3202907,132.07,133.11,41.14,-0.9312,0.6921,DOWN
2011-09-20,128.87,128.91,128.26,128.38,3959275,130.88,132.53,36.04,-1.0864,0.7249,DOWN
2011-09-21,128.48,128.61,127.11,127.85,4598088,129.82,132.0,34.32,-0.4128,0.7161,UP
2011-09-22,127.8,128.77,127.25,128.12,5463407,129.03,131.47,35.99,0.2112,0.7241,UP
2011-09-23,127.87,129.66,127.38,129.57,5761411,128.74,130.92,44.23,1.1318,0.6796,UP
2011-09-26,130.4,132.18,130.15,131.51,4777180,129.09,130.58,52.96,1.4973,0.9094,DOWN
2011-09-27,131.31,132.08,130.95,131.5,5156148,129.71,130.29,52.91,-0.0076,0.9094,UP
2011-09-28,131.77,132.02,131.51,131.77,4653011,130.49,130.16,54.07,0.2053,0.8837,DOWN
2011-09-29,131.32,132.47,130.62,131.3,4001582,131.13,130.08,51.69,-0.3567,0.8529,DOWN
2011-09-30,130.94,131.3,130.44,130.74,4271642,131.36,130.05,48.92,-0.4265,0.8255,DOWN
2011-10-03,130.7,130.82,129.21,130.5,4529170,131.16,130.12,47.74,-0.1836,0.7653,DOWN
2011-10-04,130.02,131.78,129.12,130.37,3861968,130.94,130.32,47.08,-0.0996,0.6574,DOWN
2011-10-05,130.23,130.89,129.44,129.55,4879059,130.49,130.49,43.02,-0.629,0.6813,UP
2011-10-06,130.09,131.17,129.87,130.53,3079738,130.34,130.73,48.71,0.7565,0.7094,DOWN
2011-10-07,131.02,131.29,128.98,129.38,3971976,130.07,130.72,43.25,-0.881,0.6976,DOWN
2011-10-10,128.49,129.4,127.84,129.08,4213464,129.78,130.47,41.93,-0.2319,0.4533,DOWN
2011-10-11,128.76,128.97,128.33,128.4,4163760,129.39,130.16,39.03,-0.5268,0.4603,DOWN
2011-10-12,128.39,128.75,127.47,127.72,3075466,129.02,129.76,36.32,-0.5296,0.44,DOWN
2011-10-13,127.97,128.42,125.14,126.36,4725371,128.19,129.26,31.59,-1.0648,0.501,UP
2011-10-14,126.37,126.81,126.12,126.58,4408097,127.63,128.85,33.11,0.1741,0.5302,UP
2011-10-17,126.73,126.82,126.39,126.61,4260093,127.13,128.46,33.32,0.0237,0.5401,UP
2011-10-18,127.05,127.45,125.41,126.72,5113830,126.8,128.09,34.17,0.0869,0.5509,UP
2011-10-19,127.7,128.39,127.11,128.13,5037165,126.88,127.95,43.95,1.1127,0.6875,UP
2011-10-20,128.43,128.48,128.04,128.27,4812537,127.26,127.72,44.83,0.1093,0.6247,UP
2011-10-21,128.4,129.42,127.3,129.17,4367258,127.78,127.7,50.22,0.7016,0.6258,UP
2011-10-24,129.25,129.72,128.96,129.32,4294275,128.32,127.73,51.08,0.1161,0.622,UP
2011-10-25,129.94,130.21,129.67,130.0,3505233,128.98,127.89,54.88,0.5258,0.608,DOWN
2011-10-26,129.67,130.23,129.1,129.55,4384029,129.26,128.07,52.0,-0.3462,0.5885,UP
2011-10-27,128.89,130.69,128.65,130.4,4768901,129.69,128.48,56.63,0.6561,0.4246,UP
2011-10-28,131.11,131.39,129.7,130.95,5172673,130.04,128.91,59.36,0.4218,0.4226,UP
2011-10-31,131.27,132.19,131.15,132.05,4180691,130.59,129.46,64.21,0.84,0.4332,DOWN
2011-11-01,132.35,132.63,131.1,131.73,3819468,130.94,129.96,61.89,-0.2423,0.4723,DOWN
2011-11-02,131.33,131.61,130.44,130.76,4056693,131.18,130.22,55.38,-0.7364,0.5175,DOWN
2011-11-03,129.77,131.38,129.55,130.26,3098276,131.15,130.42,52.32,-0.3824,0.5499,DOWN
2011-11-04,129.51,130.23,128.65,129.4,3645402,130.84,130.44,47.47,-0.6602,0.568,DOWN
2011-11-07,129.23,129.96,128.48,128.78,3962928,130.19,130.39,44.28,-0.4791,0.5875,DOWN
2011-11-08,128.86,129.18,128.06,128.39,2845637,129.52,130.23,42.35,-0.3028,0.5564,DOWN
2011-11-09,128.4,129.31,126.3,126.89,3086914,128.74,129.96,35.88,-1.1683,0.6465,DOWN
2011-11-10,126.84,126.94,125.22,125.53,4175121,127.8,129.47,31.22,-1.0718,0.6211,DOWN
2011-11-11,126.03,126.05,124.37,124.84,3438640,126.89,128.86,29.15,-0.5497,0.5544,DOWN
2011-11-14,124.66,125.29,124.49,124.7,2644590,126.07,128.13,28.74,-0.1121,0.3461,DOWN
2011-11-15,124.38,124.52,123.42,123.65,4983465,125.12,127.32,25.77,-0.842,0.3347,UP
2011-11-16,123.83,125.17,123.17,124.65,5055742,124.67,126.71,32.88,0.8087,0.5607,UP
2011-11-17,124.65,126.15,124.02,125.92,6222497,124.75,126.28,40.66,1.0189,0.7348,UP
2011-11-18,127.1,129.13,126.8,128.22,5624272,125.43,126.16,51.59,1.8266,0.9895,UP
2011-11-21,128.36,129.84,127.38,129.69,6562260,126.43,126.25,57.04,1.1465,1.0496,UP
2011-11-22,129.05,132.25,128.14,132.01,6038366,128.1,126.61,63.94,1.7889,1.1677,UP
2011-11-23,131.98,134.16,131.82,133.66,5441485,129.9,127.29,67.89,1.2499,1.0805,UP
2011-11-25,133.56,135.1,133.18,134.81,5279018,131.68,128.21,70.33,0.8604,0.9244,UP
2011-11-28,134.68,135.76,134.37,135.12,4250591,133.06,129.24,70.97,0.23,0.8339,DOWN
2011-11-29,135.28,135.53,135.02,135.1,5049374,134.14,130.28,70.87,-0.0148,0.8226,UP
2011-11-30,135.1,136.69,134.95,136.2,6201780,134.98,131.54,73.24,0.8142,0.5865,UP
2011-12-01,136.06,138.55,135.22,138.23,6467170,135.89,132.9,76.97,1.4905,0.6046,UP
2011-12-02,137.95,141.4,137.71,140.45,5111092,137.02,134.35,80.21,1.606,0.6302,UP
2011-12-05,140.11,141.83,138.77,141.54,4929820,138.3,135.68,81.59,0.7761,0.5813,UP
2011-12-06,141.63,142.45,141.26,142.24,4494531,139.73,136.94,82.43,0.4946,0.5986,DOWN
2011-12-07,142.08,142.69,141.51,142.18,4723743,140.93,137.95,82.08,-0.0422,0.5865,UP
2011-12-08,141.56,142.93,140.11,142.58,5208772,141.8,138.84,82.61,0.2813,0.574,UP
2011-12-09,141.98,144.42,141.24,143.71,5143313,142.45,139.74,84.03,0.7925,0.5716,UP
2011-12-12,144.59,144.96,143.89,144.76,6550928,143.09,140.7,85.24,0.7306,0.5531,UP
2011-12-13,145.5,148.11,144.93,147.69,5602555,144.18,141.96,87.98,2.024,0.6332,UP
2011-12-14,148.0,149.15,147.81,148.92,5337494,145.53,143.23,88.91,0.8328,0.6329,UP
2011-12-15,149.21,150.21,149.06,149.6,4479477,146.94,144.37,89.4,0.4566,0.6095,UP
2011-12-16,149.32,150.41,148.94,149.87,4846237,148.17,145.31,89.59,0.1805,0.5638,UP
2011-12-19,149.9,151.11,149.39,150.73,3839071,149.36,146.23,90.21,0.5738,0.5625,UP
2011-12-20,150.25,151.61,149.53,151.03,4987447,150.03,147.11,90.43,0.199,0.5781,UP
2011-12-21,151.43,152.94,150.78,152.29,6642316,150.7,148.12,91.29,0.8343,0.5342,UP
2011-12-22,152.72,156.17,152.59,154.95,6666310,151.77,149.35,92.77,1.7467,0.6057,UP
2011-12-23,154.71,158.82,154.6,158.34,5956581,153.47,150.82,94.14,2.1878,0.7401,UP
2011-12-27,158.61,161.66,157.92,160.51,5714829,155.42,152.39,94.82,1.3705,0.7441,UP
2011-12-28,160.9,162.54,160.59,162.5,5070288,157.72,153.87,95.35,1.2398,0.6662,UP
2011-12-29,162.51,163.52,162.22,163.44,3313481,159.95,155.33,95.58,0.5785,0.6765,DOWN
2011-12-30,163.56,164.57,161.28,162.29,2266252,161.42,156.59,89.73,-0.7036,0.8462,DOWN
2012-01-03,161.92,162.58,158.35,159.71,4387783,161.69,157.58,78.17,-1.5897,1.1319,DOWN
2012-01-04,160.58,160.95,159.14,159.55,3460767,161.5,158.46,77.51,-0.1002,1.1563,UP
2012-01-05,159.83,160.81,159.58,160.56,3843055,161.11,159.41,78.74,0.633,1.1487,UP
2012-01-06,160.26,161.35,159.98,160.7,3881386,160.56,160.26,78.91,0.0872,1.1575,DOWN
2012-01-09,160.97,161.49,158.62,159.24,4460268,159.95,160.68,72.32,-0.9085,1.1557,DOWN
2012-01-10,159.42,159.98,158.03,158.42,3961233,159.69,160.69,68.84,-0.5149,0.9592,DOWN
2012-01-11,158.1,158.69,157.39,158.21,4659515,159.43,160.46,67.94,-0.1326,0.8314,UP
2012-01-12,157.18,159.79,156.84,158.56,5657129,159.03,160.07,68.68,0.2212,0.6946,UP
2012-01-13,159.06,160.89,157.98,160.27,4689756,158.94,159.75,72.05,1.0785,0.7738,UP
2012-01-17,160.08,160.69,159.69,160.65,3307323,159.22,159.59,72.76,0.2371,0.7619,DOWN
2012-01-18,160.66,161.16,158.35,159.4,3736901,159.42,159.56,66.81,-0.7781,0.6144,DOWN
2012-01-19,159.46,160.25,158.9,158.98,4469550,159.57,159.5,64.89,-0.2635,0.619,UP
2012-01-20,159.77,160.15,158.69,159.02,3773748,159.66,159.34,64.99,0.0252,0.5744,DOWN
2012-01-23,157.28,158.15,157.07,157.75,5300784,159.16,159.05,59.06,-0.7986,0.6104,UP
2012-01-24,158.11,158.89,156.43,158.69,6024088,158.77,159.0,61.83,0.5959,0.5971,UP
2012-01-25,159.19,161.34,158.17,160.32,4238205,158.95,159.18,66.12,1.0272,0.6551,DOWN
2012-01-26,160.78,161.6,159.41,159.74,4534089,159.1,159.34,63.39,-0.3618,0.6688,UP
2012-01-27,159.93,161.16,159.26,159.76,5460272,159.25,159.46,63.45,0.0125,0.6678,UP
2012-01-30,159.76,161.86,159.29,160.98,5732505,159.9,159.53,66.79,0.7636,0.6212,UP
2012-01-31,161.68,162.67,161.09,162.4,6490469,160.64,159.7,70.21,0.8821,0.6744,UP
2012-02-01,163.4,164.41,161.67,164.31,6508928,161.44,160.2,74.07,1.1761,0.6715,UP
2012-02-02,164.69,167.51,163.83,167.19,7451886,162.93,161.02,78.58,1.7528,0.7761,UP
2012-02-03,168.54,170.64,167.37,170.08,7024127,164.99,162.12,81.97,1.7286,0.8426,UP
2012-02-06,171.05,172.21,170.17,171.95,6943211,167.19,163.54,83.76,1.0995,0.6689,UP
2012-02-07,173.26,175.38,172.6,174.84,6557516,169.67,165.16,86.06,1.6807,0.7068,UP
2012-02-08,175.29,177.75,175.09,176.93,5837953,172.2,166.82,87.45,1.1954,0.7102,UP
2012-02-09,177.24,179.94,176.32,178.8,5163071,174.52,168.72,88.54,1.0569,0.5277,UP
2012-02-10,178.95,180.62,178.14,180.16,5488159,176.54,170.76,89.28,0.7606,0.3845,UP
2012-02-13,180.93,182.49,180.56,181.36,3728736,178.42,172.8,89.89,0.6661,0.3981,UP
2012-02-14,181.92,182.39,181.16,181.7,4414137,179.79,174.73,90.07,0.1875,0.5058,DOWN
2012-02-15,181.12,182.67,179.51,180.81,3386658,180.57,176.38,85.9,-0.4898,0.7186,DOWN
2012-02-16,181.13,181.25,180.04,180.55,3903819,180.92,177.72,84.67,-0.1438,0.7373,DOWN
2012-02-17,180.08,180.6,178.6,180.06,4267459,180.9,178.72,82.27,-0.2714,0.7207,UP
2012-02-21,180.63,181.57,178.84,180.39,4125129,180.7,179.56,82.63,0.1833,0.7045,UP
2012-02-22,180.71,181.1,180.09,180.49,4245276,180.46,180.12,82.74,0.0554,0.5725,UP
2012-02-23,179.8,181.87,178.89,180.99,5013656,180.5,180.53,83.32,0.277,0.4832,UP
2012-02-24,181.54,182.75,180.03,181.84,3456563,180.75,180.84,84.3,0.4696,0.3998,DOWN
2012-02-27,181.98,182.01,180.15,180.27,3865944,180.8,180.85,75.51,-0.8634,0.4585,DOWN
2012-02-28,180.43,180.59,178.2,178.52,4572001,180.42,180.56,67.12,-0.9708,0.4883,DOWN
2012-02-29,178.69,179.14,177.59,177.66,4660733,179.86,180.16,63.39,-0.4817,0.4817,DOWN
2012-03-01,178.99,179.24,176.73,177.29,4093308,179.12,179.81,61.8,-0.2083,0.4726,DOWN
2012-03-02,176.71,177.01,175.72,176.21,4663301,177.99,179.37,57.28,-0.6092,0.4895,UP
2012-03-05,177.26,178.05,175.59,176.69,3908748,177.27,179.04,58.72,0.2724,0.5154,DOWN
2012-03-06,175.88,177.3,174.41,176.27,3590561,176.82,178.62,56.91,-0.2377,0.4987,DOWN
2012-03-07,175.68,177.29,175.34,175.59,3398037,176.41,178.13,54.0,-0.3858,0.4901,DOWN
2012-03-08,174.59,175.19,173.33,174.0,4436438,175.75,177.43,47.84,-0.9055,0.4851,UP
2012-03-09,173.61,174.52,173.46,174.07,4098993,175.32,176.66,48.13,0.0402,0.4141,DOWN
2012-03-12,174.24,174.49,173.15,173.92,4189811,174.77,176.02,47.54,-0.0862,0.3974,DOWN
2012-03-13,173.89,174.43,172.63,173.77,3452885,174.27,175.55,46.92,-0.0862,0.3399,DOWN
2012-03-14,174.21,174.68,172.15,172.55,3519999,173.66,175.04,42.11,-0.7021,0.3617,UP
2012-03-15,171.58,173.02,171.29,172.76,3513975,173.41,174.58,43.19,0.1217,0.3844,DOWN
2012-03-16,172.96,173.35,172.1,172.25,3730693,173.05,174.19,41.18,-0.2952,0.3649,DOWN
2012-03-19,173.28,173.71,170.54,170.91,3426615,172.45,173.61,36.4,-0.7779,0.3564,DOWN
2012-03-20,171.17,171.53,169.27,169.46,3050775,171.59,172.93,32.06,-0.8484,0.3893,DOWN
2012-03-21,168.84,169.93,167.27,168.01,2829498,170.68,172.17,28.41,-0.8557,0.4159,DOWN
2012-03-22,167.4,168.3,165.29,166.53,3115899,169.43,171.42,25.25,-0.8809,0.4129,DOWN
2012-03-23,166.83,167.15,164.81,164.9,4768352,167.96,170.51,22.31,-0.9788,0.4077,UP
2012-03-26,164.99,165.3,164.54,165.07,3904062,166.79,169.62,23.31,0.1031,0.4346,UP
2012-03-27,164.72,165.59,164.48,165.09,4656688,165.92,168.75,23.44,0.0121,0.4464,DOWN
2012-03-28,165.04,165.22,164.84,164.99,4161256,165.32,168.0,23.23,-0.0606,0.4616,DOWN
2012-03-29,164.93,165.47,163.07,164.06,4621010,164.82,167.13,21.37,-0.5637,0.4167,DOWN
2012-03-30,165.02,165.4,162.76,163.25,4395553,164.49,166.23,19.87,-0.4937,0.4097,DOWN
2012-04-02,163.68,164.06,161.76,162.3,4661926,163.94,165.37,18.25,-0.5819,0.4014,UP
2012-04-03,162.25,163.57,161.05,162.86,3154992,163.49,164.71,22.27,0.345,0.4637,DOWN
2012-04-04,162.45,163.07,161.18,161.76,2819788,162.85,164.08,20.17,-0.6754,0.4471,DOWN
2012-04-05,161.58,162.11,159.01,159.49,4309829,161.93,163.38,16.68,-1.4033,0.5344,DOWN
2012-04-09,158.94,159.35,158.5,158.91,4755743,161.06,162.78,15.93,-0.3637,0.4984,DOWN
2012-04-10,159.06,159.26,158.64,158.8,4339318,160.36,162.15,15.78,-0.0692,0.483,DOWN
2012-04-11,158.59,159.48,157.61,158.41,5117255,159.47,161.48,15.25,-0.2456,0.466,UP
2012-04-12,159.04,159.74,157.71,159.44,5595813,159.01,160.93,22.7,0.6502,0.5684,UP
2012-04-13,160.21,161.36,158.44,161.17,5423771,159.35,160.64,33.31,1.085,0.7162,UP
2012-04-16,161.3,163.27,160.51,162.85,5458264,160.13,160.6,41.68,1.0424,0.8002,UP
2012-04-17,163.56,165.34,162.58,164.25,5308142,161.22,160.79,47.58,0.8597,0.8177,UP
2012-04-18,164.31,165.81,163.66,165.31,4065393,162.6,161.04,51.58,0.6454,0.8322,DOWN
2012-04-19,164.74,166.36,163.72,164.72,4869374,163.66,161.33,49.32,-0.3569,0.8025,UP
2012-04-20,164.22,167.51,162.93,165.67,4327737,164.56,161.95,52.89,0.5767,0.5809,UP
2012-04-23,164.47,168.26,164.3,166.07,5027800,165.2,162.67,54.35,0.2414,0.5232,UP
2012-04-24,166.43,167.76,166.14,167.16,3665275,165.79,163.5,58.15,0.6563,0.4938,DOWN
2012-04-25,167.7,167.85,166.03,166.44,4002851,166.01,164.31,54.9,-0.4307,0.5278,DOWN
2012-04-26,166.17,166.64,165.43,166.08,4449127,166.28,164.97,53.3,-0.2163,0.5693,UP
2012-04-27,166.49,167.27,166.04,166.81,4465370,166.51,165.54,56.1,0.4395,0.5187,DOWN
2012-04-30,166.67,167.13,165.58,166.6,4022673,166.62,165.91,55.08,-0.1259,0.474,DOWN
2012-05-01,166.09,166.98,165.57,165.84,4472928,166.35,166.07,51.42,-0.4562,0.4619,DOWN
2012-05-02,165.06,165.48,164.75,164.86,4419924,166.04,166.02,47.08,-0.5909,0.4644,UP
2012-05-03,165.19,166.54,164.05,165.5,4810845,165.92,166.1,50.04,0.3882,0.4652,UP
2012-05-04,165.72,167.36,165.28,166.97,4787397,165.95,166.23,56.13,0.8882,0.5125,UP
2012-05-07,166.62,169.25,166.22,167.94,4903182,166.22,166.42,59.62,0.5809,0.5352,UP
2012-05-08,167.05,169.26,165.95,169.09,5269528,166.87,166.61,63.35,0.6848,0.5385,UP
2012-05-09,169.26,170.68,168.93,169.88,6218033,167.88,166.96,65.69,0.4672,0.5113,UP
2012-05-10,170.13,172.48,169.67,172.2,5430268,169.22,167.57,71.46,1.3657,0.6027,UP
2012-05-11,172.06,173.13,171.95,172.8,4012513,170.38,168.17,72.74,0.3484,0.6022,DOWN
2012-05-14,172.76,173.22,171.67,172.34,3847178,171.26,168.74,70.15,-0.2662,0.6161,DOWN
2012-05-15,172.79,173.6,170.89,171.07,4237683,171.66,169.26,63.43,-0.7369,0.6612,DOWN
2012-05-16,171.04,172.31,170.34,170.71,3368744,171.82,169.85,61.63,-0.2104,0.6126,DOWN
2012-05-17,171.04,172.34,169.05,169.59,4134745,171.3,170.26,56.27,-0.6561,0.6897,DOWN
2012-05-18,170.29,171.46,168.58,169.47,4228481,170.64,170.51,55.71,-0.0708,0.6564,UP
2012-05-21,170.75,171.29,168.76,169.86,3047644,170.14,170.7,57.2,0.2301,0.64,DOWN
2012-05-22,169.98,170.7,167.61,168.06,4343529,169.54,170.6,49.02,-1.0597,0.7024,DOWN
2012-05-23,167.68,168.28,166.84,167.23,4550982,168.84,170.33,45.77,-0.4939,0.688,DOWN
2012-05-24,167.12,167.65,165.77,166.58,4956935,168.24,169.77,43.34,-0.3887,0.4339,UP
2012-05-25,166.55,167.58,166.09,167.2,6267320,167.79,169.21,46.27,0.3722,0.4381,UP
2012-05-29,167.72,171.05,166.5,170.33,6734462,167.88,169.01,58.04,1.872,0.8237,UP
2012-05-30,169.66,173.22,169.34,172.9,6927252,168.85,169.19,64.85,1.5088,0.9338,UP
2012-05-31,173.16,177.66,172.74,176.58,6565648,170.72,169.78,71.88,2.1284,1.1191,UP
2012-06-01,177.97,179.09,177.4,178.74,6197425,173.15,170.7,75.04,1.2232,1.0898,UP
2012-06-04,179.53,181.29,179.3,181.16,5860092,175.94,171.86,78.02,1.3539,1.0954,UP
2012-06-05,181.22,182.93,180.77,182.25,5287518,178.33,173.1,79.22,0.6017,1.0849,UP
2012-06-06,181.36,183.37,180.48,182.87,5074895,180.32,174.58,79.9,0.3402,0.9065,UP
2012-06-07,183.93,184.89,183.58,184.04,5345479,181.81,176.26,81.14,0.6398,0.7819,UP
2012-06-08,183.16,185.92,182.21,185.22,5442605,183.11,178.13,82.33,0.6412,0.6384,UP
2012-06-11,185.77,187.25,185.46,186.98,4267471,184.27,180.11,83.95,0.9502,0.5929,DOWN
2012-06-12,187.11,187.17,185.82,186.21,4296633,185.06,181.7,80.47,-0.4118,0.7032,DOWN
2012-06-13,186.66,186.89,184.66,185.64,5549125,185.62,182.97,77.89,-0.3061,0.7598,UP
2012-06-14,186.52,187.16,186.16,186.3,4021269,186.07,183.94,78.74,0.3555,0.579,DOWN
2012-06-15,186.07,186.22,184.62,184.93,4213677,186.01,184.56,72.52,-0.7354,0.6488,DOWN
2012-06-18,185.61,185.93,184.0,184.67,3665481,185.55,184.91,71.37,-0.1406,0.5555,DOWN
2012-06-19,184.09,184.6,182.47,183.41,3000233,184.99,185.03,65.91,-0.6823,0.5975,DOWN
2012-06-20,184.27,185.01,180.41,181.8,3855033,184.22,184.92,59.62,-0.8778,0.6564,DOWN
2012-06-21,181.46,181.95,180.48,181.65,3321613,183.29,184.68,59.06,-0.0825,0.6093,DOWN
2012-06-22,181.53,181.74,179.24,180.64,3095884,182.43,184.22,55.26,-0.556,0.5564,DOWN
2012-06-25,180.5,180.79,178.55,179.18,3818129,181.34,183.44,50.24,-0.8082,0.3878,UP
2012-06-26,179.1,179.9,178.36,179.66,3364826,180.59,182.79,51.79,0.2679,0.4455,DOWN
2012-06-27,179.37,180.35,177.8,178.28,3819869,179.88,182.05,47.23,-0.7681,0.4633,DOWN
2012-06-28,178.16,178.62,175.86,177.27,3543832,179.01,181.15,44.16,-0.5665,0.3799,DOWN
2012-06-29,177.22,178.73,175.49,176.08,3055621,178.09,180.26,40.8,-0.6713,0.3759,DOWN
2012-07-02,175.97,176.18,174.02,174.36,2643415,177.13,179.23,36.48,-0.9768,0.3828,DOWN
2012-07-03,173.64,174.32,170.99,171.36,3772121,175.47,178.03,30.42,-1.7206,0.5289,DOWN
2012-07-05,170.12,170.57,169.43,170.13,4269772,173.84,176.86,28.35,-0.7178,0.5246,DOWN
2012-07-06,170.01,170.5,168.89,169.2,3760355,172.23,175.62,26.85,-0.5466,0.487,DOWN
2012-07-09,168.88,169.89,167.96,168.08,3132617,170.63,174.36,25.14,-0.6619,0.4845,DOWN
2012-07-10,167.05,167.83,166.06,166.51,2401133,169.06,173.09,22.93,-0.9341,0.4887,DOWN
2012-07-11,166.06,166.78,162.95,164.1,2922096,167.6,171.54,20.01,-1.4474,0.391,DOWN
2012-07-12,162.92,163.24,160.97,162.21,4190746,166.02,169.93,18.07,-1.1517,0.3953,DOWN
2012-07-13,162.28,163.0,160.76,161.0,4121760,164.38,168.3,16.94,-0.7459,0.3803,DOWN
2012-07-16,161.03,161.31,158.7,159.67,4307594,162.7,166.66,15.77,-0.8261,0.3703,DOWN
2012-07-17,159.99,160.57,157.21,157.94,3250024,160.98,165.02,14.38,-1.0835,0.372,DOWN
2012-07-18,157.89,159.04,155.84,156.24,3383209,159.41,163.51,13.16,-1.0764,0.2727,DOWN
2012-07-19,156.13,157.26,153.23,154.27,3189452,157.82,161.92,11.89,-1.2609,0.2821,DOWN
2012-07-20,154.67,155.04,150.98,151.9,4556409,156.0,160.19,10.57,-1.5363,0.2892,DOWN
2012-07-23,151.45,152.2,151.2,151.53,4564240,154.38,158.54,10.38,-0.2436,0.3732,DOWN
2012-07-24,151.1,151.78,150.1,151.04,4893976,153.0,156.99,10.11,-0.3234,0.4355,UP
2012-07-25,150.61,151.6,149.51,151.42,5783418,152.03,155.72,11.98,0.2516,0.5458,UP
2012-07-26,151.49,154.69,151.17,153.4,5436085,151.86,154.84,21.18,1.3076,0.8428,UP
2012-07-27,153.89,154.66,153.66,154.35,4529367,152.35,154.18,25.22,0.6193,0.9156,UP
2012-07-30,154.89,155.12,154.17,154.38,4736821,152.92,153.65,25.35,0.0194,0.9127,UP
2012-07-31,154.25,156.03,153.73,155.14,4024833,153.74,153.37,28.73,0.4923,0.9047,DOWN
2012-08-01,155.47,155.94,154.78,155.01,3636358,154.46,153.24,28.49,-0.0838,0.8474,DOWN
2012-08-02,154.69,155.37,154.44,154.93,3921342,154.76,153.31,28.34,-0.0516,0.7388,UP
2012-08-03,155.81,156.76,154.54,155.48,4858286,154.99,153.67,31.12,0.355,0.4888,UP
2012-08-06,156.03,157.07,155.91,156.6,4675631,155.43,154.18,36.52,0.7203,0.479,UP
2012-08-07,156.09,157.13,155.72,156.62,4185194,155.73,154.73,36.62,0.0128,0.4381,DOWN
2012-08-08,156.52,156.95,155.44,156.59,2427371,156.04,155.25,36.53,-0.0192,0.4539,DOWN
2012-08-09,156.55,156.85,154.13,154.71,3619255,156.0,155.38,31.39,-1.2006,0.5424,DOWN
2012-08-10,153.88,154.71,153.57,154.49,4130182,155.8,155.4,30.84,-0.1422,0.5119,UP
2012-08-13,154.96,155.2,154.19,155.17,5700204,155.52,155.47,34.63,0.4402,0.5297,UP
2012-08-14,155.62,157.17,154.43,156.74,6741309,155.54,155.63,42.48,1.0118,0.5987,UP
2012-08-15,157.47,159.94,157.01,159.4,6435142,156.1,156.07,52.81,1.6971,0.7753,UP
2012-08-16,160.5,162.71,159.94,161.96,6900874,157.55,156.78,60.21,1.606,0.8677,UP
2012-08-17,162.52,165.88,162.32,165.29,6252554,159.71,157.76,67.38,2.0561,1.0035,UP
2012-08-20,166.44,167.61,165.21,167.17,5322190,162.11,158.81,70.61,1.1374,1.0168,UP
2012-08-21,167.4,168.17,166.9,167.43,3917384,164.25,159.9,71.03,0.1555,1.0077,DOWN
2012-08-22,166.82,167.42,166.28,166.98,3825228,165.77,160.93,69.16,-0.2688,1.0296,UP
2012-08-23,167.45,168.34,166.9,167.5,3693577,166.87,162.21,70.14,0.3114,0.8168,DOWN
2012-08-24,166.69,167.57,165.98,167.18,3382723,167.25,163.48,68.7,-0.191,0.8232,DOWN
2012-08-27,166.38,167.06,165.36,166.44,2898516,167.11,164.61,65.35,-0.4426,0.9085,DOWN
2012-08-28,165.7,166.46,164.38,164.65,4094442,166.55,165.4,57.99,-1.0755,1.0582,DOWN
2012-08-29,164.27,164.38,162.77,163.26,3417512,165.81,165.79,52.99,-0.8442,1.0434,DOWN
2012-08-30,163.74,164.84,161.67,162.07,3225137,164.72,165.8,49.1,-0.7289,0.963,DOWN
2012-08-31,161.4,162.15,159.8,160.48,3756708,163.38,165.32,44.4,-0.9811,0.6852,DOWN
2012-09-04,160.22,160.68,159.53,160.19,3884360,162.13,164.62,43.58,-0.1807,0.4736,DOWN
2012-09-05,159.5,159.99,159.12,159.96,3413398,161.19,163.87,42.9,-0.1436,0.4413,DOWN
2012-09-06,159.75,161.14,158.88,159.5,4207566,160.44,163.12,41.51,-0.2876,0.4404,UP
2012-09-07,160.07,160.34,158.71,159.98,3923951,160.02,162.37,43.56,0.3009,0.4384,UP
2012-09-10,160.34,160.94,159.46,160.19,4155215,159.96,161.67,44.48,0.1313,0.4708,UP
2012-09-11,159.71,161.38,159.44,161.29,3733454,160.18,161.16,49.14,0.6867,0.5872,DOWN
2012-09-12,161.7,161.76,160.43,161.28,3245860,160.45,160.82,49.1,-0.0062,0.5271,DOWN
2012-09-13,160.55,161.6,159.88,160.28,2614731,160.6,160.52,45.11,-0.62,0.501,DOWN
2012-09-14,159.26,159.47,157.79,158.48,3718265,160.3,160.16,38.97,-1.123,0.5607,DOWN
2012-09-17,159.38,160.16,157.1,158.03,3207739,159.87,159.92,37.6,-0.2839,0.4954,DOWN
2012-09-18,158.28,159.67,156.59,157.02,3118656,159.02,159.6,34.64,-0.6391,0.5189,DOWN
2012-09-19,157.25,158.51,155.61,155.83,3123634,157.93,159.19,31.49,-0.7579,0.5473,DOWN
2012-09-20,154.9,155.74,154.62,154.99,3668106,156.87,158.74,29.46,-0.539,0.5544,DOWN
2012-09-21,154.52,154.73,154.24,154.52,3816338,156.08,158.19,28.35,-0.3032,0.515,DOWN
2012-09-24,154.05,154.32,152.4,153.64,5472525,155.2,157.54,26.36,-0.5695,0.49,UP
2012-09-25,153.71,155.65,152.99,155.49,4250801,154.89,156.96,36.46,1.2041,0.6274,DOWN
2012-09-26,155.36,155.82,154.91,155.34,3858247,154.8,156.36,36.03,-0.0965,0.6223,DOWN
2012-09-27,156.13,156.52,154.91,155.21,3878314,154.84,155.85,35.64,-0.0837,0.6217,DOWN
2012-09-28,155.61,156.92,154.45,155.15,4139931,154.97,155.52,35.45,-0.0387,0.5572,UP
2012-10-01,155.41,155.75,154.31,155.48,3572714,155.33,155.27,37.45,0.2127,0.5718,DOWN
2012-10-02,156.39,156.55,154.34,154.97,2707728,155.23,155.06,35.61,-0.328,0.551,DOWN
2012-10-03,154.94,155.08,152.26,152.57,4518153,154.68,154.74,28.52,-1.5487,0.6903,DOWN
2012-10-04,152.55,152.93,152.24,152.49,3827664,154.13,154.49,28.32,-0.0524,0.6816,DOWN
2012-10-05,151.93,153.44,151.36,151.53,3327109,153.41,154.19,25.94,-0.6295,0.6968,DOWN
2012-10-08,150.66,150.88,148.95,149.67,3606619,152.25,153.79,22.07,-1.2275,0.7641,DOWN
2012-10-09,150.04,150.75,148.5,148.77,2040761,151.01,153.12,20.48,-0.6013,0.5682,DOWN
2012-10-10,148.75,149.59,146.6,146.85,2481088,149.86,152.27,17.57,-1.2906,0.612,DOWN
2012-10-11,146.46,146.92,144.41,144.68,2603583,148.3,151.22,14.98,-1.4777,0.6494,DOWN
2012-10-12,143.98,144.14,141.14,142.23,3367936,146.44,149.92,12.7,-1.6934,0.673,DOWN
2012-10-15,141.84,142.79,140.41,140.7,3318743,144.65,148.45,11.52,-1.0757,0.5575,DOWN
2012-10-16,140.29,140.43,138.27,139.64,2897107,142.82,146.91,10.77,-0.7534,0.5158,DOWN
2012-10-17,138.46,138.84,137.99,138.13,2698271,141.08,145.47,9.8,-1.0814,0.4843,DOWN
2012-10-18,138.42,138.63,136.01,136.34,2561804,139.41,143.85,8.79,-1.2959,0.3614,DOWN
2012-10-19,136.66,136.81,133.12,134.01,3494568,137.76,142.1,7.68,-1.709,0.3622,DOWN
2012-10-22,133.6,133.81,133.25,133.32,2712535,136.29,140.47,7.38,-0.5149,0.4253,DOWN
2012-10-23,132.85,133.46,131.77,131.94,3899912,134.75,138.78,6.81,-1.0351,0.3833,DOWN
2012-10-24,131.7,132.25,131.14,131.48,3476642,133.42,137.25,6.62,-0.3486,0.4638,DOWN
2012-10-25,131.34,131.52,129.83,130.57,3119051,132.26,135.84,6.27,-0.6921,0.459,DOWN
2012-10-26,130.74,130.96,129.62,129.75,2857982,131.41,134.59,5.95,-0.628,0.4059,DOWN
2012-10-29,129.82,130.49,127.44,128.26,2805295,130.4,133.34,5.42,-1.1484,0.4097,DOWN
2012-10-30,127.27,127.5,126.0,126.77,3727981,129.37,132.06,4.95,-1.1617,0.4115,DOWN
2012-10-31,127.22,128.09,125.88,126.05,2645948,128.28,130.85,4.73,-0.568,0.4267,DOWN
2012-11-01,125.59,125.95,124.72,124.98,4595264,127.16,129.71,4.42,-0.8489,0.4046,UP
2012-11-02,124.74,125.31,124.28,125.02,5199364,126.22,128.81,4.67,0.032,0.3748,UP
2012-11-05,125.22,126.34,124.95,126.18,4788686,125.8,128.1,11.88,0.9279,0.6366,UP
2012-11-06,126.95,127.56,125.83,126.31,4785457,125.71,127.54,12.68,0.103,0.6413,UP
2012-11-07,126.69,127.27,126.38,126.72,5242493,125.84,127.06,15.28,0.3246,0.6851,UP
2012-11-08,127.16,127.98,126.45,127.77,5631094,126.4,126.78,21.72,0.8286,0.7683,UP
2012-11-09,128.23,129.5,127.94,129.29,4902552,127.25,126.73,30.01,1.1896,0.868,UP
2012-11-12,129.43,130.89,128.86,130.05,3151181,128.03,126.91,33.78,0.5878,0.7901,DOWN
2012-11-13,129.78,130.25,128.49,128.85,4669202,128.54,127.12,30.94,-0.9227,0.7488,UP
2012-11-14,128.24,130.42,127.96,129.25,4313572,129.04,127.44,32.97,0.3104,0.7034,DOWN
2012-11-15,129.41,130.56,128.3,129.23,3262627,129.33,127.87,32.91,-0.0155,0.6,DOWN
2012-11-16,128.84,129.61,127.86,128.57,4569994,129.19,128.22,31.17,-0.5107,0.6529,DOWN
2012-11-19,128.33,129.44,127.67,128.52,3642773,128.88,128.46,31.04,-0.0389,0.6172,DOWN
2012-11-20,129.05,130.32,127.12,127.55,4140610,128.62,128.58,28.48,-0.7547,0.6858,UP
2012-11-21,127.1,128.28,126.53,127.95,4742840,128.36,128.7,31.0,0.3136,0.6854,UP
2012-11-23,128.46,128.91,128.23,128.74,5310670,128.27,128.8,35.83,0.6174,0.6633,UP
2012-11-26,128.78,130.85,127.68,130.18,5716549,128.59,128.89,43.57,1.1185,0.6503,UP
2012-11-27,130.32,132.37,130.26,131.99,4988260,129.28,129.08,51.49,1.3904,0.7613,UP
2012-11-28,132.07,132.35,130.9,132.12,4226053,130.2,129.41,52.02,0.0985,0.6635,UP
2012-11-29,132.12,133.0,131.59,132.16,5737076,131.04,129.7,52.19,0.0303,0.6667,UP
2012-11-30,132.84,134.66,132.43,133.68,6129150,132.03,130.15,58.25,1.1501,0.7198,UP
2012-12-03,133.46,135.64,132.89,135.06,6351802,133.0,130.8,62.85,1.0323,0.6812,UP
2012-12-04,136.27,137.98,135.73,137.12,5471503,134.03,131.66,68.44,1.5252,0.7231,UP
2012-12-05,138.14,138.36,137.71,138.09,4813852,135.22,132.71,70.68,0.7074,0.5287,UP
2012-12-06,138.61,139.83,137.97,138.82,3357718,136.55,133.8,72.28,0.5286,0.5108,DOWN
2012-12-07,138.89,139.6,136.7,137.63,3754734,137.34,134.68,65.98,-0.8572,0.7381,DOWN
2012-12-10,137.41,138.64,136.16,136.34,4207130,137.6,135.3,59.89,-0.9373,0.8738,DOWN
2012-12-11,136.35,136.76,134.47,134.83,4085724,137.14,135.58,53.64,-1.1075,0.9353,DOWN
2012-12-12,134.88,135.08,132.51,133.74,4097858,136.27,135.75,49.62,-0.8084,0.9905,DOWN
2012-12-13,133.9,134.23,133.21,133.46,3901164,135.2,135.88,48.61,-0.2094,0.9959,DOWN
2012-12-14,133.7,134.14,131.7,132.5,4256445,134.17,135.76,45.22,-0.7193,0.9519,DOWN
2012-12-17,132.15,133.11,131.55,131.92,5032843,133.29,135.44,43.26,-0.4377,0.8703,UP
2012-12-18,132.58,134.15,132.13,132.89,5158160,132.9,135.02,47.37,0.7353,0.7151,UP
2012-12-19,132.69,133.55,132.18,133.4,4581901,132.83,134.55,49.45,0.3838,0.6698,UP
2012-12-20,132.96,134.48,132.59,134.04,4116399,132.95,134.07,52.01,0.4798,0.6629,UP
2012-12-21,134.57,135.68,133.49,134.05,2894790,133.26,133.72,52.05,0.0075,0.6452,DOWN
2012-12-24,133.83,134.07,132.51,133.08,4955282,133.49,133.39,47.8,-0.7236,0.6235,UP
2012-12-26,133.33,134.03,132.51,133.33,5593529,133.58,133.24,48.96,0.1879,0.5539,UP
2012-12-27,133.81,134.89,133.49,134.37,6240411,133.77,133.3,53.57,0.78,0.5593,UP
2012-12-28,134.81,136.92,133.48,136.18,5838469,134.2,133.58,60.29,1.347,0.6825,UP
2012-12-31,136.01,139.0,135.23,138.38,5573040,135.07,134.16,66.62,1.6155,0.7293,UP
2013-01-02,138.22,140.07,137.75,139.72,4634842,136.4,134.94,69.77,0.9683,0.6753,DOWN
2013-01-03,139.63,140.33,138.44,139.45,3441539,137.62,135.6,68.37,-0.1932,0.7141,DOWN
2013-01-04,139.24,139.98,138.58,139.02,3460744,138.55,136.16,66.09,-0.3084,0.7572,DOWN
2013-01-07,139.6,139.93,137.93,138.55,2985106,139.02,136.61,63.59,-0.3381,0.7929,DOWN
2013-01-08,138.1,138.4,136.65,137.49,3900175,138.85,136.96,58.25,-0.7651,0.8629,UP
2013-01-09,138.5,139.17,136.26,137.81,4064161,138.46,137.43,59.36,0.2327,0.7922,DOWN
2013-01-10,138.1,138.35,136.91,137.77,3597212,138.13,137.87,59.15,-0.029,0.8001,DOWN
2013-01-11,137.5,137.84,135.74,136.8,4716636,137.68,138.12,54.11,-0.7041,0.844,DOWN
2013-01-14,137.16,137.75,135.31,136.13,4839989,137.2,138.11,50.88,-0.4898,0.7579,UP
2013-01-15,136.71,137.1,135.94,136.19,5271908,136.94,137.89,51.16,0.0441,0.5068,UP
2013-01-16,136.63,137.71,136.44,136.92,5818801,136.76,137.61,54.57,0.536,0.4091,UP
2013-01-17,137.36,137.98,136.97,137.49,5256457,136.71,137.42,57.08,0.4163,0.4534,UP
2013-01-18,136.13,139.18,135.77,138.63,5204936,137.07,137.38,61.65,0.8292,0.5409,UP
2013-01-22,138.74,140.16,138.56,139.55,4542074,137.76,137.48,64.9,0.6636,0.5689,UP
2013-01-23,139.28,140.25,138.93,139.68,4663896,138.45,137.7,65.35,0.0932,0.4872,UP
2013-01-24,139.07,140.12,138.29,139.82,4842579,139.03,137.9,65.85,0.1002,0.4868,UP
2013-01-25,139.66,141.3,139.03,140.43,4413577,139.62,138.16,68.03,0.4363,0.4904,UP
2013-01-28,140.52,140.76,140.38,140.45,4880091,139.99,138.53,68.11,0.0142,0.386,UP
2013-01-29,140.73,141.72,140.35,141.28,4174324,140.33,139.04,71.02,0.591,0.291,UP
2013-01-30,140.79,142.66,140.44,142.28,3775855,140.85,139.65,74.09,0.7078,0.2834,UP
2013-01-31,142.36,142.92,141.37,142.42,3217213,141.37,140.2,74.5,0.0984,0.3,DOWN
2013-02-01,142.27,142.87,141.42,141.81,3831860,141.65,140.64,69.38,-0.4283,0.3967,DOWN
2013-02-04,141.48,142.15,140.35,140.37,4970217,141.63,140.81,59.06,-1.0154,0.5339,DOWN
2013-02-05,139.24,140.35,138.77,140.21,5193661,141.42,140.88,58.02,-0.114,0.5026,UP
2013-02-06,139.34,141.57,139.22,140.88,5463604,141.14,141.0,61.09,0.4779,0.5208,UP
2013-02-07,140.54,142.2,140.01,141.86,4730786,141.03,141.2,65.11,0.6956,0.5554,DOWN
2013-02-08,141.99,142.35,140.98,141.85,4870983,141.03,141.34,65.04,-0.007,0.5473,UP
2013-02-11,142.48,142.92,141.44,142.16,3607329,141.39,141.51,66.31,0.2185,0.5475,DOWN
2013-02-12,141.85,142.13,140.11,140.74,5846878,141.5,141.46,56.2,-0.9989,0.6221,UP
2013-02-13,140.85,142.43,139.89,142.27,5043257,141.78,141.46,62.79,1.0871,0.6812,UP
2013-02-14,143.02,143.59,141.57,142.86,5607908,141.98,141.5,64.97,0.4147,0.6935,UP
2013-02-15,143.36,144.9,142.62,144.01,4436195,142.41,141.72,68.82,0.805,0.7117,UP
2013-02-19,144.23,144.41,143.31,144.18,5493487,142.81,142.1,69.35,0.118,0.583,UP
2013-02-20,145.11,146.69,145.03,146.52,5496066,143.97,142.73,75.57,1.623,0.7025,UP
2013-02-21,145.81,149.04,144.87,148.15,4086948,145.14,143.46,78.8,1.1125,0.7339,DOWN
2013-02-22,147.88,148.01,147.2,147.37,3939784,146.05,144.01,73.78,-0.5265,0.798,DOWN
2013-02-25,147.79,148.12,147.02,147.23,4084436,146.69,144.55,72.88,-0.095,0.8032,DOWN
2013-02-26,147.42,147.65,146.35,146.82,3760701,147.22,145.02,70.18,-0.2785,0.829,DOWN
2013-02-27,147.53,148.33,145.26,146.28,2668584,147.17,145.57,66.69,-0.3678,0.7357,DOWN
2013-02-28,146.05,146.38,144.6,145.36,2839921,146.61,145.88,61.1,-0.6289,0.7547,DOWN
2013-03-01,144.55,145.2,143.41,143.94,3426916,145.93,145.99,53.63,-0.9769,0.8381,DOWN
2013-03-04,143.33,143.87,142.41,142.62,3372584,145.0,145.85,47.79,-0.917,0.849,DOWN
2013-03-05,142.01,142.57,140.73,140.94,4167167,143.83,145.52,41.57,-1.178,0.9099,DOWN
2013-03-06,141.09,141.67,139.43,140.11,5278465,142.59,144.88,38.89,-0.5889,0.64,UP
2013-03-07,140.42,141.84,139.46,140.97,4838074,141.72,144.16,43.0,0.6138,0.5118,UP
2013-03-08,141.44,142.44,141.19,141.88,4599382,141.3,143.62,47.06,0.6455,0.6252,UP
2013-03-11,141.49,142.63,140.98,142.31,4651152,141.24,143.12,48.91,0.3031,0.657,UP
2013-03-12,142.31,143.37,142.04,143.11,6001314,141.68,142.75,52.26,0.5622,0.7165,UP
2013-03-13,143.87,146.44,143.06,145.37,4877820,142.73,142.66,60.19,1.5792,0.9181,UP
2013-03-14,145.87,146.77,145.28,146.57,5780138,143.85,142.78,63.65,0.8255,0.9328,UP
2013-03-15,146.76,149.47,146.71,148.9,3764751,145.25,143.28,69.23,1.5897,0.9603,DOWN
2013-03-18,149.52,149.58,148.39,148.88,4809261,146.57,143.9,69.13,-0.0134,0.8664,UP
2013-03-19,149.03,150.25,148.63,149.79,5937109,147.9,144.79,71.14,0.6112,0.6557,UP
2013-03-20,151.13,152.27,151.1,151.73,6708885,149.17,145.95,74.88,1.2951,0.5308,UP
2013-03-21,151.13,154.66,149.92,154.06,6059880,150.67,147.26,78.49,1.5356,0.573,UP
2013-03-22,154.14,156.73,153.52,155.72,5781760,152.04,148.64,80.63,1.0775,0.5685,UP
2013-03-25,155.63,157.45,154.97,157.37,4640813,153.73,150.15,82.49,1.0596,0.5234,UP
2013-03-26,157.87,158.79,157.39,158.12,3976054,155.4,151.65,83.28,0.4766,0.5322,DOWN
2013-03-27,157.52,158.28,157.44,158.0,3292860,156.65,152.91,82.64,-0.0759,0.5878,DOWN
2013-03-28,158.22,159.05,156.31,157.4,3221575,157.32,154.0,79.36,-0.3797,0.7029,DOWN
2013-04-01,157.81,158.03,154.22,155.87,3380094,157.35,154.69,71.55,-0.972,0.8087,DOWN
2013-04-02,155.82,156.53,153.56,154.79,2932878,156.84,155.29,66.57,-0.6929,0.8785,DOWN
2013-04-03,155.74,157.15,152.65,153.48,3570948,155.91,155.65,61.03,-0.8463,0.9559,DOWN
2013-04-04,153.54,153.7,152.64,152.79,4527995,154.87,155.76,58.27,-0.4496,0.9011,DOWN
2013-04-05,152.89,153.43,152.27,152.66,3693330,153.92,155.62,57.75,-0.0851,0.7403,DOWN
2013-04-08,152.55,152.7,151.97,152.39,4645570,153.22,155.29,56.6,-0.1769,0.6167,UP
2013-04-09,152.52,155.13,151.27,153.81,5303981,153.03,154.93,60.99,0.9318,0.588,UP
2013-04-10,153.81,155.94,153.34,155.03,4712402,153.34,154.62,64.33,0.7932,0.6366,DOWN
2013-04-11,154.94,155.38,154.3,154.93,3995936,153.76,154.32,63.85,-0.0645,0.6369,DOWN
2013-04-12,154.67,155.72,153.33,153.7,3688467,153.97,153.94,58.08,-0.7939,0.6632,DOWN
2013-04-15,153.36,154.01,151.53,152.46,5589160,153.99,153.6,52.89,-0.8068,0.6446,UP
2013-04-16,152.45,153.76,151.89,153.58,5514313,153.94,153.48,56.65,0.7346,0.6848,UP
2013-04-17,154.24,154.54,153.02,154.32,6187448,153.8,153.57,58.99,0.4818,0.6466,UP
2013-04-18,154.44,156.61,153.06,156.03,5198794,154.02,153.89,63.83,1.1081,0.6969,UP
2013-04-19,156.2,157.84,156.13,157.06,4320957,154.69,154.33,66.41,0.6601,0.7014,DOWN
2013-04-22,156.61,157.34,155.7,156.85,4745128,155.57,154.78,65.39,-0.1337,0.6983,UP
2013-04-23,156.95,158.29,156.87,157.63,5093803,156.38,155.16,67.39,0.4973,0.6668,UP
2013-04-24,158.09,160.23,156.73,159.33,4335169,157.38,155.59,71.3,1.0785,0.6981,UP
2013-04-25,159.31,161.32,158.98,159.96,3143757,158.17,156.09,72.61,0.3954,0.6883,DOWN
2013-04-26,159.14,159.73,158.58,159.16,2613916,158.59,156.64,68.35,-0.5001,0.6399,DOWN
2013-04-29,158.82,159.2,156.54,157.02,2713576,158.62,157.09,58.45,-1.3446,0.7595,DOWN
2013-04-30,157.48,158.05,154.74,155.19,4032252,158.13,157.26,51.58,-1.1655,0.868,UP
2013-05-01,155.52,156.41,154.93,155.73,4954763,157.41,157.4,53.32,0.348,0.8626,UP
2013-05-02,155.5,157.27,155.12,156.81,4631944,156.78,157.47,56.68,0.6935,0.8172,UP
2013-05-03,156.95,158.57,156.17,158.1,5297547,156.57,157.58,60.36,0.8227,0.8321,UP
2013-05-06,158.26,159.59,157.96,159.36,7043083,157.04,157.83,63.6,0.797,0.8586,UP
2013-05-07,160.04,164.03,159.88,162.71,7178360,158.54,158.34,70.51,2.1022,1.0556,UP
2013-05-08,162.92,165.34,162.17,165.24,6911263,160.44,158.93,74.46,1.5549,1.1031,UP
2013-05-09,166.49,168.21,165.42,167.97,6217308,162.68,159.73,77.9,1.6521,1.1755,UP
2013-05-10,168.61,170.69,168.42,170.5,4787112,165.16,160.86,80.51,1.5062,1.1577,UP
2013-05-13,170.32,171.22,169.28,170.51,4332130,167.39,162.21,80.52,0.0059,0.954,DOWN
2013-05-14,171.54,172.21,169.51,169.91,4621699,168.83,163.68,77.98,-0.3519,0.7843,DOWN
2013-05-15,169.23,170.74,168.79,169.72,5441227,169.72,165.08,77.16,-0.1118,0.8331,UP
2013-05-16,169.21,171.31,168.45,170.83,5813141,170.29,166.48,78.59,0.654,0.8341,UP
2013-05-17,171.03,172.9,170.33,172.33,5039071,170.66,167.91,80.38,0.8781,0.834,UP
2013-05-20,172.82,173.04,172.23,172.56,5027830,171.07,169.23,80.65,0.1335,0.8661,UP
2013-05-21,171.93,173.01,171.51,172.77,3736130,171.64,170.23,80.9,0.1217,0.7551,DOWN
2013-05-22,172.8,175.32,172.0,172.48,4776155,172.19,170.96,79.34,-0.1679,0.7093,UP
2013-05-23,173.23,174.31,171.47,172.8,5092030,172.59,171.44,79.8,0.1855,0.5662,UP
2013-05-24,173.5,174.37,172.81,172.94,4913235,172.71,171.68,80.02,0.081,0.3701,UP
2013-05-28,172.89,174.57,172.48,173.49,5151284,172.9,171.98,80.86,0.318,0.3705,UP
2013-05-29,173.07,174.66,172.58,174.37,5531530,173.22,172.43,82.16,0.5072,0.3326,UP
2013-05-30,175.43,176.17,173.99,174.98,5088064,173.72,172.96,83.02,0.3498,0.3063,UP
2013-05-31,175.3,175.85,174.51,175.42,5269516,174.24,173.41,83.64,0.2515,0.2809,UP
2013-06-03,176.46,177.55,175.95,176.71,5338762,174.99,173.85,85.31,0.7354,0.248,UP
2013-06-04,178.51,178.99,177.71,178.39,5289516,175.97,174.44,87.16,0.9507,0.3269,UP
2013-06-05,178.79,181.24,178.27,179.83,4985301,177.07,175.14,88.49,0.8072,0.3487,DOWN
2013-06-06,179.67,180.69,177.68,179.27,5258105,177.92,175.82,84.8,-0.3114,0.3766,UP
2013-06-07,178.7,180.26,177.58,179.81,5612250,178.8,176.52,85.43,0.3012,0.3715,UP
2013-06-10,179.57,181.35,179.0,180.98,4701709,179.66,177.32,86.72,0.6507,0.3608,DOWN
2013-06-11,180.64,180.89,179.35,180.5,4051305,180.08,178.03,83.46,-0.2652,0.4267,DOWN
2013-06-12,181.81,182.13,178.75,180.21,3288473,180.15,178.61,81.47,-0.1607,0.4587,DOWN
2013-06-13,180.73,182.82,178.38,179.25,4511804,180.15,179.04,75.09,-0.5327,0.5335,UP
2013-06-14,179.21,180.47,177.99,180.21,3572831,180.23,179.52,77.03,0.5356,0.5415,DOWN
2013-06-17,180.34,181.37,178.06,179.06,4530416,179.85,179.75,70.0,-0.6381,0.5833,UP
2013-06-18,178.94,179.85,178.35,179.07,3551138,179.56,179.82,70.03,0.0056,0.5079,DOWN
2013-06-19,178.21,179.51,177.26,178.85,3218699,179.29,179.72,68.64,-0.1229,0.4309,DOWN
2013-06-20,178.75,180.52,177.16,177.4,3298130,178.92,179.53,60.17,-0.8107,0.4891,DOWN
2013-06-21,176.41,177.23,174.87,175.47,4435011,177.97,179.1,51.13,-1.0879,0.5542,UP
2013-06-24,176.12,176.47,174.51,175.66,4558096,177.29,178.57,51.9,0.1083,0.4785,UP
2013-06-25,175.76,176.13,174.73,175.94,6021484,176.66,178.11,53.07,0.1594,0.4999,UP
2013-06-26,175.37,178.64,175.09,178.29,6084146,176.55,177.92,61.51,1.3357,0.7106,UP
2013-06-27,179.54,180.24,179.34,179.78,5059020,177.03,177.97,65.72,0.8357,0.7498,UP
2013-06-28,179.26,180.77,178.83,179.99,3561495,177.93,177.95,66.28,0.1168,0.7299,DOWN
2013-07-01,178.85,179.12,178.2,178.78,3654848,178.56,177.92,60.18,-0.6723,0.7333,DOWN
2013-07-02,178.82,179.01,177.18,178.68,3547396,179.1,177.88,59.69,-0.0559,0.7334,DOWN
2013-07-03,178.94,179.8,177.29,177.78,3249459,179.0,177.78,55.34,-0.5037,0.7491,DOWN
2013-07-05,177.58,179.33,175.43,176.02,3666345,178.25,177.64,47.96,-0.99,0.7709,DOWN
2013-07-08,176.28,177.6,173.75,174.71,4153241,177.19,177.56,43.33,-0.7442,0.7272,DOWN
2013-07-09,174.85,175.12,174.11,174.52,4692690,176.34,177.45,42.69,-0.1088,0.7255,UP
2013-07-10,174.66,176.02,174.47,175.63,4829151,175.73,177.42,47.59,0.636,0.7567,UP
2013-07-11,176.23,176.63,174.97,175.78,4600882,175.33,177.17,48.23,0.0854,0.5946,DOWN
2013-07-12,175.06,176.35,173.82,175.71,4645212,175.27,176.76,47.93,-0.0398,0.4903,UP
2013-07-15,176.41,177.25,175.68,175.89,5893013,175.51,176.35,48.8,0.1024,0.4892,UP
2013-07-16,176.53,177.92,175.29,176.38,6533524,175.88,176.11,51.19,0.2786,0.4859,UP
2013-07-17,176.59,178.21,176.0,178.16,5954844,176.38,176.06,58.73,1.0092,0.6066,UP
2013-07-18,178.3,180.03,177.9,179.33,4661726,177.09,176.21,62.8,0.6567,0.6163,UP
2013-07-19,178.75,179.91,178.58,179.74,4008920,177.9,176.58,64.13,0.2286,0.4861,DOWN
2013-07-22,179.91,180.15,178.83,179.18,3789815,178.56,177.03,60.92,-0.3116,0.404,UP
2013-07-23,179.95,181.06,179.04,179.4,4236761,179.16,177.52,61.73,0.1228,0.3872,UP
2013-07-24,178.65,180.1,177.85,179.58,4374229,179.45,177.92,62.42,0.1003,0.3686,UP
2013-07-25,179.82,180.69,178.8,180.25,4824213,179.63,178.36,64.94,0.3731,0.3679,UP
2013-07-26,180.71,181.69,180.48,181.32,4786343,179.95,178.92,68.57,0.5936,0.3666,UP
2013-07-29,181.96,184.34,181.84,183.27,5560910,180.76,179.66,73.88,1.0754,0.4278,UP
2013-07-30,184.37,185.1,184.18,185.01,5560357,181.89,180.52,77.53,0.9494,0.4561,UP
2013-07-31,184.07,187.58,183.44,186.16,5803960,183.2,181.32,79.56,0.6216,0.4212,UP
2013-08-01,187.19,188.89,186.92,188.18,5513472,184.79,182.21,82.54,1.0851,0.4651,UP
2013-08-02,187.99,191.02,187.63,189.2,4707231,186.36,183.16,83.83,0.542,0.4565,UP
2013-08-05,189.2,190.45,187.9,190.24,4866649,187.76,184.26,85.04,0.5497,0.3526,UP
2013-08-06,190.86,192.05,189.84,191.79,4636080,189.11,185.5,86.64,0.8148,0.314,UP
2013-08-07,191.56,193.75,189.96,193.07,3728047,190.5,186.85,87.8,0.6674,0.2427,DOWN
2013-08-08,192.29,194.05,192.17,192.69,4245994,191.4,188.09,85.43,-0.1968,0.3691,UP
2013-08-09,192.33,193.86,190.92,192.99,4139660,192.16,189.26,85.75,0.1557,0.4036,UP
2013-08-12,193.72,194.05,192.77,193.08,4908515,192.72,190.24,85.86,0.0466,0.4075,UP
2013-08-13,194.15,195.14,193.0,194.3,5215917,193.23,191.17,87.2,0.6319,0.3822,UP
2013-08-14,194.8,195.81,194.29,194.98,4527098,193.61,192.05,87.9,0.35,0.3816,DOWN
2013-08-15,195.44,196.24,194.3,194.85,4200341,194.04,192.72,86.93,-0.0667,0.3457,DOWN
2013-08-16,194.48,195.81,194.28,194.6,3783469,194.36,193.26,84.99,-0.1283,0.3684,DOWN
2013-08-19,194.59,194.84,193.54,194.28,5236320,194.6,193.66,82.46,-0.1644,0.3799,UP
2013-08-20,194.71,195.61,192.92,195.1,5131267,194.76,193.99,83.79,0.4221,0.3272,UP
2013-08-21,195.04,196.5,194.2,196.08,3830695,194.98,194.3,85.23,0.5023,0.3026,DOWN
2013-08-22,195.77,196.48,194.54,195.15,3427872,195.04,194.54,78.12,-0.4743,0.3479,DOWN
2013-08-23,194.67,195.22,192.86,193.57,4064323,194.84,194.6,67.77,-0.8096,0.4562,DOWN
2013-08-26,193.4,194.95,192.23,193.55,3769136,194.69,194.65,67.64,-0.0103,0.4564,UP
2013-08-27,192.53,194.9,191.09,193.83,3872293,194.44,194.6,68.5,0.1447,0.4078,DOWN
2013-08-28,193.23,193.79,192.74,193.59,3589067,193.94,194.46,66.87,-0.1238,0.3866,DOWN
2013-08-29,193.52,195.22,192.81,193.24,3440341,193.56,194.3,64.45,-0.1808,0.3881,DOWN
2013-08-30,193.52,194.07,192.09,192.31,4854070,193.3,194.07,58.42,-0.4813,0.4083,UP
2013-09-03,191.32,194.11,189.26,193.9,5346510,193.37,194.03,64.53,0.8268,0.5046,UP
2013-09-04,194.38,195.12,193.46,194.78,5475489,193.56,194.0,67.39,0.4538,0.5078,UP
2013-09-05,195.76,196.78,193.87,195.75,4733904,194.0,193.97,70.24,0.498,0.5073,UP
2013-09-06,195.65,197.24,194.86,196.56,4197971,194.66,194.11,72.4,0.4138,0.4957,DOWN
2013-09-09,195.86,196.76,194.77,195.15,4768415,195.23,194.27,63.71,-0.7173,0.478,UP
2013-09-10,195.26,196.29,194.98,195.79,4137183,195.61,194.49,65.72,0.328,0.4826,UP
2013-09-11,196.37,196.73,194.97,195.92,5477951,195.83,194.7,66.13,0.0664,0.4828,UP
2013-09-12,195.7,198.37,194.87,197.7,5736198,196.22,195.11,71.22,0.9085,0.5351,UP
2013-09-13,198.69,200.75,198.34,199.46,5982249,196.8,195.73,75.19,0.8902,0.5547,UP
2013-09-16,200.13,202.25,199.93,201.47,5886898,198.07,196.65,78.78,1.0077,0.5145,UP
2013-09-17,201.67,204.0,201.02,203.16,5881261,199.54,197.57,81.24,0.8388,0.5154,UP
2013-09-18,203.17,205.63,201.89,205.19,7173050,201.4,198.62,83.69,0.9992,0.5418,UP
2013-09-19,205.7,209.9,204.79,209.06,6751230,203.67,199.95,87.14,1.8861,0.6917,UP
2013-09-20,207.99,213.12,207.44,212.14,6238892,206.2,201.5,89.11,1.4733,0.7295,UP
2013-09-23,213.09,215.09,212.5,214.64,6994993,208.84,203.45,90.4,1.1785,0.5156,UP
2013-09-24,216.03,219.55,215.58,219.07,7161057,212.02,205.78,92.17,2.0639,0.5695,UP
2013-09-25,219.27,222.83,218.6,222.81,6194734,215.54,208.47,93.29,1.7072,0.453,UP
2013-09-26,222.61,225.29,221.87,224.95,5239743,218.72,211.2,93.83,0.9605,0.4484,UP
2013-09-27,225.51,226.7,224.41,225.79,5847626,221.45,213.83,94.04,0.3734,0.5243,UP
2013-09-30,225.77,229.8,224.16,228.41,4404382,224.21,216.52,94.64,1.1604,0.5187,UP
2013-10-01,228.42,228.82,227.59,228.67,3854417,226.13,219.07,94.69,0.1138,0.6246,DOWN
2013-10-02,227.73,228.82,227.65,228.46,4938935,227.26,221.4,93.83,-0.0918,0.7455,UP
2013-10-03,229.31,231.12,227.32,230.51,3690921,228.37,223.54,94.37,0.8973,0.6907,UP
2013-10-04,228.87,232.42,228.65,231.14,2725656,229.44,225.44,94.53,0.2733,0.7003,DOWN
2013-10-07,230.94,231.71,229.52,229.7,2935927,229.7,226.95,88.39,-0.623,0.83,DOWN
2013-10-08,228.93,229.68,226.78,227.69,4283112,229.5,227.81,80.54,-0.8751,0.8069,DOWN
2013-10-09,227.62,227.96,225.51,226.31,2813607,229.07,228.16,75.57,-0.6061,0.7134,DOWN
2013-10-10,226.05,226.95,224.55,224.71,2982817,227.91,228.14,70.17,-0.707,0.6998,DOWN
2013-10-11,224.18,224.6,220.82,221.93,3745494,226.07,227.75,61.9,-1.2372,0.7826,DOWN
2013-10-14,220.82,222.6,219.98,220.14,3873918,224.16,226.93,57.22,-0.8066,0.6466,DOWN
2013-10-15,219.78,221.28,219.4,219.64,3017380,222.55,226.02,55.94,-0.2271,0.6271,DOWN
2013-10-16,219.73,221.72,217.8,218.19,3180567,220.92,225.0,52.31,-0.6602,0.6218,DOWN
2013-10-17,218.1,218.57,215.26,216.18,2764065,219.22,223.56,47.69,-0.9212,0.4123,DOWN
2013-10-18,215.08,215.35,213.42,213.71,3899632,217.57,221.82,42.69,-1.1426,0.2888,DOWN
2013-10-21,214.57,215.76,211.73,212.9,3732964,216.12,220.14,41.17,-0.379,0.3129,DOWN
2013-10-22,212.59,213.25,211.06,212.19,4201376,214.63,218.59,39.83,-0.3335,0.336,UP
2013-10-23,212.36,213.88,211.76,212.66,3986561,213.53,217.22,41.2,0.2215,0.4461,DOWN
2013-10-24,212.99,213.66,210.9,212.33,4131157,212.76,215.99,40.5,-0.1552,0.4677,DOWN
2013-10-25,212.03,213.07,210.8,211.44,4361013,212.3,214.94,38.61,-0.4192,0.4041,DOWN
2013-10-28,211.44,211.82,210.37,211.31,4634395,211.99,214.06,38.33,-0.0615,0.4064,UP
2013-10-29,211.6,213.4,210.26,212.14,5451685,211.98,213.3,41.27,0.3928,0.478,UP
2013-10-30,213.74,214.23,212.19,212.59,4689099,211.96,212.74,42.87,0.2121,0.4935,UP
2013-10-31,211.4,213.03,210.56,212.61,3689139,212.02,212.39,42.94,0.0094,0.4395,DOWN
2013-11-01,212.58,213.61,211.23,211.86,2635049,212.1,212.2,40.8,-0.3528,0.2899,DOWN
2013-11-04,210.2,211.96,207.8,208.25,4263942,211.49,211.74,32.44,-1.704,0.588,DOWN
2013-11-05,208.44,210.14,204.43,206.54,3867141,210.37,211.17,29.37,-0.8211,0.618,DOWN
2013-11-06,206.2,206.85,203.3,204.62,3609547,208.78,210.37,26.35,-0.9296,0.6239,DOWN
2013-11-07,203.44,203.93,202.02,202.38,4508238,206.73,209.37,23.34,-1.0947,0.6557,DOWN
2013-11-08,202.82,204.21,200.64,201.74,4658647,204.71,208.4,22.54,-0.3162,0.6575,UP
2013-11-11,202.61,204.2,201.57,201.79,4478405,203.41,207.45,22.76,0.0248,0.664,UP
2013-11-12,202.07,203.45,201.44,201.81,4441642,202.47,206.42,22.86,0.0099,0.619,DOWN
2013-11-13,202.04,202.46,200.98,201.29,4732700,201.8,205.29,22.1,-0.2577,0.5756,UP
2013-11-14,201.46,202.02,200.96,201.34,5684482,201.59,204.16,22.37,0.0248,0.5772,UP
2013-11-15,202.15,203.47,202.03,202.99,4780909,201.84,203.28,30.79,0.8195,0.721,UP
2013-11-18,203.28,204.46,202.89,203.77,4379690,202.24,202.83,34.42,0.3843,0.6017,DOWN
2013-11-19,203.05,203.74,201.1,203.29,4155107,202.54,202.5,33.26,-0.2356,0.5636,UP
2013-11-20,202.88,205.74,201.13,203.67,3782532,203.01,202.41,35.12,0.1869,0.5006,UP
2013-11-21,203.87,204.17,202.68,203.75,2654189,203.49,202.54,35.53,0.0393,0.3387,DOWN
2013-11-22,203.32,203.55,201.94,202.26,4684632,203.35,202.6,31.56,-0.7313,0.4092,UP
2013-11-25,202.47,203.9,201.23,202.87,6056610,203.17,202.7,34.77,0.3016,0.4183,UP
2013-11-26,202.16,205.56,202.07,205.54,5753743,203.62,203.08,46.58,1.3161,0.5768,UP
2013-11-27,206.33,207.98,205.94,206.2,5630365,204.12,203.57,49.04,0.3211,0.5562,UP
2013-11-29,206.87,209.08,206.74,208.66,6602230,205.11,204.3,56.98,1.193,0.6239,UP
2013-12-02,209.42,211.17,208.93,210.8,6093491,206.81,205.08,62.46,1.0256,0.6439,UP
2013-12-03,210.39,214.96,209.3,213.38,5624590,208.92,206.04,67.78,1.2239,0.697,UP
2013-12-04,212.98,215.9,212.38,215.51,4705800,210.91,207.26,71.39,0.9982,0.668,DOWN
2013-12-05,215.86,217.44,213.35,215.24,4632856,212.72,208.42,70.32,-0.1253,0.6955,UP
2013-12-06,215.21,216.32,214.85,215.52,3807818,214.09,209.6,70.81,0.1301,0.6886,DOWN
2013-12-09,215.6,215.89,213.43,214.31,4694181,214.79,210.8,65.75,-0.5614,0.6543,UP
2013-12-10,214.63,214.86,214.21,214.35,3688322,214.99,211.95,65.83,0.0187,0.6736,DOWN
2013-12-11,214.94,215.82,213.15,213.85,3942438,214.65,212.78,63.66,-0.2333,0.6568,UP
2013-12-12,213.35,214.57,211.59,213.96,2457141,214.4,213.56,63.94,0.0514,0.6658,DOWN
2013-12-13,212.77,213.37,210.71,211.39,3166596,213.57,213.83,53.49,-1.2012,0.7615,DOWN
2013-12-16,210.73,211.62,208.21,208.75,2740721,212.46,213.63,45.29,-1.2489,0.8036,DOWN
2013-12-17,207.71,208.28,204.92,205.12,2816041,210.61,212.8,36.92,-1.7389,0.8096,DOWN
2013-12-18,205.1,205.23,198.52,201.0,2748378,208.04,211.35,30.11,-2.0086,0.7945,DOWN
2013-12-19,200.87,201.9,195.76,196.61,3161053,204.57,209.49,24.86,-2.1841,0.8922,DOWN
2013-12-20,196.54,196.7,192.19,193.46,5212545,200.99,207.28,21.9,-1.6022,0.8369,UP
2013-12-23,193.51,195.22,192.58,194.77,4337631,198.19,205.33,25.85,0.6771,0.997,DOWN
2013-12-24,194.58,196.02,193.94,194.17,3788100,196.0,203.31,25.22,-0.3081,0.9667,DOWN
2013-12-26,193.0,193.53,192.61,192.8,3506458,194.36,201.2,23.8,-0.7056,0.9373,DOWN
2013-12-27,192.15,193.02,190.86,191.63,4270407,193.37,198.97,22.62,-0.6068,0.8741,DOWN
2013-12-30,192.69,194.2,191.31,191.38,4853555,192.95,196.97,22.37,-0.1305,0.9236,UP
2013-12-31,190.86,193.32,189.61,192.5,3869927,192.5,195.34,26.36,0.5852,1.0402,UP
2014-01-02,191.89,193.61,190.95,192.84,3842122,192.23,194.12,27.58,0.1766,1.0248,UP
2014-01-03,193.44,193.99,192.25,192.97,4242914,192.26,193.31,28.06,0.0674,0.9145,UP
2014-01-06,193.56,193.79,192.83,193.22,5513398,192.58,192.97,29.06,0.1296,0.6752,UP
2014-01-07,194.02,195.89,192.63,194.74,6181798,193.25,193.1,34.94,0.7867,0.517,UP
2014-01-08,194.67,199.16,193.07,198.25,5527431,194.4,193.45,46.05,1.8024,0.7392,UP
2014-01-09,199.18,200.6,199.05,199.37,5612963,195.71,193.97,49.05,0.5649,0.7266,UP
2014-01-10,199.6,201.41,199.15,200.79,6257566,197.27,194.77,52.63,0.7122,0.6501,UP
2014-01-13,201.94,202.5,200.09,202.42,5468748,199.11,195.85,56.43,0.8118,0.5511,UP
2014-01-14,202.24,204.24,200.8,203.95,4481565,200.96,197.1,59.69,0.7559,0.4981,UP
2014-01-15,203.33,205.29,202.96,204.43,4407728,202.19,198.3,60.68,0.2354,0.5143,UP
2014-01-16,205.28,205.63,203.68,204.68,4372260,203.25,199.48,61.22,0.1223,0.5196,UP
2014-01-17,205.05,206.89,204.17,205.65,4565977,204.23,200.75,63.31,0.4739,0.4883,UP
2014-01-21,205.86,206.7,205.06,205.71,3431588,204.88,202.0,63.44,0.0292,0.5009,DOWN
2014-01-22,205.92,206.56,203.98,204.99,4202622,205.09,203.02,60.64,-0.35,0.5834,DOWN
2014-01-23,204.8,205.6,204.16,204.65,4353539,205.14,203.66,59.3,-0.1659,0.4062,DOWN
2014-01-24,204.29,204.42,203.27,203.53,5355075,204.91,204.08,55.01,-0.5473,0.4774,UP
2014-01-27,203.65,204.49,202.28,203.97,6166245,204.57,204.4,56.35,0.2162,0.4438,UP
2014-01-28,203.33,207.1,202.86,205.77,5274650,204.58,204.73,61.4,0.8825,0.4557,UP
2014-01-29,206.12,207.74,205.53,206.67,5362021,204.92,205.01,63.67,0.4374,0.4196,UP
2014-01-30,205.92,207.95,205.51,207.36,4836678,205.46,205.3,65.34,0.3339,0.4234,UP
2014-01-31,208.12,208.63,206.99,207.86,4420022,206.33,205.62,66.55,0.2411,0.4244,DOWN
2014-02-03,207.32,207.71,206.18,206.78,4050459,206.89,205.73,61.57,-0.5196,0.4565,DOWN
2014-02-04,207.01,207.29,204.27,205.81,5404859,206.9,205.74,57.41,-0.4691,0.486,UP
2014-02-05,206.26,206.36,203.91,206.19,4055383,206.8,205.86,58.59,0.1846,0.4717,DOWN
2014-02-06,206.25,207.08,204.52,205.81,2744572,206.49,205.98,56.89,-0.1843,0.4727,DOWN
2014-02-07,204.51,205.0,201.87,202.94,3045407,205.51,205.92,46.04,-1.3945,0.6396,DOWN
2014-02-10,201.8,202.48,199.04,200.42,3913540,204.23,205.56,39.0,-1.2417,0.7367,DOWN
2014-02-11,199.74,200.3,198.34,199.08,3716461,202.89,204.89,35.87,-0.6686,0.6477,DOWN
2014-02-12,198.72,198.9,197.42,198.11,3099406,201.27,204.04,33.75,-0.4872,0.5897,DOWN
2014-02-13,196.87,197.59,195.79,195.88,4314170,199.29,202.89,29.45,-1.1256,0.5622,DOWN
2014-02-14,195.21,195.99,194.98,195.33,4147611,197.76,201.64,28.48,-0.2808,0.4997,DOWN
2014-02-18,195.39,196.27,193.55,195.02,3757455,196.68,200.46,27.93,-0.1587,0.5202,DOWN
2014-02-19,194.0,194.24,192.56,192.92,3501422,195.45,199.17,24.45,-1.0768,0.5406,DOWN
2014-02-20,192.59,192.82,189.75,190.83,4637463,194.0,197.63,21.57,-1.0834,0.4688,DOWN
2014-02-21,191.86,191.94,190.28,190.78,4305246,192.98,196.13,21.51,-0.0262,0.4928,DOWN
2014-02-24,190.36,191.13,189.27,190.08,3349228,191.93,194.84,20.57,-0.3669,0.4497,DOWN
2014-02-25,190.26,190.27,187.06,188.81,3908969,190.68,193.68,18.95,-0.6681,0.3999,DOWN
2014-02-26,189.41,189.85,188.28,188.41,4138126,189.78,192.62,18.46,-0.2119,0.4162,DOWN
2014-02-27,189.26,189.55,188.0,188.22,4120304,189.26,191.63,18.22,-0.1008,0.4398,DOWN
2014-02-28,188.36,188.95,186.5,187.37,3990908,188.58,190.78,17.14,-0.4516,0.3829,DOWN
2014-03-03,187.87,189.14,186.68,187.17,4161016,188.0,189.96,16.88,-0.1067,0.3949,UP
2014-03-04,186.7,189.57,186.08,187.91,4299764,187.82,189.25,21.52,0.3954,0.4684,UP
2014-03-05,186.97,188.26,186.35,188.12,4264016,187.76,188.77,22.83,0.1118,0.4171,DOWN
2014-03-06,187.46,188.7,187.11,187.73,4282073,187.66,188.46,22.09,-0.2073,0.2977,DOWN
2014-03-07,187.46,187.92,186.87,187.13,2986806,187.61,188.1,20.97,-0.3196,0.2971,DOWN
2014-03-10,187.16,188.33,184.64,184.81,3872382,187.14,187.57,17.3,-1.2398,0.4453,DOWN
2014-03-11,183.57,184.05,183.12,183.31,4251377,186.22,187.02,15.42,-0.8116,0.4612,DOWN
2014-03-12,183.79,184.54,180.76,182.27,4074114,185.05,186.4,14.26,-0.5673,0.4678,DOWN
2014-03-13,182.8,183.01,181.24,181.94,4523370,183.89,185.78,13.9,-0.1811,0.4641,DOWN
2014-03-14,182.12,183.13,181.1,181.87,4037664,182.84,185.23,13.82,-0.0385,0.4712,DOWN
2014-03-17,181.38,182.04,180.92,181.28,4081452,182.13,184.64,13.15,-0.3244,0.4665,DOWN
2014-03-18,180.93,181.08,180.51,180.69,4149830,181.61,183.92,12.49,-0.3255,0.394,DOWN
2014-03-19,181.02,181.3,178.72,179.33,4361943,181.02,183.04,11.1,-0.7527,0.3654,DOWN
2014-03-20,180.15,181.06,178.11,178.55,4133064,180.34,182.12,10.39,-0.435,0.3536,DOWN
2014-03-21,177.89,178.13,176.48,177.52,3484289,179.47,181.16,9.53,-0.5769,0.3484,DOWN
2014-03-24,177.26,179.05,175.82,176.22,4233940,178.46,180.3,8.56,-0.7323,0.258,DOWN
2014-03-25,175.64,175.96,174.71,175.43,3449220,177.41,179.51,8.02,-0.4483,0.2292,DOWN
2014-03-26,175.49,175.78,173.49,174.35,3685495,176.41,178.72,7.35,-0.6156,0.2327,DOWN
2014-03-27,173.86,174.84,172.34,173.16,5560665,175.34,177.84,6.68,-0.6825,0.2239,UP
2014-03-28,174.05,175.19,173.09,174.63,4692564,174.76,177.12,16.74,0.8489,0.4675,DOWN
2014-03-31,174.41,174.91,173.05,174.03,5502531,174.32,176.39,15.99,-0.3436,0.4671,UP
2014-04-01,174.42,177.73,173.27,176.01,5580909,174.44,175.92,27.63,1.1377,0.6772,UP
2014-04-02,175.54,178.43,175.05,178.2,4231443,175.21,175.81,37.88,1.2442,0.7992,UP
2014-04-03,178.23,180.01,177.59,178.42,4637564,176.26,175.8,38.82,0.1235,0.7896,UP
2014-04-04,178.38,179.86,177.82,179.49,4940573,177.23,175.99,43.3,0.5997,0.7824,UP
2014-04-07,180.26,181.82,179.72,180.98,3744317,178.62,176.47,48.91,0.8301,0.7502,DOWN
2014-04-08,180.62,181.38,178.69,180.36,4167109,179.49,176.96,46.84,-0.3426,0.7396,UP
2014-04-09,181.39,181.42,180.78,180.94,5053930,180.04,177.62,49.02,0.3216,0.6696,UP
2014-04-10,181.05,182.91,180.58,181.42,6017411,180.64,178.45,50.82,0.2653,0.5619,UP
2014-04-11,181.66,183.96,180.98,182.67,6038151,181.27,179.25,55.25,0.689,0.5521,UP
2014-04-14,183.42,186.75,182.19,185.5,4977287,182.18,180.4,63.3,1.5492,0.5729,UP
2014-04-15,185.25,186.22,184.64,185.8,3735751,183.27,181.38,64.04,0.1617,0.562,DOWN
2014-04-16,185.95,186.65,184.6,185.55,3868773,184.19,182.11,62.91,-0.1346,0.5399,DOWN
2014-04-17,184.58,184.87,183.94,184.46,4371060,184.8,182.72,58.07,-0.5874,0.6219,DOWN
2014-04-21,184.01,185.31,183.34,184.39,3839649,185.14,183.21,57.76,-0.0379,0.6244,DOWN
2014-04-22,184.62,185.75,183.54,183.64,4640050,184.77,183.47,54.43,-0.4067,0.6239,UP
2014-04-23,182.89,184.11,182.18,183.84,4472148,184.38,183.82,55.17,0.1089,0.6004,UP
2014-04-24,183.6,184.74,182.85,184.18,3828117,184.1,184.14,56.47,0.1849,0.5987,DOWN
2014-04-25,184.76,185.85,183.52,183.82,3322739,183.97,184.38,54.67,-0.1955,0.609,DOWN
2014-04-28,183.66,183.82,181.85,182.62,3254022,183.62,184.38,49.05,-0.6528,0.6206,DOWN
2014-04-29,182.62,183.03,179.4,180.06,4329072,182.9,183.84,39.68,-1.4018,0.4893,DOWN
2014-04-30,180.06,180.35,178.22,179.11,4049288,181.96,183.17,36.87,-0.5276,0.4656,DOWN
2014-05-01,179.28,179.61,176.43,177.86,4581870,180.69,182.4,33.5,-0.6979,0.4687,DOWN
2014-05-02,178.16,178.46,176.73,177.7,4333135,179.47,181.72,33.08,-0.09,0.4755,DOWN
2014-05-05,177.96,178.45,176.25,176.76,5338484,178.3,180.96,30.67,-0.529,0.4624,UP
2014-05-06,177.68,177.88,176.76,177.6,4892231,177.81,180.36,35.22,0.4752,0.5425,UP
2014-05-07,178.07,179.44,177.51,178.91,4451820,177.77,179.86,41.64,0.7376,0.6289,DOWN
2014-05-08,179.04,179.25,178.61,178.74,4131707,177.94,179.32,41.07,-0.095,0.6124,UP
2014-05-09,178.92,180.48,178.85,179.13,4657563,178.23,178.85,43.0,0.2182,0.6337,UP
2014-05-12,178.74,179.7,178.59,179.44,4978145,178.76,178.53,44.55,0.1731,0.6301,UP
2014-05-13,179.86,183.08,179.3,181.8,3997102,179.6,178.7,54.67,1.3152,0.6275,DOWN
2014-05-14,181.24,182.81,180.16,181.61,3017070,180.14,178.96,53.81,-0.1045,0.594,DOWN
2014-05-15,181.93,182.17,179.84,180.39,3140273,180.47,179.21,48.58,-0.6718,0.5899,DOWN
2014-05-16,180.16,180.54,178.01,178.77,3902192,180.4,179.32,42.65,-0.8981,0.6746,DOWN
2014-05-19,179.9,180.75,176.86,177.16,3704475,179.95,179.36,37.73,-0.9006,0.7196,DOWN
2014-05-20,175.36,175.91,174.76,175.57,4238271,178.7,179.15,33.6,-0.8975,0.7542,DOWN
2014-05-21,175.33,176.57,173.78,174.78,4491978,177.33,178.74,31.74,-0.45,0.6968,UP
2014-05-22,174.64,175.39,173.39,174.81,5150242,176.22,178.35,31.9,0.0172,0.7002,UP
2014-05-23,175.45,176.9,175.06,176.62,4961985,175.79,178.1,40.6,1.0354,0.7979,UP
2014-05-27,176.49,177.66,175.58,177.39,4085556,175.83,177.89,43.89,0.436,0.8134,UP
2014-05-28,177.56,178.1,177.42,177.62,3933238,176.24,177.47,44.87,0.1297,0.6529,DOWN
2014-05-29,177.0,177.23,176.83,176.86,4925075,176.66,177.0,42.24,-0.4279,0.654,UP
2014-05-30,178.13,179.13,177.17,177.82,4650149,177.26,176.74,46.51,0.5428,0.6817,UP
2014-06-02,178.61,178.93,178.17,178.69,4345592,177.68,176.73,50.1,0.4893,0.6511,UP
2014-06-03,177.14,179.1,176.95,178.88,4672409,177.97,176.9,50.88,0.1063,0.5695,UP
2014-06-04,179.77,180.02,179.53,179.7,4473160,178.39,177.32,54.19,0.4584,0.4563,UP
2014-06-05,179.65,181.44,179.48,180.19,4969397,179.06,177.86,56.1,0.2727,0.3881,UP
2014-06-06,180.33,182.04,179.84,181.7,3540601,179.83,178.55,61.42,0.838,0.4066,DOWN
2014-06-09,181.8,181.99,180.41,180.7,4011236,180.23,178.96,56.53,-0.5504,0.4344,DOWN
2014-06-10,180.98,181.47,178.09,179.25,3873408,180.31,179.14,50.28,-0.8024,0.5341,DOWN
2014-06-11,178.76,179.31,177.78,178.27,3917311,180.02,179.21,46.54,-0.5467,0.5722,DOWN
2014-06-12,178.01,179.05,174.88,177.2,3641699,179.42,179.24,42.79,-0.6002,0.5901,DOWN
2014-06-13,177.29,177.59,175.07,175.92,3425874,178.27,179.05,38.77,-0.7223,0.6012,DOWN
2014-06-16,175.84,176.03,173.77,174.37,2874566,177.0,178.62,34.53,-0.8811,0.6067,DOWN
2014-06-17,172.99,174.75,170.96,171.52,3422135,175.46,177.88,28.39,-1.6345,0.7322,DOWN
2014-06-18,172.31,173.68,169.2,169.6,4117257,173.72,176.87,25.15,-1.1194,0.6915,DOWN
2014-06-19,169.03,170.07,168.16,168.4,4964838,171.96,175.69,23.35,-0.7075,0.6242,UP
2014-06-20,169.13,170.45,168.47,169.03,4704096,170.58,174.43,26.33,0.3741,0.5054,UP
2014-06-23,168.93,170.2,167.91,169.3,4620638,169.57,173.29,27.62,0.1597,0.5766,UP
2014-06-24,169.45,171.41,168.12,170.25,4925494,169.32,172.39,32.15,0.5611,0.6867,UP
2014-06-25,170.79,171.38,169.92,170.54,4282039,169.5,171.61,33.51,0.1703,0.7193,DOWN
2014-06-26,170.79,170.86,169.3,169.39,4328997,169.7,170.83,30.86,-0.6743,0.7215,UP
2014-06-27,168.71,169.94,168.51,169.51,3696678,169.8,170.19,31.47,0.0708,0.7315,DOWN
2014-06-30,169.76,170.01,168.28,169.09,4179760,169.76,169.66,30.46,-0.2478,0.7092,UP
2014-07-01,168.67,169.96,167.99,169.61,4727290,169.63,169.47,33.32,0.3075,0.5534,UP
2014-07-02,169.33,171.31,168.7,171.14,4471744,169.75,169.63,41.01,0.9021,0.5116,UP
2014-07-03,171.49,171.95,170.36,171.58,3798225,170.19,169.94,43.04,0.2571,0.4283,DOWN
2014-07-07,170.65,171.06,170.24,170.66,3637985,170.42,170.11,39.94,-0.5362,0.4782,DOWN
2014-07-08,169.69,170.38,168.71,169.08,3868963,170.41,170.08,35.24,-0.9258,0.5757,DOWN
2014-07-09,168.63,168.75,166.63,168.2,4225384,170.13,169.88,32.92,-0.5205,0.5575,UP
2014-07-10,168.14,170.15,167.21,168.28,4981339,169.56,169.65,33.35,0.0476,0.5517,UP
2014-07-11,168.3,169.9,167.48,169.11,5154760,169.07,169.63,37.8,0.4932,0.5477,UP
2014-07-14,169.32,170.13,169.04,169.58,5179515,168.85,169.63,40.24,0.2779,0.5552,UP
2014-07-15,169.33,171.02,168.79,170.72,3924044,169.18,169.8,45.78,0.6722,0.584,DOWN
2014-07-16,170.94,172.71,169.08,170.23,3941497,169.58,169.86,43.9,-0.287,0.5905,DOWN
2014-07-17,169.77,170.35,168.23,169.24,4017644,169.78,169.67,40.29,-0.5816,0.5328,DOWN
2014-07-18,170.05,170.21,168.53,169.18,4289745,169.79,169.43,40.07,-0.0355,0.5182,UP
2014-07-21,168.6,169.93,167.73,169.22,4897257,169.72,169.28,40.3,0.0236,0.5006,UP
2014-07-22,168.55,170.22,168.1,170.05,4153959,169.58,169.38,45.0,0.4905,0.4314,DOWN
2014-07-23,169.21,170.14,169.07,169.6,4920245,169.46,169.52,43.02,-0.2646,0.3997,UP
2014-07-24,170.03,170.22,169.55,169.98,4111555,169.61,169.69,45.21,0.2241,0.4018,DOWN
2014-07-25,171.08,172.4,168.95,169.93,4427059,169.76,169.77,44.96,-0.0294,0.3785,UP
2014-07-28,170.09,170.38,169.72,169.97,4568352,169.91,169.81,45.22,0.0235,0.3698,UP
2014-07-29,171.04,171.57,169.63,170.24,4982810,169.94,169.76,47.01,0.1589,0.2986,UP
2014-07-30,170.88,171.54,170.24,171.45,6108910,170.31,169.89,54.21,0.7108,0.3622,UP
2014-07-31,171.83,173.71,170.95,173.29,5535523,170.98,170.29,62.55,1.0732,0.4058,UP
2014-08-01,174.98,175.6,174.49,175.16,4101880,172.02,170.89,68.78,1.0791,0.4704,DOWN
2014-08-04,175.01,175.11,172.9,173.74,3779736,172.78,171.34,60.55,-0.8107,0.5926,DOWN
2014-08-05,174.05,174.34,171.14,171.6,4669447,173.05,171.5,50.7,-1.2317,0.7495,DOWN
2014-08-06,170.91,171.3,170.44,170.93,4586831,172.94,171.63,48.06,-0.3904,0.7572,DOWN
2014-08-07,171.5,172.79,169.7,170.37,3427907,172.36,171.67,45.92,-0.3276,0.7656,DOWN
2014-08-08,169.63,169.8,168.34,168.63,3676341,171.05,171.54,39.94,-1.0213,0.8347,DOWN
2014-08-11,168.49,169.45,166.91,167.3,3969070,169.77,171.27,36.08,-0.7887,0.8632,DOWN
2014-08-12,167.3,168.68,166.32,166.46,4182726,168.74,170.89,33.85,-0.5021,0.8618,UP
2014-08-13,166.55,167.36,165.81,166.54,3097591,167.86,170.4,34.27,0.0481,0.8059,DOWN
2014-08-14,166.88,167.34,165.66,165.92,2905295,166.97,169.67,32.56,-0.3723,0.6491,DOWN
2014-08-15,165.11,165.61,164.12,164.58,3611044,166.16,168.61,29.17,-0.8076,0.3793,DOWN
2014-08-18,164.26,164.55,163.86,164.4,4362480,165.58,167.67,28.74,-0.1094,0.4043,DOWN
2014-08-19,163.8,164.27,162.6,164.08,3871229,165.1,166.92,27.94,-0.1946,0.3376,UP
2014-08-20,164.36,164.79,163.93,164.28,3788894,164.65,166.26,29.26,0.1219,0.3829,DOWN
2014-08-21,163.51,163.94,162.62,163.11,4081792,164.09,165.53,26.24,-0.7122,0.3944,DOWN
2014-08-22,163.29,163.76,162.33,162.76,3761466,163.73,164.94,25.4,-0.2146,0.3396,DOWN
2014-08-25,162.94,163.5,161.43,161.81,3260524,163.21,164.39,23.22,-0.5837,0.3158,DOWN
2014-08-26,160.63,160.92,160.03,160.23,4470613,162.44,163.77,20.12,-0.9765,0.3743,UP
2014-08-27,160.49,161.31,159.01,160.56,3753696,161.69,163.17,22.45,0.206,0.397,DOWN
2014-08-28,160.85,161.01,159.08,160.05,3752854,161.08,162.59,21.41,-0.3176,0.3972,DOWN
2014-08-29,158.95,159.91,158.82,159.64,3802628,160.46,162.09,20.59,-0.2562,0.365,DOWN
2014-09-02,160.08,161.01,158.92,159.48,5246528,159.99,161.6,20.26,-0.1002,0.3655,UP
2014-09-03,160.06,161.14,159.77,161.06,5763557,160.16,161.3,31.8,0.9907,0.5501,UP
2014-09-04,161.85,163.09,161.34,162.85,5663319,160.62,161.16,42.03,1.1114,0.684,UP
2014-09-05,163.1,164.39,162.59,163.57,5050570,161.32,161.2,45.57,0.4421,0.6635,UP
2014-09-08,163.22,164.71,162.82,164.44,5746913,162.28,161.37,49.58,0.5319,0.6748,UP
2014-09-09,165.56,166.11,164.37,165.51,4922134,163.49,161.74,54.05,0.6507,0.6472,UP
2014-09-10,165.66,166.02,165.5,165.88,5382339,164.45,162.3,55.53,0.2236,0.4916,UP
2014-09-11,165.59,167.11,164.61,166.97,4178104,165.27,162.94,59.63,0.6571,0.4977,DOWN
2014-09-12,166.96,167.51,166.28,166.96,4110820,165.95,163.64,59.57,-0.006,0.4563,DOWN
2014-09-15,166.42,167.18,165.59,166.56,5429668,166.38,164.33,57.32,-0.2396,0.4536,UP
2014-09-16,167.37,168.14,166.3,167.35,4889498,166.74,165.11,60.49,0.4743,0.4142,UP
2014-09-17,168.11,169.04,167.98,168.77,4480939,167.32,165.89,65.46,0.8485,0.3969,DOWN
2014-09-18,168.41,169.38,167.51,168.11,3752913,167.55,166.41,61.59,-0.3911,0.411,DOWN
2014-09-19,167.45,168.08,166.23,167.06,5498498,167.57,166.76,55.91,-0.6246,0.5036,UP
2014-09-22,166.27,168.88,165.98,167.58,5550959,167.77,167.08,57.98,0.3113,0.4927,UP
2014-09-23,167.92,169.66,167.5,168.39,6262913,167.98,167.36,61.04,0.4834,0.478,UP
2014-09-24,168.29,170.55,167.47,169.93,6401195,168.21,167.77,66.09,0.9145,0.5328,UP
2014-09-25,170.22,173.5,169.46,173.07,6216027,169.21,168.38,73.61,1.8478,0.7316,UP
2014-09-26,172.56,174.89,171.79,173.91,6364004,170.58,169.07,75.19,0.4854,0.7206,UP
2014-09-29,173.49,176.85,173.44,175.82,5431214,172.22,170.0,78.37,1.0983,0.7105,UP
2014-09-30,176.18,177.58,175.78,176.66,4733271,173.88,170.93,79.61,0.4778,0.7105,UP
2014-10-01,177.1,177.33,176.79,177.13,3914988,175.32,171.77,80.29,0.266,0.7067,DOWN
2014-10-02,177.4,177.82,175.93,176.76,4170510,176.06,172.63,78.08,-0.2089,0.6835,DOWN
2014-10-03,176.77,177.86,174.12,175.45,3998328,176.36,173.47,70.68,-0.7411,0.7055,DOWN
2014-10-06,176.74,177.09,174.17,175.44,4547317,176.29,174.26,70.62,-0.0057,0.7216,UP
2014-10-07,175.6,176.36,175.06,176.07,5483042,176.17,175.02,72.1,0.3591,0.7222,UP
2014-10-08,176.99,178.13,176.37,177.24,5135366,176.19,175.76,74.64,0.6645,0.7085,UP
2014-10-09,176.5,178.25,175.93,177.41,5193615,176.32,176.19,75.0,0.0959,0.5047,UP
2014-10-10,176.97,179.89,176.58,178.9,6821084,177.01,176.69,77.93,0.8399,0.5347,UP
2014-10-13,178.86,181.83,177.9,181.61,5706246,178.25,177.27,82.06,1.5148,0.6153,UP
2014-10-14,181.28,183.49,181.1,183.36,5077604,179.7,177.94,84.12,0.9636,0.647,UP
2014-10-15,183.8,185.13,183.43,184.46,5085820,181.15,178.67,85.27,0.5999,0.6493,UP
2014-10-16,184.73,185.96,182.6,185.64,5363971,182.79,179.56,86.4,0.6397,0.6142,UP
2014-10-17,186.17,186.91,185.51,186.65,4256296,184.34,180.68,87.3,0.5441,0.4359,UP
2014-10-20,187.65,187.82,186.5,186.72,4630601,185.37,181.81,87.36,0.0375,0.4291,UP
2014-10-21,186.02,187.38,185.56,187.13,4579261,186.12,182.91,87.75,0.2196,0.4409,UP
2014-10-22,187.0,188.57,186.52,187.91,3431079,186.81,183.98,88.46,0.4168,0.4445,DOWN
2014-10-23,187.26,187.46,185.75,186.78,3625460,187.04,184.92,81.1,-0.6014,0.5678,DOWN
2014-10-24,186.51,187.08,185.54,186.35,4044036,186.98,185.66,78.43,-0.2302,0.6002,DOWN
2014-10-27,186.18,186.49,185.58,186.1,4241615,186.85,186.11,76.85,-0.1342,0.4769,DOWN
2014-10-28,186.2,188.09,185.14,185.54,4248376,186.54,186.33,73.28,-0.3009,0.4307,UP
2014-10-29,185.7,186.28,183.91,185.82,4339604,186.12,186.46,73.93,0.1509,0.3972,DOWN
2014-10-30,186.54,187.58,183.98,185.63,3495366,185.89,186.46,72.63,-0.1022,0.3457,DOWN
2014-10-31,185.54,185.71,183.6,183.78,4225485,185.37,186.18,61.35,-0.9966,0.4131,DOWN
2014-11-03,184.71,185.56,182.65,183.73,4304088,184.9,185.88,61.08,-0.0272,0.4102,DOWN
2014-11-04,183.29,184.81,182.64,183.46,4800763,184.48,185.51,59.52,-0.147,0.3883,UP
2014-11-05,183.3,184.18,182.2,183.65,5408157,184.05,185.08,60.29,0.1036,0.3433,UP
2014-11-06,184.3,185.02,182.87,184.22,5670146,183.77,184.83,62.58,0.3104,0.3541,UP
2014-11-07,185.73,186.41,184.95,185.96,5588499,184.2,184.79,68.55,0.9445,0.4891,UP
2014-11-10,186.85,188.95,185.16,187.81,6118403,185.02,184.96,73.4,0.9948,0.5813,UP
2014-11-11,188.02,191.24,187.8,190.36,4969345,186.4,185.44,78.36,1.3578,0.684,UP
2014-11-12,190.95,192.34,190.52,192.1,4935308,188.09,186.07,80.97,0.9141,0.7126,UP
2014-11-13,192.53,194.58,192.21,193.64,4901509,189.97,186.87,82.93,0.8017,0.7083,DOWN
2014-11-14,193.87,194.54,193.27,193.36,4002682,191.45,187.83,81.29,-0.1446,0.5522,DOWN
2014-11-17,193.38,195.21,190.94,192.45,5281092,192.38,188.7,76.03,-0.4706,0.6145,UP
2014-11-18,193.08,194.43,192.76,193.85,5349674,193.08,189.74,78.35,0.7275,0.5787,UP
2014-11-19,195.32,195.52,193.63,194.54,5640344,193.57,190.83,79.41,0.3559,0.5622,UP
2014-11-20,194.47,196.51,192.24,195.46,5334444,193.93,191.95,80.76,0.4729,0.5558,UP
2014-11-21,195.37,197.18,195.26,196.18,4656441,194.5,192.98,81.77,0.3684,0.5454,UP
2014-11-24,196.74,196.86,196.4,196.54,3869828,195.31,193.85,82.27,0.1835,0.53,DOWN
2014-11-25,196.58,196.96,195.91,196.13,4217156,195.77,194.42,79.59,-0.2086,0.461,DOWN
2014-11-26,196.13,196.32,195.07,195.76,3531691,196.01,194.79,77.15,-0.1887,0.4286,DOWN
2014-11-28,196.25,197.71,194.78,194.97,3854394,195.92,194.92,72.07,-0.4036,0.4063,DOWN
2014-12-01,194.5,196.45,193.67,194.09,4195882,195.5,195.0,66.79,-0.4514,0.4348,DOWN
2014-12-02,193.39,194.02,192.71,193.37,4023091,194.86,195.09,62.74,-0.371,0.4228,DOWN
2014-12-03,192.75,194.05,192.48,192.86,4197742,194.21,194.99,59.97,-0.2637,0.357,DOWN
2014-12-04,192.48,193.0,191.82,192.46,4252376,193.55,194.78,57.81,-0.2074,0.3291,DOWN
2014-12-05,192.56,193.74,192.17,192.3,3347086,193.02,194.47,56.93,-0.0831,0.2599,DOWN
2014-12-08,192.23,192.81,189.93,190.32,4833591,192.26,193.88,47.3,-1.0296,0.3131,UP
2014-12-09,191.11,191.65,190.19,190.73,4123615,191.73,193.3,49.22,0.2154,0.3187,DOWN
2014-12-10,190.26,192.68,189.68,190.45,3103134,191.25,192.73,47.94,-0.1468,0.3213,DOWN
2014-12-11,189.43,189.58,187.93,188.72,2294837,190.5,192.03,40.86,-0.9084,0.3719,DOWN
2014-12-12,188.11,188.79,184.89,186.09,2941093,189.26,191.14,32.91,-1.3936,0.4948,DOWN
2014-12-15,185.48,185.8,183.42,184.21,4081507,188.04,190.15,28.62,-1.0103,0.5239,DOWN
2014-12-16,184.23,184.68,182.79,183.59,2796890,186.61,189.17,27.35,-0.3366,0.5251,DOWN
2014-12-17,183.68,184.55,180.36,180.72,3846909,184.67,187.96,22.41,-1.5633,0.6097,DOWN
2014-12-18,180.84,181.28,180.06,180.29,3225377,182.98,186.74,21.78,-0.2379,0.6073,DOWN
2014-12-19,179.6,180.27,176.87,177.2,2369156,181.2,185.23,17.86,-1.7139,0.6554,DOWN
2014-12-22,176.58,177.02,174.55,174.58,2454213,179.28,183.66,15.34,-1.4786,0.6865,DOWN
2014-12-23,173.95,174.65,172.14,172.29,2072458,177.02,181.81,13.55,-1.3117,0.5835,DOWN
2014-12-24,171.84,172.6,168.83,169.67,2418751,174.81,179.74,11.84,-1.5207,0.5154,DOWN
2014-12-26,170.02,170.31,165.95,167.26,2168880,172.2,177.59,10.52,-1.4204,0.5145,DOWN
2014-12-29,167.0,167.26,163.91,163.98,4090797,169.56,175.38,9.05,-1.961,0.567,DOWN
2014-12-30,163.64,164.56,162.68,163.03,3411165,167.25,173.26,8.67,-0.5793,0.6029,DOWN
2014-12-31,162.11,162.44,159.75,160.36,4737681,164.86,170.94,7.7,-1.6377,0.5288,DOWN
2015-01-02,159.84,160.37,159.46,159.69,4517044,162.86,168.83,7.47,-0.4178,0.5955,DOWN
2015-01-05,159.3,160.16,158.69,159.39,3417366,161.29,166.74,7.36,-0.1879,0.6048,DOWN
2015-01-06,159.46,159.91,157.75,158.24,3012189,160.14,164.85,6.96,-0.7215,0.5967,DOWN
2015-01-07,158.08,158.4,156.26,157.22,3067659,158.98,163.11,6.62,-0.6446,0.5998,DOWN
2015-01-08,156.84,157.59,155.44,155.82,4293231,158.07,161.47,6.16,-0.8905,0.5934,DOWN
2015-01-09,155.84,156.96,154.67,155.63,4174999,157.26,160.06,6.1,-0.1219,0.6208,UP
2015-01-12,155.74,157.51,154.85,155.74,4887178,156.53,158.91,6.68,0.0707,0.6492,UP
2015-01-13,156.0,157.33,155.41,156.68,3976150,156.22,158.18,11.66,0.6036,0.6047,DOWN
2015-01-14,156.4,156.88,155.41,155.71,5942730,155.92,157.45,11.01,-0.6191,0.6058,UP
2015-01-15,155.7,158.33,155.25,158.15,5321565,156.38,157.23,22.74,1.567,0.7436,UP
2015-01-16,158.16,158.81,157.7,158.59,4704818,156.97,157.12,24.67,0.2782,0.7469,DOWN
2015-01-20,158.56,158.83,157.64,158.47,3765801,157.52,157.02,24.49,-0.0757,0.7457,DOWN
2015-01-21,158.3,158.59,156.07,156.72,3003184,157.53,156.87,21.97,-1.1043,0.7921,DOWN
2015-01-22,156.19,156.92,154.03,154.12,3438035,157.21,156.56,18.88,-1.659,0.9244,DOWN
2015-01-23,153.58,153.84,151.22,151.95,3302051,155.97,156.18,16.75,-1.408,0.9804,DOWN
2015-01-26,151.6,151.79,150.25,150.9,3569222,154.43,155.7,15.83,-0.691,0.9888,DOWN
2015-01-27,150.49,151.27,148.89,149.68,5266312,152.67,155.1,14.8,-0.8085,0.9909,UP
2015-01-28,149.83,151.69,148.53,150.82,5247676,151.49,154.51,20.02,0.7616,1.0096,UP
2015-01-29,150.64,152.82,150.42,151.71,4711587,151.01,154.11,23.93,0.5901,1.0489,UP
2015-01-30,151.53,152.8,151.28,152.18,4213189,151.06,153.51,25.99,0.3098,0.8656,DOWN
2015-02-02,152.53,153.48,151.69,151.93,5054047,151.26,152.85,25.59,-0.1643,0.8391,UP
2015-02-03,152.01,154.06,150.31,153.4,5662820,152.01,152.34,32.15,0.9676,0.9455,UP
2015-02-04,154.2,156.79,154.01,155.16,6093376,152.88,152.18,39.08,1.1473,1.0044,UP
2015-02-05,156.01,157.35,155.34,157.14,5888049,153.96,152.49,45.79,1.2761,0.9222,UP
2015-02-06,157.66,160.17,156.92,159.32,5017668,155.39,153.22,52.04,1.3873,0.7963,UP
2015-02-09,160.18,160.43,158.86,160.01,4685271,157.01,154.14,53.86,0.4331,0.6845,UP
2015-02-10,160.3,161.44,159.28,160.38,4140688,158.4,155.21,54.85,0.2312,0.5035,UP
2015-02-11,160.36,161.35,159.74,160.91,4746608,159.55,156.21,56.29,0.3305,0.5154,UP
2015-02-12,160.48,162.4,160.08,161.82,4804068,160.49,157.22,58.73,0.5655,0.5158,UP
2015-02-13,161.91,162.88,161.55,161.84,5365816,160.99,158.19,58.78,0.0124,0.5452,UP
2015-02-17,160.97,164.06,160.72,162.95,4880793,161.58,159.29,61.79,0.6859,0.4707,DOWN
2015-02-18,162.23,163.5,161.48,162.87,4673626,162.08,160.24,61.45,-0.0491,0.5151,UP
2015-02-19,162.28,163.27,162.06,163.09,4678796,162.51,161.03,62.08,0.1351,0.4951,UP
2015-02-20,163.68,164.03,162.76,163.46,4567012,162.84,161.66,63.17,0.2269,0.4177,DOWN
2015-02-23,163.44,163.95,163.11,163.32,4785634,163.14,162.06,62.44,-0.0856,0.2587,DOWN
2015-02-24,163.22,163.77,162.28,163.19,4174103,163.19,162.38,61.72,-0.0796,0.2686,DOWN
2015-02-25,162.9,163.26,162.39,162.92,4038252,163.2,162.64,60.17,-0.1655,0.2914,DOWN
2015-02-26,163.82,164.37,161.83,162.3,3988406,163.04,162.78,56.66,-0.3806,0.3289,UP
2015-02-27,162.06,163.56,161.1,162.92,4429541,162.93,162.89,59.22,0.382,0.3033,DOWN
2015-03-02,163.14,163.67,161.67,162.31,4340386,162.73,162.93,55.73,-0.3744,0.3343,DOWN
2015-03-03,162.21,162.55,160.03,161.47,4559453,162.38,162.78,51.25,-0.5175,0.2847,UP
2015-03-04,161.76,163.04,161.71,161.81,3622914,162.16,162.68,52.9,0.2106,0.3003,DOWN
2015-03-05,162.98,163.59,160.63,160.93,4281998,161.89,162.46,48.33,-0.5438,0.3258,DOWN
2015-03-06,160.75,161.39,160.44,160.64,2535022,161.43,162.18,46.9,-0.1802,0.3003,DOWN
2015-03-09,160.71,160.9,157.81,158.02,3721028,160.57,161.65,36.38,-1.631,0.5466,DOWN
2015-03-10,158.05,158.17,157.12,157.6,4218365,159.8,161.09,35.03,-0.2658,0.5404,DOWN
2015-03-11,157.54,158.41,155.63,156.83,4840665,158.8,160.48,32.63,-0.4886,0.538,UP
2015-03-12,157.0,157.98,156.13,157.05,5369406,158.03,159.96,34.02,0.1403,0.5625,DOWN
2015-03-13,157.29,157.83,156.47,157.03,4435750,157.31,159.37,33.95,-0.0127,0.5194,UP
2015-03-16,156.78,158.34,156.56,157.55,3551567,157.21,158.89,37.48,0.3311,0.5642,DOWN
2015-03-17,156.9,157.25,156.33,156.47,3553762,156.99,158.39,33.48,-0.6855,0.5739,DOWN
2015-03-18,155.64,156.66,155.46,156.12,2809232,156.84,157.82,32.27,-0.2237,0.5457,DOWN
2015-03-19,155.54,156.4,154.55,155.13,4302091,156.46,157.24,29.09,-0.6341,0.5499,UP
2015-03-20,155.9,156.56,154.7,155.7,5006013,156.19,156.75,33.18,0.3674,0.5957,UP
2015-03-23,156.09,156.96,155.45,156.47,4905047,155.98,156.59,38.35,0.4945,0.4275,UP
2015-03-24,156.66,157.45,156.33,156.79,5125511,156.04,156.51,40.41,0.2045,0.4328,UP
2015-03-25,157.01,158.57,156.8,157.51,5152072,156.32,156.58,44.88,0.4592,0.43,UP
2015-03-26,157.43,160.04,156.96,158.87,4545871,157.07,156.76,52.18,0.8634,0.5027,UP
2015-03-27,160.16,160.97,157.58,158.88,3803024,157.7,156.95,52.23,0.0063,0.5021,UP
2015-03-30,158.44,159.4,157.42,159.17,3486737,158.24,157.11,53.75,0.1825,0.4973,DOWN
2015-03-31,158.87,159.65,157.62,157.83,3861809,158.45,157.25,46.43,-0.8419,0.5265,DOWN
2015-04-01,157.89,158.02,157.22,157.45,4063467,158.44,157.38,44.57,-0.2408,0.5277,DOWN
2015-04-02,157.72,158.04,156.26,157.33,5040147,158.13,157.6,43.98,-0.0762,0.4693,UP
2015-04-06,157.52,159.6,156.73,157.95,5793463,157.95,157.82,47.86,0.3941,0.4708,UP
2015-04-07,158.73,160.94,158.43,159.9,6026548,158.09,158.17,57.78,1.2346,0.5779,UP
2015-04-08,160.09,160.98,159.62,160.76,6140345,158.68,158.56,61.28,0.5378,0.5866,UP
2015-04-09,161.06,162.56,159.98,162.23,4983968,159.63,159.04,66.41,0.9144,0.6211,UP
2015-04-10,162.38,163.38,161.94,162.92,3825300,160.75,159.44,68.51,0.4253,0.5915,DOWN
2015-04-13,163.88,164.25,162.42,162.49,3768982,161.66,159.8,65.75,-0.2639,0.6099,DOWN
2015-04-14,161.51,162.09,160.93,161.93,5073551,162.07,160.08,62.22,-0.3446,0.6363,UP
2015-04-15,161.62,163.02,161.14,162.58,4948359,162.43,160.55,64.59,0.4014,0.5281,UP
2015-04-16,162.47,165.89,161.18,164.56,6031789,162.9,161.27,70.64,1.2179,0.563,UP
2015-04-17,165.3,167.24,165.1,166.98,6422053,163.71,162.23,76.03,1.4706,0.6143,UP
2015-04-20,167.04,170.45,166.6,169.5,6982983,165.11,163.38,80.12,1.5092,0.6715,UP
2015-04-21,169.63,174.23,168.39,172.53,7193511,167.23,164.65,83.72,1.7876,0.7389,UP
2015-04-22,172.7,176.9,170.81,176.4,6855192,169.99,166.21,86.97,2.2431,0.8663,UP
2015-04-23,175.8,179.78,175.22,179.49,5622369,172.98,167.94,88.87,1.7517,0.9036,UP
2015-04-24,178.92,181.8,178.46,180.71,4981956,175.73,169.72,89.53,0.6797,0.8885,UP
2015-04-27,180.71,181.71,179.47,181.47,5095519,178.12,171.61,89.92,0.4206,0.7982,UP
2015-04-28,182.51,184.33,181.8,182.12,3643520,180.04,173.63,90.26,0.3582,0.6773,DOWN
2015-04-29,182.19,182.42,181.19,181.37,4572636,181.03,175.51,86.64,-0.4118,0.8163,DOWN
2015-04-30,181.32,181.99,180.64,181.0,3143904,181.33,177.16,84.83,-0.204,0.9122,DOWN
2015-05-01,180.74,181.18,178.66,179.27,3554439,181.05,178.39,76.76,-0.9558,1.0704,DOWN
2015-05-04,179.6,179.81,176.63,176.93,3801262,180.14,179.13,67.42,-1.3053,1.2012,DOWN
2015-05-05,176.54,177.5,175.32,175.46,3971781,178.81,179.42,62.29,-0.8308,1.1586,DOWN
2015-05-06,175.45,175.77,175.02,175.43,3821126,177.62,179.32,62.18,-0.0171,0.9024,UP
2015-05-07,175.27,177.34,174.87,176.21,4674980,176.66,179.0,63.87,0.4446,0.6792,DOWN
2015-05-08,177.0,177.64,175.24,176.02,5314862,176.01,178.53,63.13,-0.1078,0.6104,UP
2015-05-11,176.37,177.62,175.64,176.8,4189914,175.98,178.06,64.93,0.4431,0.6132,DOWN
2015-05-12,176.83,177.06,175.71,176.13,2673838,176.12,177.46,62.13,-0.379,0.5738,DOWN
2015-05-13,175.03,175.45,174.11,174.26,3645481,175.88,176.75,55.0,-1.0617,0.6189,DOWN
2015-05-14,174.17,174.88,173.21,173.53,2706314,175.35,176.0,52.47,-0.4189,0.6151,DOWN
2015-05-15,173.22,173.44,170.4,170.89,4144600,174.32,175.17,44.5,-1.5214,0.6913,DOWN
2015-05-18,170.86,171.54,170.03,170.4,3545746,173.04,174.51,43.19,-0.2867,0.6275,DOWN
2015-05-19,169.79,170.25,169.66,170.07,3306842,171.83,173.97,42.28,-0.1937,0.608,DOWN
2015-05-20,169.96,170.87,169.59,169.81,2775789,170.94,173.41,41.55,-0.1529,0.6022,DOWN
2015-05-21,168.75,169.23,167.8,168.44,2135369,169.92,172.64,37.8,-0.8068,0.5528,DOWN
2015-05-22,168.65,170.04,164.32,165.71,2039534,168.89,171.6,31.68,-1.6208,0.6481,DOWN
2015-05-26,164.86,165.18,162.24,162.75,2024956,167.36,170.2,26.64,-1.7863,0.6327,DOWN
2015-05-27,162.53,162.65,157.89,159.02,2570611,165.15,168.49,21.91,-2.2919,0.76,DOWN
2015-05-28,157.66,158.65,155.29,156.07,3239240,162.4,166.67,19.03,-1.8551,0.8055,DOWN
2015-05-29,155.38,155.56,153.82,154.62,3482276,159.63,164.78,17.79,-0.9291,0.7736,DOWN
2015-06-01,154.7,155.28,153.0,153.56,4150849,157.2,163.05,16.93,-0.6856,0.7735,DOWN
2015-06-02,153.58,155.23,153.08,153.46,3598193,155.35,161.35,16.84,-0.0651,0.8008,DOWN
2015-06-03,153.98,154.27,151.64,152.24,2807531,153.99,159.57,15.82,-0.795,0.7514,DOWN
2015-06-04,152.11,152.8,150.12,150.76,5177657,152.93,157.66,14.66,-0.9721,0.6778,UP
2015-06-05,150.79,152.25,150.6,151.38,5484284,152.28,155.96,17.4,0.4112,0.842,UP
2015-06-08,151.52,152.66,150.83,151.85,5131925,151.94,154.57,19.51,0.3105,0.917,UP
2015-06-09,151.82,153.56,151.49,152.85,6126443,151.82,153.58,23.96,0.6585,0.9688,UP
2015-06-10,153.68,155.2,152.41,154.78,5298621,152.32,153.16,31.79,1.2627,0.9394,UP
2015-06-11,154.35,156.94,154.31,156.59,6433814,153.49,153.21,38.23,1.1694,0.8539,UP
2015-06-12,156.53,160.35,156.1,159.62,5603127,155.14,153.71,47.2,1.935,0.9669,UP
2015-06-15,159.42,161.96,159.08,161.25,5083157,157.02,154.48,51.3,1.0212,0.9185,DOWN
2015-06-16,161.0,161.38,160.42,161.1,4656377,158.67,155.24,50.91,-0.093,0.9204,UP
2015-06-17,161.32,161.61,160.68,161.42,2950920,160.0,156.16,51.75,0.1986,0.8136,DOWN
2015-06-18,162.69,164.43,159.32,159.54,3992389,160.59,157.04,46.66,-1.1647,0.8559,DOWN
2015-06-19,159.63,159.76,156.74,158.69,4311570,160.4,157.77,44.53,-0.5328,0.9248,UP
2015-06-22,158.37,159.4,157.52,158.85,5133403,159.92,158.47,45.04,0.1008,0.9313,UP
2015-06-23,158.29,159.98,157.87,159.64,4516450,159.63,159.15,47.6,0.4973,0.9288,UP
2015-06-24,158.95,160.38,158.44,160.19,4221373,159.38,159.69,49.36,0.3445,0.8826,DOWN
2015-06-25,160.35,161.47,159.41,159.66,4310242,159.41,160.0,47.7,-0.3309,0.8544,DOWN
2015-06-26,159.8,160.04,158.19,159.49,3098166,159.57,159.98,47.15,-0.1065,0.5989,DOWN
2015-06-29,160.32,161.15,157.76,158.04,3918967,159.4,159.66,42.63,-0.9091,0.5389,DOWN
2015-06-30,157.84,158.05,157.03,157.45,3783192,158.97,159.3,40.91,-0.3733,0.54,DOWN
2015-07-01,157.7,158.05,156.62,157.38,2890596,158.4,158.89,40.7,-0.0445,0.5239,DOWN
2015-07-02,157.47,157.8,154.93,156.22,2616352,157.72,158.56,37.29,-0.7371,0.4539,DOWN
2015-07-06,155.7,156.01,153.66,153.93,3340551,156.6,158.08,31.65,-1.4659,0.6002,DOWN
2015-07-07,154.07,155.01,151.1,152.75,3215403,155.55,157.48,29.2,-0.7666,0.5981,DOWN
2015-07-08,152.65,153.94,150.7,151.3,4040391,154.32,156.64,26.49,-0.9493,0.5311,DOWN
2015-07-09,152.08,152.22,150.13,150.67,4327327,152.97,155.69,25.38,-0.4164,0.4375,UP
2015-07-10,151.29,151.95,150.64,150.82,4874582,151.89,154.8,26.17,0.0996,0.4864,UP
2015-07-13,151.12,152.1,150.68,151.44,3595172,151.4,154.0,29.49,0.4111,0.5625,DOWN
2015-07-14,152.22,152.37,150.15,150.85,2627703,151.02,153.28,28.19,-0.3896,0.5458,DOWN
2015-07-15,150.37,150.73,149.01,149.16,4118374,150.59,152.45,24.82,-1.1203,0.582,DOWN
2015-07-16,149.87,150.15,148.45,148.95,4044661,150.24,151.61,24.43,-0.1408,0.5737,DOWN
2015-07-17,149.16,149.63,148.19,148.91,4339113,149.86,150.88,24.35,-0.0269,0.5913,UP
2015-07-20,149.31,149.56,147.98,149.37,5157790,149.45,150.42,27.25,0.3089,0.5239,UP
2015-07-21,149.4,151.97,149.25,151.42,5004374,149.56,150.29,38.56,1.3724,0.7139,UP
2015-07-22,151.31,152.5,150.65,151.68,5672065,150.07,150.33,39.84,0.1717,0.6481,UP
2015-07-23,152.19,153.44,151.16,153.14,4310293,150.9,150.57,46.56,0.9626,0.6888,DOWN
2015-07-24,153.96,154.59,151.6,152.8,3984124,151.68,150.77,45.29,-0.222,0.6996,DOWN
2015-07-27,151.85,153.43,151.62,152.57,4545318,152.32,150.88,44.41,-0.1505,0.6973,UP
2015-07-28,153.4,155.04,153.06,153.86,4085663,152.81,151.19,50.25,0.8455,0.7147,UP
2015-07-29,153.58,155.28,152.78,154.24,5058624,153.32,151.69,51.86,0.247,0.5446,UP
2015-07-30,154.23,156.8,154.15,155.57,5363803,153.81,152.36,57.08,0.8623,0.5392,UP
2015-07-31,155.34,157.19,154.96,156.92,4232362,154.63,153.16,61.64,0.8678,0.5277,DOWN
2015-08-03,157.73,157.89,155.99,156.54,3276701,155.43,153.87,59.72,-0.2422,0.5793,DOWN
2015-08-04,157.22,157.39,154.08,154.97,4069158,155.65,154.23,52.45,-1.0029,0.6513,DOWN
2015-08-05,154.57,155.35,153.98,154.47,3144620,155.69,154.51,50.35,-0.3226,0.6749,DOWN
2015-08-06,154.06,154.56,153.05,153.14,3203368,155.21,154.51,45.16,-0.861,0.6875,DOWN
2015-08-07,153.66,154.41,151.79,152.08,3946464,154.24,154.44,41.5,-0.6922,0.7199,DOWN
2015-08-10,152.07,152.94,151.57,151.76,3550597,153.28,154.35,40.43,-0.2104,0.7211,DOWN
2015-08-11,150.41,151.48,150.15,151.01,4532223,152.49,154.07,37.96,-0.4942,0.6577,UP
2015-08-12,151.09,152.28,150.32,151.88,4084088,151.97,153.83,42.35,0.5761,0.6892,UP
2015-08-13,152.48,153.15,151.97,152.93,4153164,151.93,153.57,47.21,0.6913,0.6629,UP
2015-08-14,152.7,154.23,151.69,153.57,2985431,152.23,153.23,49.98,0.4185,0.5967,DOWN
2015-08-17,152.96,153.15,151.84,152.14,3016630,152.31,152.8,44.38,-0.9312,0.6386,DOWN
2015-08-18,151.57,152.07,149.94,150.57,4203167,152.22,152.35,39.19,-1.0319,0.6423,DOWN
2015-08-19,150.77,150.94,149.2,150.07,4004899,151.86,151.92,37.68,-0.3321,0.6424,DOWN
2015-08-20,149.54,150.1,148.29,148.99,4157360,151.07,151.5,34.58,-0.7197,0.6298,DOWN
2015-08-21,149.6,149.68,148.11,148.58,3258654,150.07,151.15,33.46,-0.2752,0.6125,DOWN
2015-08-24,148.28,148.51,146.99,147.47,5165627,149.14,150.72,30.56,-0.7471,0.6336,UP
2015-08-25,147.44,149.05,147.15,147.96,4380083,148.61,150.42,33.3,0.3323,0.6567,DOWN
2015-08-26,147.38,148.14,146.62,147.9,4300565,148.18,150.02,33.13,-0.0406,0.6023,DOWN
2015-08-27,148.1,148.28,147.64,147.84,5128390,147.95,149.51,32.95,-0.0406,0.5109,UP
2015-08-28,147.22,148.64,146.42,148.48,4817331,147.93,149.0,36.97,0.4329,0.5133,UP
2015-08-31,149.6,150.3,149.43,149.58,6272923,148.35,148.74,43.27,0.7408,0.5671,UP
2015-09-01,150.44,151.89,149.91,151.37,5852378,149.03,148.82,51.73,1.1967,0.6249,UP
2015-09-02,152.09,155.16,151.28,154.26,5089484,150.31,149.24,61.67,1.9092,0.8367,UP
2015-09-03,154.73,155.15,154.51,154.83,4521924,151.7,149.83,63.28,0.3695,0.7597,UP
2015-09-04,155.48,156.41,154.53,155.69,3586168,153.15,150.54,65.62,0.5554,0.7237,DOWN
2015-09-08,155.99,156.57,154.39,154.99,3466635,154.23,151.29,62.14,-0.4496,0.6723,DOWN
2015-09-09,154.6,154.76,152.63,153.05,4938201,154.56,151.8,53.67,-1.2517,0.873,DOWN
2015-09-10,153.8,154.94,152.66,152.86,5102035,154.28,152.3,52.91,-0.1241,0.8775,UP
2015-09-11,153.7,154.53,151.94,153.77,4947867,154.07,152.89,56.12,0.5953,0.8703,UP
2015-09-14,153.87,154.66,152.58,154.48,3748822,153.83,153.49,58.49,0.4617,0.8705,DOWN
2015-09-15,154.51,154.72,152.6,152.91,4075321,153.41,153.82,51.81,-1.0163,0.9662,DOWN
2015-09-16,151.87,152.07,150.31,151.53,4380471,153.11,153.84,46.75,-0.9025,0.9596,DOWN
2015-09-17,151.31,151.67,150.48,151.03,4606770,152.74,153.51,45.04,-0.33,0.6924,UP
2015-09-18,150.91,151.64,149.5,151.13,4241781,152.22,153.14,45.47,0.0662,0.6706,DOWN
2015-09-21,151.31,151.63,149.9,150.39,4740999,151.4,152.61,42.8,-0.4896,0.6118,UP
2015-09-22,150.48,151.69,150.02,151.11,4726804,151.04,152.23,46.12,0.4788,0.6623,UP
2015-09-23,151.95,152.65,151.46,151.6,4756832,151.05,152.08,48.31,0.3243,0.5802,UP
2015-09-24,152.22,152.65,151.99,152.28,5021923,151.3,152.02,51.29,0.4485,0.6046,UP
2015-09-25,152.05,153.8,151.62,153.37,3488713,151.75,151.98,55.68,0.7158,0.6196,UP
2015-09-28,153.74,153.98,153.42,153.69,2959328,152.41,151.9,56.91,0.2086,0.6025,DOWN
2015-09-29,152.68,153.48,152.32,153.1,4102121,152.81,151.92,53.94,-0.3839,0.5169,UP
2015-09-30,153.41,154.17,153.26,153.87,4383887,153.26,152.16,57.09,0.5029,0.4226,UP
2015-10-01,153.1,155.37,152.88,155.07,3784267,153.82,152.56,61.51,0.7799,0.427,UP
2015-10-02,155.18,155.99,154.91,155.7,4168506,154.29,153.02,63.62,0.4063,0.4229,UP
2015-10-05,156.69,158.13,156.25,157.0,5265754,154.95,153.68,67.58,0.8349,0.3495,UP
2015-10-06,156.29,158.36,156.05,157.93,5875486,155.91,154.36,70.09,0.5924,0.353,UP
2015-10-07,158.55,161.48,157.95,160.85,4541422,157.31,155.29,76.3,1.8489,0.5629,UP
2015-10-08,161.8,162.07,160.47,161.19,4087031,158.53,156.18,76.9,0.2114,0.5746,UP
2015-10-09,161.15,161.68,160.46,161.32,5425663,159.66,156.97,77.14,0.0807,0.5918,UP
2015-10-12,161.82,163.09,161.24,162.89,5383684,160.84,157.89,79.84,0.9732,0.5981,UP
2015-10-13,162.89,165.4,162.0,164.78,4421742,162.21,159.06,82.53,1.1603,0.5137,DOWN
2015-10-14,165.5,166.72,164.28,164.39,4488948,162.91,160.11,80.16,-0.2367,0.5978,DOWN
2015-10-15,165.06,165.36,163.37,164.32,5023223,163.54,161.04,79.71,-0.0426,0.6357,UP
2015-10-16,163.56,166.41,163.38,165.53,4937258,164.38,162.02,81.61,0.7364,0.634,UP
2015-10-19,166.07,167.33,164.86,166.91,5543040,165.19,163.01,83.5,0.8337,0.634,UP
2015-10-20,166.56,168.87,166.35,168.44,5213283,165.92,164.06,85.3,0.9167,0.6409,UP
2015-10-21,168.34,170.82,167.92,169.95,4915048,167.03,164.97,86.83,0.8965,0.4973,UP
2015-10-22,170.55,171.08,169.33,170.18,5286869,168.2,165.87,87.05,0.1353,0.5037,UP
2015-10-23,171.47,171.87,170.7,171.02,5460631,169.3,166.84,87.85,0.4936,0.4776,UP
2015-10-26,171.61,173.75,171.26,172.53,3892097,170.42,167.8,89.15,0.8829,0.4703,UP
2015-10-27,172.11,173.74,171.9,172.68,3865136,171.27,168.59,89.27,0.0869,0.4443,UP
2015-10-28,171.93,173.04,171.14,172.74,4791129,171.83,169.43,89.33,0.0347,0.4027,UP
2015-10-29,172.41,174.57,170.68,173.61,3886667,172.52,170.36,90.08,0.5036,0.3556,DOWN
2015-10-30,173.06,173.55,172.31,173.16,3660989,172.94,171.12,86.68,-0.2592,0.4298,DOWN
2015-11-02,173.35,174.38,172.06,172.22,4116008,172.88,171.65,79.89,-0.5429,0.5076,DOWN
2015-11-03,171.66,172.26,171.27,171.64,4264640,172.67,171.97,75.94,-0.3368,0.4971,DOWN
2015-11-04,172.4,172.74,170.92,171.22,3658209,172.37,172.1,73.12,-0.2447,0.445,DOWN
2015-11-05,171.27,171.82,169.44,170.15,1872138,171.68,172.1,66.36,-0.6249,0.4957,DOWN
2015-11-06,168.83,169.55,166.63,166.85,2788249,170.42,171.68,50.77,-1.9395,0.7553,DOWN
2015-11-09,166.5,167.02,163.03,163.97,3873829,168.77,170.82,41.59,-1.7261,0.7732,DOWN
2015-11-10,163.95,164.26,161.92,162.62,3127630,166.96,169.82,38.11,-0.8233,0.749,DOWN
2015-11-11,162.27,163.09,158.76,160.21,3558415,164.76,168.56,32.83,-1.482,0.7605,DOWN
2015-11-12,160.16,161.1,157.71,158.68,3770951,162.47,167.07,29.99,-0.955,0.621,DOWN
2015-11-13,158.72,159.52,157.52,157.79,3208652,160.65,165.54,28.45,-0.5609,0.5935,DOWN
2015-11-16,157.19,157.77,156.47,157.09,4320966,159.28,164.02,27.26,-0.4436,0.6013,DOWN
2015-11-17,158.06,158.92,156.39,156.82,4133298,158.12,162.54,26.79,-0.1719,0.6208,DOWN
2015-11-18,157.25,157.86,155.65,156.46,4313866,157.37,161.06,26.15,-0.2296,0.6226,DOWN
2015-11-19,157.2,158.2,155.84,156.0,4560722,156.83,159.65,25.32,-0.294,0.6469,UP
2015-11-20,155.42,156.36,154.97,156.15,5783465,156.5,158.58,26.15,0.0962,0.588,UP
2015-11-23,157.16,158.32,156.9,157.03,6107343,156.49,157.88,30.97,0.5636,0.5719,UP
2015-11-24,156.8,159.36,156.17,158.4,6345165,156.81,157.46,37.78,0.8724,0.683,UP
2015-11-25,157.47,161.42,156.59,160.56,6732000,157.63,157.5,46.7,1.3636,0.7097,UP
2015-11-27,160.02,162.84,158.86,162.42,6287705,158.91,157.87,52.96,1.1584,0.7004,UP
2015-11-30,163.12,164.43,163.02,163.79,5578319,160.44,158.47,56.97,0.8435,0.6628,UP
2015-12-01,164.3,165.73,162.88,164.84,5256567,162.0,159.25,59.79,0.6411,0.5995,UP
2015-12-02,164.65,166.99,163.54,166.03,3658586,163.53,160.17,62.78,0.7219,0.5558,DOWN
2015-12-03,166.54,166.91,164.61,164.93,3882710,164.4,161.02,58.46,-0.6625,0.6364,DOWN
2015-12-04,164.67,164.77,163.62,163.97,3505601,164.71,161.81,54.91,-0.5821,0.6827,DOWN
2015-12-07,163.41,163.69,161.86,162.07,3514410,164.37,162.4,48.61,-1.1587,0.8582,DOWN
2015-12-08,162.32,163.31,159.44,160.07,4249204,163.41,162.71,43.02,-1.234,0.9924,DOWN
2015-12-09,159.61,160.09,158.81,159.13,4249921,162.03,162.78,40.66,-0.5872,0.9892,UP
2015-12-10,160.03,160.35,159.26,159.51,3639922,160.95,162.68,42.04,0.2388,0.8814,DOWN
2015-12-11,159.28,159.87,157.7,158.23,4169268,159.8,162.26,38.76,-0.8025,0.7934,DOWN
2015-12-14,158.58,159.14,157.04,158.12,3728227,159.01,161.69,38.48,-0.0695,0.6996,DOWN
2015-12-15,157.98,158.27,157.16,157.24,3288134,158.45,160.93,36.23,-0.5565,0.6076,DOWN
2015-12-16,157.77,158.13,155.12,156.16,4273115,157.85,159.94,33.64,-0.6868,0.4413,DOWN
2015-12-17,155.43,155.95,154.99,155.49,4142263,157.05,159.0,32.11,-0.429,0.4444,DOWN
2015-12-18,155.01,155.92,154.34,154.58,3046395,156.32,158.06,30.1,-0.5852,0.4444,DOWN
2015-12-21,154.6,155.96,151.63,152.33,3884824,155.16,157.09,25.8,-1.4556,0.494,DOWN
2015-12-22,151.83,152.34,150.53,151.19,4318167,153.95,156.2,23.94,-0.7484,0.4483,UP
2015-12-23,151.93,152.48,151.16,152.0,5875964,153.12,155.48,27.92,0.5357,0.5678,UP
2015-12-24,150.93,154.44,149.96,153.62,5176512,152.74,154.9,35.23,1.0658,0.72,UP
2015-12-28,153.53,155.17,153.29,154.5,6112476,152.73,154.52,38.86,0.5728,0.7592,UP
2015-12-29,154.44,156.65,153.67,155.96,6804076,153.45,154.31,44.42,0.945,0.8466,UP
2015-12-30,156.59,158.37,155.82,157.57,5071385,154.73,154.34,49.84,1.0323,0.9056,DOWN
2015-12-31,157.56,157.93,155.64,157.25,4624848,155.78,154.45,48.82,-0.2031,0.8758,DOWN
2016-01-04,157.03,157.3,155.7,157.14,4086870,156.48,154.61,48.46,-0.07,0.8601,DOWN
2016-01-05,157.46,158.26,155.84,156.27,4543793,156.84,154.78,45.54,-0.5536,0.8574,DOWN
2016-01-06,155.55,157.23,155.11,156.19,4706175,156.88,155.17,45.27,-0.0512,0.6656,UP
2016-01-07,155.9,157.11,155.24,156.24,3994580,156.62,155.67,45.49,0.032,0.5748,DOWN
2016-01-08,155.48,156.86,154.9,156.05,4578611,156.38,156.08,44.76,-0.1216,0.5862,UP
2016-01-11,156.2,157.89,155.04,156.62,4203273,156.27,156.38,47.47,0.3653,0.5177,UP
2016-01-12,157.0,157.39,155.9,156.79,4691386,156.38,156.61,48.29,0.1085,0.5005,UP
2016-01-13,157.64,158.87,156.96,157.82,5249540,156.7,156.79,53.05,0.6569,0.4559,UP
2016-01-14,157.21,161.3,156.36,159.42,5654757,157.34,156.98,59.31,1.0138,0.4518,UP
2016-01-15,159.9,162.27,159.39,161.17,4750608,158.36,157.37,64.83,1.0977,0.5297,UP
2016-01-19,161.58,162.07,161.28,161.41,4002250,159.32,157.8,65.52,0.1489,0.5195,DOWN
2016-01-20,161.61,161.99,160.53,160.82,5063812,160.13,158.25,62.28,-0.3655,0.4889,UP
2016-01-21,161.4,162.03,161.03,161.22,5471287,160.81,158.76,63.59,0.2487,0.4748,UP
2016-01-22,161.77,163.82,160.57,162.76,4413645,161.48,159.41,68.19,0.9552,0.5019,UP
2016-01-25,162.49,164.9,161.89,163.54,3988309,161.95,160.16,70.24,0.4792,0.4657,DOWN
2016-01-26,163.18,164.08,162.56,162.97,4336620,162.26,160.79,66.85,-0.3485,0.5335,DOWN
2016-01-27,162.97,163.97,161.93,162.33,3634005,162.56,161.35,63.17,-0.3927,0.5849,DOWN
2016-01-28,161.77,162.83,161.4,161.98,2800026,162.72,161.76,61.18,-0.2156,0.5988,DOWN
2016-01-29,160.08,161.26,159.18,160.57,2824681,162.28,161.88,53.83,-0.8705,0.6316,DOWN
2016-02-01,159.2,159.86,157.01,158.52,3661396,161.27,161.61,45.31,-1.2767,0.6499,DOWN
2016-02-02,158.71,158.95,155.39,156.59,3281380,160.0,161.13,39.05,-1.2175,0.717,DOWN
2016-02-03,155.94,156.3,153.82,154.6,3896389,158.45,160.51,33.85,-1.2708,0.7805,DOWN
2016-02-04,153.67,154.1,152.08,152.64,4571146,156.58,159.65,29.66,-1.2678,0.7897,DOWN
2016-02-05,152.39,152.52,151.96,152.11,3250530,154.89,158.58,28.63,-0.3472,0.5998,DOWN
2016-02-08,151.92,153.6,149.55,149.76,3900023,153.14,157.21,24.56,-1.5449,0.5013,DOWN
2016-02-09,149.16,149.85,148.08,148.25,4148161,151.47,155.73,22.35,-1.0083,0.4665,DOWN
2016-02-10,148.27,149.04,147.59,148.2,3793296,150.19,154.32,22.28,-0.0337,0.5237,UP
2016-02-11,148.88,149.27,148.12,148.37,3370021,149.34,152.96,23.18,0.1147,0.5795,DOWN
2016-02-12,148.57,150.21,146.75,146.93,5191861,148.3,151.6,20.97,-0.9705,0.5803,UP
2016-02-16,147.27,148.59,146.72,147.79,5015897,147.91,150.52,25.53,0.5853,0.7213,UP
2016-02-17,148.9,149.18,147.91,148.43,5136465,147.94,149.71,28.83,0.433,0.7755,UP
2016-02-18,148.05,150.38,147.7,149.18,5614167,148.14,149.17,32.59,0.5053,0.7905,UP
2016-02-19,149.17,150.38,148.84,150.09,5571597,148.48,148.91,36.94,0.61,0.772,UP
2016-02-22,150.11,152.2,149.51,151.09,4150776,149.32,148.81,41.42,0.6663,0.811,UP
2016-02-23,150.96,152.98,150.72,151.82,5786877,150.12,149.02,44.52,0.4832,0.6338,UP
2016-02-24,152.42,155.22,152.2,154.22,6788632,151.28,149.61,53.27,1.5808,0.6421,UP
2016-02-25,154.17,157.14,153.91,156.61,5942894,152.77,150.45,60.03,1.5497,0.715,UP
2016-02-26,156.7,159.18,156.08,158.3,5084154,154.41,151.45,63.99,1.0791,0.714,UP
2016-02-29,157.95,160.2,157.76,158.67,5063403,155.92,152.62,64.82,0.2337,0.4696,UP
2016-03-01,157.77,160.58,156.5,159.4,4451820,157.44,153.78,66.45,0.4601,0.4768,UP
2016-03-02,159.81,160.87,159.5,159.95,2890839,158.59,154.93,67.66,0.345,0.4842,DOWN
2016-03-03,159.52,160.97,157.89,158.66,4311103,159.0,155.88,61.99,-0.8065,0.6916,DOWN
2016-03-04,157.92,158.74,157.21,158.52,4360312,159.04,156.72,61.39,-0.0882,0.7271,UP
2016-03-07,158.88,159.98,158.22,159.21,4555290,159.15,157.54,63.28,0.4353,0.7266,UP
2016-03-08,160.31,160.8,158.3,159.72,2906882,159.21,158.33,64.66,0.3203,0.7295,DOWN
2016-03-09,159.47,160.06,157.83,158.4,2641940,158.9,158.74,58.53,-0.8264,0.7344,DOWN
2016-03-10,158.17,159.01,156.01,156.2,3325124,158.41,158.7,50.03,-1.3889,0.7533,DOWN
2016-03-11,156.41,156.83,154.53,155.18,3904937,157.74,158.39,46.65,-0.653,0.6655,UP
2016-03-14,155.96,157.17,154.26,155.2,4299038,156.94,158.04,46.73,0.0129,0.6532,UP
2016-03-15,155.56,155.84,155.31,155.48,5511445,156.09,157.65,47.85,0.1804,0.6263,UP
2016-03-16,155.49,158.07,155.26,157.06,5696453,155.82,157.36,53.76,1.0162,0.725,UP
2016-03-17,156.71,159.82,156.32,158.89,5587047,156.36,157.39,59.49,1.1652,0.7999,UP
2016-03-18,160.12,161.08,159.36,160.38,5758766,157.4,157.57,63.46,0.9378,0.8491,UP
2016-03-21,160.7,162.36,160.03,161.95,6438713,158.75,157.85,67.12,0.9789,0.8881,UP
2016-03-22,162.88,165.0,161.81,164.44,6508389,160.54,158.32,71.92,1.5375,0.9881,UP
2016-03-23,164.74,168.46,162.14,167.44,5201847,162.62,159.22,76.39,1.8244,1.0088,UP
2016-03-24,167.54,168.23,167.24,167.9,5239543,164.42,160.39,76.99,0.2747,0.7574,UP
2016-03-28,167.25,168.74,166.82,167.99,5500397,165.94,161.67,77.12,0.0536,0.6378,UP
2016-03-29,167.98,168.73,167.74,168.68,6307044,167.29,163.02,78.09,0.4107,0.5943,UP
2016-03-30,168.58,171.97,168.35,171.0,5361983,168.6,164.57,81.01,1.3754,0.5669,UP
2016-03-31,171.71,172.0,169.94,171.57,4330404,169.43,166.02,81.65,0.3333,0.5992,DOWN
2016-04-01,171.56,172.73,170.54,171.43,5165588,170.13,167.28,80.93,-0.0816,0.6618,UP
2016-04-04,171.5,172.93,170.63,172.39,4889340,171.01,168.48,82.11,0.56,0.6616,UP
2016-04-05,172.75,174.37,172.1,172.73,4601068,171.82,169.56,82.52,0.1972,0.6746,UP
2016-04-06,172.17,173.79,171.62,173.52,4489701,172.33,170.46,83.47,0.4574,0.5986,DOWN
2016-04-07,173.82,174.48,172.61,172.96,3617394,172.61,171.02,80.14,-0.3227,0.4547,DOWN
2016-04-08,171.93,173.03,171.32,172.71,4304936,172.86,171.5,78.63,-0.1445,0.4786,UP
2016-04-11,172.17,173.23,171.1,173.11,4284323,173.01,172.01,79.3,0.2316,0.4724,UP
2016-04-12,173.97,174.42,172.64,173.72,4100527,173.2,172.51,80.31,0.3524,0.4713,DOWN
2016-04-13,173.13,173.61,172.06,173.34,4320672,173.17,172.75,77.75,-0.2187,0.3062,DOWN
2016-04-14,173.28,173.47,172.61,172.79,4312980,173.13,172.87,74.07,-0.3173,0.3281,DOWN
2016-04-15,173.06,173.87,171.92,172.54,4294119,173.1,172.98,72.39,-0.1447,0.3319,UP
2016-04-18,172.73,173.92,172.51,172.77,3799414,173.03,173.02,73.0,0.1333,0.2854,DOWN
2016-04-19,172.61,173.41,171.02,171.96,4570774,172.68,172.94,67.38,-0.4688,0.3161,UP
2016-04-20,172.41,173.26,172.27,172.59,3834042,172.53,172.85,69.36,0.3664,0.301,DOWN
2016-04-21,172.74,173.03,170.58,171.29,2923020,172.23,172.68,61.14,-0.7532,0.3673,DOWN
2016-04-22,170.72,171.5,168.71,169.34,4237638,171.59,172.34,51.31,-1.1384,0.4943,DOWN
2016-04-25,169.38,170.22,168.15,169.0,5069082,170.84,171.93,49.81,-0.2008,0.4712,UP
2016-04-26,169.48,172.07,168.67,171.46,4712953,170.74,171.71,59.14,1.4556,0.6991,UP
2016-04-27,171.95,172.49,170.39,171.56,4344851,170.53,171.53,59.47,0.0583,0.7006,DOWN
2016-04-28,171.41,171.81,170.45,171.25,3802461,170.52,171.38,57.91,-0.1807,0.6972,DOWN
2016-04-29,171.14,171.6,169.45,170.59,3602725,170.77,171.18,54.62,-0.3854,0.7035,DOWN
2016-05-02,171.68,172.43,169.38,169.9,4419062,170.95,170.89,51.34,-0.4045,0.7033,DOWN
2016-05-03,169.88,170.04,168.68,169.77,5336647,170.61,170.68,50.72,-0.0765,0.6954,UP
2016-05-04,169.88,172.01,168.63,170.82,4363060,170.47,170.5,55.39,0.6185,0.7194,DOWN
2016-05-05,170.21,170.44,170.01,170.2,4006492,170.26,170.39,52.25,-0.363,0.69,DOWN
2016-05-06,169.85,170.42,168.81,169.17,3320947,169.97,170.37,47.42,-0.6052,0.614,DOWN
2016-05-09,169.24,169.57,166.85,167.25,4323505,169.44,170.2,40.01,-1.135,0.7101,DOWN
2016-05-10,166.55,167.83,166.27,167.14,4368778,168.92,169.76,39.63,-0.0658,0.4573,DOWN
2016-05-11,166.97,167.43,165.51,166.24,4588706,168.0,169.23,36.55,-0.5385,0.451,DOWN
2016-05-12,166.95,168.15,163.76,164.75,4629865,166.91,168.58,32.11,-0.8963,0.4832,DOWN
2016-05-13,164.61,165.02,164.35,164.49,3694948,165.97,167.97,31.39,-0.1578,0.4885,DOWN
2016-05-16,164.19,164.5,163.05,163.15,3076538,165.15,167.3,27.93,-0.8146,0.5092,DOWN
2016-05-17,164.39,165.23,160.24,160.48,3828125,163.82,166.37,22.58,-1.6365,0.6239,DOWN
2016-05-18,161.03,161.28,158.27,158.49,3497935,162.27,165.14,19.58,-1.24,0.4982,DOWN
2016-05-19,158.66,159.24,156.87,157.32,5423244,160.79,163.85,18.05,-0.7382,0.48,UP
2016-05-20,157.08,158.79,156.69,158.28,4920562,159.54,162.76,23.32,0.6102,0.6528,DOWN
2016-05-23,157.79,159.67,157.03,158.27,4769072,158.57,161.86,23.31,-0.0063,0.6593,UP
2016-05-24,158.48,159.69,158.15,159.2,3825758,158.31,161.07,28.47,0.5876,0.7399,DOWN
2016-05-25,159.27,160.4,157.68,158.33,3841347,158.28,160.28,26.66,-0.5465,0.74,DOWN
2016-05-26,158.1,158.35,156.34,156.92,4343409,158.2,159.49,24.0,-0.8905,0.7396,DOWN
2016-05-27,156.64,157.09,155.58,156.43,3788535,157.83,158.69,23.14,-0.3123,0.7336,DOWN
2016-05-31,156.39,157.89,154.69,155.33,3257988,157.24,157.91,21.28,-0.7032,0.7291,DOWN
2016-06-01,155.22,155.57,153.21,153.73,3637206,156.15,157.23,18.91,-1.0301,0.6431,DOWN
2016-06-02,153.59,153.87,151.13,152.41,2972060,154.96,156.62,17.21,-0.8586,0.5994,DOWN
2016-06-03,151.19,151.51,150.73,150.86,3912922,153.75,155.98,15.45,-1.017,0.6234,DOWN
2016-06-06,150.45,151.33,149.59,149.69,4684798,152.4,155.12,14.26,-0.7756,0.5143,UP
2016-06-07,149.99,150.75,149.57,150.12,4557079,151.36,154.3,16.79,0.2873,0.5558,UP
2016-06-08,149.4,150.93,148.55,150.37,4945983,150.69,153.42,18.3,0.1665,0.4716,UP
2016-06-09,150.64,151.02,150.2,150.63,4364313,150.33,152.65,19.92,0.1729,0.5269,UP
2016-06-10,149.91,151.17,149.71,150.83,4840479,150.33,152.04,21.22,0.1328,0.541,UP
2016-06-13,151.99,152.53,151.79,152.25,4990924,150.84,151.62,29.91,0.9415,0.6874,UP
2016-06-14,152.69,153.54,152.26,153.34,5003924,151.48,151.42,35.77,0.7159,0.7327,UP
2016-06-15,153.52,155.3,153.23,154.57,5751084,152.32,151.51,41.69,0.8021,0.7103,UP
2016-06-16,154.68,156.41,154.45,156.25,4946866,153.45,151.89,48.65,1.0869,0.6981,UP
2016-06-17,157.2,157.45,156.51,157.05,3709973,154.69,152.51,51.62,0.512,0.5386,DOWN
2016-06-20,157.5,157.51,154.42,156.54,3528335,155.55,153.2,49.65,-0.3247,0.4384,DOWN
2016-06-21,157.11,158.14,155.24,155.68,3622237,156.02,153.75,46.44,-0.5494,0.5407,DOWN
2016-06-22,154.99,155.36,153.06,154.46,3541780,156.0,154.16,42.26,-0.7837,0.6517,DOWN
2016-06-23,154.92,156.07,152.25,152.93,3927864,155.33,154.39,37.68,-0.9905,0.7651,DOWN
2016-06-24,152.6,153.62,151.79,152.06,4311606,154.33,154.51,35.33,-0.5689,0.7987,DOWN
2016-06-27,151.88,152.23,150.56,151.91,3511610,153.41,154.48,34.93,-0.0986,0.7402,DOWN
2016-06-28,151.92,152.67,149.78,150.56,3374772,152.38,154.2,31.45,-0.8887,0.7369,DOWN
2016-06-29,150.16,151.93,148.93,149.73,2926207,151.44,153.72,29.5,-0.5513,0.6563,DOWN
2016-06-30,149.34,150.39,146.92,147.93,5629661,150.44,152.88,25.78,-1.2022,0.4912,UP
2016-07-01,149.36,149.71,148.66,149.38,4586382,149.9,152.12,33.11,0.9802,0.6108,UP
2016-07-05,149.38,151.0,149.01,150.0,5414503,149.52,151.46,36.02,0.415,0.6755,UP
2016-07-06,149.92,151.75,149.79,151.38,5633875,149.68,151.03,42.06,0.92,0.7945,UP
2016-07-07,150.66,152.59,150.06,152.21,5586860,150.18,150.81,45.4,0.5483,0.8115,UP
2016-07-08,153.0,154.45,152.73,153.88,5777157,151.37,150.9,51.46,1.0972,0.8376,UP
2016-07-11,153.65,155.58,152.75,154.84,5271089,152.46,151.18,54.58,0.6239,0.8221,UP
2016-07-12,155.63,156.53,154.15,155.06,4979376,153.47,151.5,55.29,0.1421,0.8163,UP
2016-07-13,155.52,156.15,154.68,155.85,4807748,154.37,152.03,57.84,0.5095,0.7218,UP
2016-07-14,155.8,156.28,155.69,155.9,5131162,155.11,152.64,58.0,0.0321,0.6621,UP
2016-07-15,156.75,158.62,155.24,157.82,4581066,155.89,153.63,63.79,1.2316,0.4008,UP
2016-07-18,157.38,158.9,156.78,158.26,3929182,156.58,154.52,64.98,0.2788,0.398,UP
2016-07-19,159.1,159.48,157.47,158.63,4046944,157.29,155.38,66.0,0.2338,0.4103,UP
2016-07-20,158.63,159.65,157.83,159.16,4197355,157.95,156.16,67.45,0.3341,0.395,UP
2016-07-21,158.67,160.3,158.38,159.88,5394765,158.75,156.93,69.37,0.4524,0.3949,UP
2016-07-22,160.93,162.37,160.5,161.63,5565634,159.51,157.7,73.46,1.0946,0.3945,UP
2016-07-25,161.81,163.05,161.52,162.07,5678838,160.27,158.43,74.38,0.2722,0.3972,UP
2016-07-26,162.07,164.75,161.6,163.38,6075966,161.22,159.26,76.96,0.8083,0.3942,UP
2016-07-27,163.25,167.33,162.56,165.86,5192007,162.56,160.26,80.88,1.5179,0.5036,UP
2016-07-28,165.61,166.76,164.77,166.62,5034062,163.91,161.33,81.9,0.4582,0.4643,UP
2016-07-29,167.02,167.25,165.91,167.22,5303563,165.03,162.27,82.68,0.3601,0.4271,UP
2016-08-01,167.08,168.7,166.87,168.25,5323439,166.27,163.27,83.96,0.616,0.4137,UP
2016-08-02,168.28,169.96,167.87,169.27,5305716,167.44,164.33,85.14,0.6062,0.3918,UP
2016-08-03,169.16,171.26,167.58,170.15,4493242,168.3,165.43,86.08,0.5199,0.3792,DOWN
2016-08-04,170.42,171.33,168.52,169.84,4080929,168.95,166.43,84.05,-0.1822,0.4635,DOWN
2016-08-05,169.5,170.19,168.24,168.66,2830827,169.23,167.13,76.64,-0.6948,0.5841,DOWN
2016-08-08,167.74,167.79,166.56,166.79,3444308,168.94,167.6,66.62,-1.1087,0.7614,DOWN
2016-08-09,166.64,166.89,165.21,165.48,4587004,168.18,167.81,60.64,-0.7854,0.8064,DOWN
2016-08-10,165.02,166.7,164.02,165.33,3758254,167.22,167.76,59.97,-0.0906,0.6427,DOWN
2016-08-11,164.93,165.87,163.06,164.01,4204119,166.05,167.5,54.33,-0.7984,0.6593,DOWN
2016-08-12,164.32,164.41,161.61,163.22,4119669,164.97,167.1,51.23,-0.4817,0.6395,DOWN
2016-08-15,162.46,163.74,162.11,162.31,3875909,164.07,166.51,47.84,-0.5575,0.5688,DOWN
2016-08-16,161.4,162.51,160.78,161.6,4562061,163.29,165.74,45.32,-0.4374,0.4571,UP
2016-08-17,162.83,163.4,161.41,162.04,4420210,162.64,164.93,47.17,0.2723,0.4013,UP
2016-08-18,161.57,163.97,160.48,162.62,3608307,162.36,164.21,49.6,0.3579,0.4762,DOWN
2016-08-19,162.31,162.92,160.93,161.57,3825968,162.03,163.5,45.52,-0.6457,0.4734,DOWN
2016-08-22,162.11,162.91,160.2,160.3,4014176,161.63,162.85,41.11,-0.786,0.4309,DOWN
2016-08-23,159.98,160.03,158.97,159.39,3771171,161.18,162.24,38.26,-0.5677,0.4142,DOWN
2016-08-24,158.73,159.23,157.21,158.07,3329017,160.39,161.51,34.51,-0.8282,0.4238,DOWN
2016-08-25,158.12,160.02,156.15,156.87,5306255,159.24,160.8,31.49,-0.7592,0.4204,UP
2016-08-26,156.9,159.69,156.55,158.45,4840912,158.62,160.32,39.05,1.0072,0.621,DOWN
2016-08-29,158.44,159.09,157.51,158.04,3952779,158.16,159.89,37.88,-0.2588,0.6141,DOWN
2016-08-30,157.98,158.46,155.36,156.56,3865909,157.6,159.39,33.93,-0.9365,0.649,DOWN
2016-08-31,155.85,156.78,155.65,155.97,2897780,157.18,158.78,32.48,-0.3769,0.6154,DOWN
2016-09-01,155.35,156.11,154.02,154.42,4649620,156.69,157.96,28.97,-0.9938,0.5831,UP
2016-09-02,154.67,155.54,154.26,154.83,4240644,155.96,157.29,31.09,0.2655,0.6296,UP
2016-09-06,154.57,155.81,154.31,154.97,4280840,155.35,156.76,31.84,0.0904,0.6345,DOWN
2016-09-07,155.07,155.1,154.45,154.76,2912672,154.99,156.29,31.29,-0.1355,0.6317,DOWN
2016-09-08,154.95,155.21,152.6,153.19,4522834,154.43,155.81,27.48,-1.0145,0.6517,DOWN
2016-09-09,152.76,153.76,152.46,153.16,3579352,154.18,155.44,27.41,-0.0196,0.637,DOWN
2016-09-12,152.92,153.14,152.16,152.64,4147513,153.74,154.85,26.18,-0.3395,0.4634,DOWN
2016-09-13,152.24,153.54,151.95,152.3,3346215,153.21,154.28,25.39,-0.2227,0.4645,DOWN
2016-09-14,152.36,153.63,150.76,150.86,3625219,152.43,153.71,22.29,-0.9455,0.4657,DOWN
2016-09-15,150.69,151.29,149.1,149.51,3010104,151.69,153.06,19.84,-0.8949,0.4946,DOWN
2016-09-16,150.11,150.41,147.13,147.99,3467792,150.66,152.42,17.52,-1.0167,0.4976,DOWN
2016-09-19,148.24,149.76,145.6,146.34,2455371,149.4,151.57,15.4,-1.1149,0.4763,DOWN
2016-09-20,146.0,147.19,143.95,144.22,2098719,147.78,150.5,13.2,-1.4487,0.4907,DOWN
2016-09-21,143.6,143.91,141.14,141.55,3577116,145.92,149.18,11.05,-1.8513,0.5605,DOWN
2016-09-22,141.5,142.69,139.85,140.86,3536980,144.19,147.94,10.58,-0.4875,0.5718,DOWN
2016-09-23,141.86,142.06,139.71,140.06,3603424,142.61,146.63,10.03,-0.5679,0.5077,DOWN
2016-09-26,140.31,141.25,139.54,139.8,3777395,141.3,145.35,9.86,-0.1856,0.5282,DOWN
2016-09-27,139.68,139.98,139.4,139.73,3853518,140.4,144.09,9.81,-0.0501,0.554,DOWN
2016-09-28,139.38,140.25,138.79,139.52,3270471,139.99,142.96,9.65,-0.1503,0.5953,DOWN
2016-09-29,139.58,139.65,138.44,139.01,4370113,139.62,141.91,9.26,-0.3655,0.607,UP
2016-09-30,139.67,139.98,138.23,139.11,4203881,139.43,141.02,10.03,0.0719,0.6451,UP
2016-10-03,138.59,139.49,138.12,139.18,3758171,139.31,140.3,10.6,0.0503,0.65,UP
2016-10-04,138.7,139.62,137.0,139.4,5196751,139.24,139.82,12.48,0.1581,0.5843,UP
2016-10-05,139.66,141.94,139.5,140.23,5636957,139.39,139.69,19.38,0.5954,0.3422,UP
2016-10-06,141.12,141.49,140.91,141.19,5113284,139.82,139.72,26.59,0.6846,0.3895,UP
2016-10-07,140.8,142.22,140.09,142.12,4047438,140.42,139.93,32.86,0.6587,0.3753,DOWN
2016-10-10,142.31,142.63,141.84,142.04,3398967,141.0,140.15,32.6,-0.0563,0.3646,DOWN
2016-10-11,141.95,142.36,140.31,140.98,2758488,141.31,140.28,29.32,-0.7463,0.4625,DOWN
2016-10-12,140.17,140.45,138.6,139.46,4647557,141.16,140.27,25.38,-1.0782,0.5912,DOWN
2016-10-13,138.95,139.46,138.9,139.29,2711120,140.78,140.3,24.97,-0.1219,0.5795,DOWN
2016-10-14,138.85,139.01,137.29,137.99,2783035,139.95,140.19,22.07,-0.9333,0.6524,DOWN
2016-10-17,138.16,138.6,135.71,136.1,3949590,138.76,139.88,18.68,-1.3697,0.7659,DOWN
2016-10-18,136.29,136.96,135.58,135.6,4666032,137.69,139.5,17.89,-0.3674,0.7549,UP
2016-10-19,135.91,136.28,135.61,136.03,3445637,137.0,139.08,20.97,0.3171,0.7238,DOWN
2016-10-20,135.42,136.73,134.41,135.03,4196321,136.15,138.46,19.17,-0.7351,0.6438,DOWN
2016-10-21,135.25,135.48,134.08,134.69,5317729,135.49,137.72,18.59,-0.2518,0.5238,UP
2016-10-24,134.51,136.62,134.06,135.38,4972212,135.35,137.06,23.66,0.5123,0.6059,UP
2016-10-25,134.67,135.86,134.35,135.58,4691370,135.34,136.52,25.12,0.1477,0.6274,DOWN
2016-10-26,134.97,135.44,134.58,135.24,4408347,135.18,136.09,24.27,-0.2508,0.5789,DOWN
2016-10-27,135.31,135.4,133.54,134.36,4655357,135.05,135.6,22.18,-0.6507,0.5844,UP
2016-10-28,133.8,135.85,132.87,134.79,5012057,135.07,135.28,25.55,0.32,0.5818,UP
2016-10-31,134.73,135.45,134.69,135.25,4256491,135.04,135.2,29.09,0.3413,0.4461,DOWN
2016-11-01,135.04,135.37,134.35,135.2,3615828,134.97,135.16,28.93,-0.037,0.4329,DOWN
2016-11-02,135.45,136.32,134.17,134.86,3291477,134.89,135.04,27.8,-0.2515,0.4196,DOWN
2016-11-03,134.12,134.99,133.27,133.7,2863423,134.76,134.91,24.32,-0.8602,0.4424,DOWN
2016-11-04,133.55,133.95,132.35,132.76,2890228,134.35,134.71,21.93,-0.7031,0.4811,DOWN
2016-11-07,132.4,132.61,130.89,131.27,4365512,133.56,134.3,18.77,-1.1223,0.5105,DOWN
2016-11-08,131.19,131.96,130.71,131.19,2375981,132.76,133.86,18.62,-0.0609,0.4938,DOWN
2016-11-09,130.61,130.83,129.52,129.72,4270873,131.73,133.31,16.01,-1.1205,0.552,DOWN
2016-11-10,129.12,130.44,129.03,129.71,3932334,130.93,132.84,15.99,-0.0077,0.5588,DOWN
2016-11-11,129.6,130.37,128.27,129.35,3491855,130.25,132.3,15.38,-0.2775,0.5089,DOWN
2016-11-14,128.88,129.42,128.25,128.44,3941509,129.68,131.62,13.92,-0.7035,0.4401,DOWN
2016-11-15,128.31,128.65,127.68,128.17,2904628,129.08,130.92,13.52,-0.2102,0.4223,DOWN
2016-11-16,127.91,128.18,126.98,127.14,3241507,128.56,130.15,12.07,-0.8036,0.4177,DOWN
2016-11-17,126.48,126.66,125.95,126.2,2457794,127.86,129.39,10.91,-0.7393,0.4106,DOWN
2016-11-18,125.61,125.88,124.26,124.73,3016333,126.94,128.59,9.4,-1.1648,0.4506,DOWN
2016-11-21,124.74,125.39,122.98,123.83,3831862,126.01,127.85,8.62,-0.7216,0.4177,DOWN
2016-11-22,123.85,124.12,122.53,123.43,2632396,125.07,127.07,8.28,-0.323,0.3886,DOWN
2016-11-23,123.72,124.33,122.31,123.11,3064627,124.26,126.41,8.02,-0.2593,0.3563,DOWN
2016-11-25,122.8,123.04,121.84,122.56,3228058,123.53,125.7,7.57,-0.4468,0.3101,DOWN
2016-11-28,121.87,122.41,121.51,122.21,4110139,123.03,124.98,7.29,-0.2856,0.3092,UP
2016-11-29,122.19,123.25,121.97,123.02,4391244,122.87,124.44,15.12,0.6628,0.4904,UP
2016-11-30,123.09,123.27,122.72,123.09,4487362,122.8,123.93,15.78,0.0569,0.5105,UP
2016-12-01,123.33,123.7,122.61,123.13,5046645,122.8,123.53,16.18,0.0325,0.506,UP
2016-12-02,122.81,124.82,122.47,124.14,4268900,123.12,123.32,25.82,0.8203,0.5946,DOWN
2016-12-05,123.53,124.25,122.62,123.18,3978928,123.31,123.17,23.1,-0.7733,0.5307,UP
2016-12-06,123.49,123.84,122.92,123.22,4710444,123.35,123.11,23.46,0.0325,0.4882,UP
2016-12-07,123.05,124.4,122.5,123.56,3757378,123.45,123.12,26.62,0.2759,0.4875,DOWN
2016-12-08,123.6,124.04,122.99,123.46,3472087,123.51,123.16,26.28,-0.0809,0.4797,DOWN
2016-12-09,123.44,123.79,122.18,122.89,4404287,123.26,123.19,24.35,-0.4617,0.4813,UP
2016-12-12,123.37,123.82,122.75,123.03,3399583,123.23,123.27,25.79,0.1139,0.4688,DOWN
2016-12-13,123.07,123.12,121.23,121.79,4802891,122.95,123.15,21.83,-1.0079,0.5273,UP
2016-12-14,121.32,122.14,120.26,122.01,4502826,122.64,123.04,24.06,0.1806,0.5328,UP
2016-12-15,122.61,122.75,122.1,122.59,4049450,122.46,122.99,29.75,0.4754,0.5615,DOWN
2016-12-16,122.24,122.86,121.21,121.96,3747926,122.28,122.77,27.35,-0.5139,0.4873,DOWN
2016-12-19,121.87,122.78,120.46,121.11,4558200,121.89,122.56,24.48,-0.6969,0.4774,DOWN
2016-12-20,121.07,121.32,120.18,120.3,4501928,121.59,122.27,22.11,-0.6688,0.4957,UP
2016-12-21,120.16,120.91,119.98,120.52,4200792,121.3,121.97,24.26,0.1829,0.4858,DOWN
2016-12-22,120.7,121.55,119.69,120.35,4422186,120.85,121.66,23.71,-0.1411,0.4839,UP
2016-12-23,120.41,120.67,120.37,120.51,3583165,120.56,121.42,25.41,0.1329,0.4919,UP
2016-12-27,120.8,120.88,119.92,120.52,2941267,120.44,121.17,25.52,0.0083,0.4857,DOWN
2016-12-28,120.55,120.95,120.03,120.21,3797682,120.42,121.01,24.31,-0.2572,0.3978,UP
2016-12-29,120.08,120.62,119.87,120.29,4079829,120.38,120.84,25.3,0.0666,0.3895,DOWN
2016-12-30,120.37,120.5,119.68,119.85,3999690,120.28,120.56,23.48,-0.3658,0.3274,DOWN
2017-01-03,120.2,120.36,119.57,119.76,3273073,120.13,120.34,23.12,-0.0751,0.3136,DOWN
2017-01-04,119.39,119.79,118.48,118.92,3648688,119.81,120.12,19.99,-0.7014,0.3144,DOWN
2017-01-05,119.29,119.71,118.6,118.73,4151930,119.51,119.97,19.35,-0.1598,0.264,UP
2017-01-06,118.93,119.56,118.24,119.21,4040857,119.29,119.84,25.79,0.4043,0.3,UP
2017-01-09,118.91,119.8,118.43,119.39,4192049,119.2,119.74,28.11,0.151,0.3106,DOWN
2017-01-10,119.61,120.26,118.31,118.93,4415833,119.04,119.58,25.88,-0.3853,0.3144,UP
2017-01-11,118.43,119.8,118.06,119.49,3315380,119.15,119.48,32.85,0.4709,0.3669,DOWN
2017-01-12,119.56,120.35,118.56,118.77,3611177,119.16,119.33,29.07,-0.6026,0.3997,DOWN
2017-01-13,118.53,119.13,117.77,117.8,4870140,118.88,119.08,24.91,-0.8167,0.4485,UP
2017-01-17,117.8,119.06,117.52,118.56,4895162,118.71,118.96,33.0,0.6452,0.5176,UP
2017-01-18,118.6,119.51,118.28,118.68,4989504,118.66,118.85,34.21,0.1012,0.5218,UP
2017-01-19,118.7,119.65,118.29,119.22,5401913,118.61,118.88,39.49,0.455,0.4987,UP
2017-01-20,118.88,121.74,118.55,120.18,5383577,118.89,119.02,47.55,0.8052,0.5495,UP
2017-01-23,120.35,121.65,119.98,121.57,4754510,119.64,119.26,56.56,1.1566,0.6369,UP
2017-01-24,121.65,122.93,120.8,122.3,3832768,120.39,119.55,60.41,0.6005,0.6489,UP
2017-01-25,122.83,122.94,122.29,122.52,4132608,121.16,119.91,61.52,0.1799,0.6117,UP
2017-01-26,122.92,123.16,121.61,122.91,4097313,121.9,120.25,63.47,0.3183,0.6088,UP
2017-01-27,122.54,123.11,121.87,122.93,4536293,122.45,120.67,63.57,0.0163,0.5357,UP
2017-01-30,123.3,124.24,123.19,123.68,3167468,122.87,121.26,67.26,0.6101,0.3491,DOWN
2017-01-31,124.04,124.68,121.98,122.89,3516031,122.99,121.69,60.33,-0.6387,0.492,DOWN
2017-02-01,122.59,122.98,121.89,122.09,3759600,122.9,122.03,54.24,-0.651,0.5848,DOWN
2017-02-02,121.89,122.66,120.98,121.25,4171999,122.57,122.23,48.67,-0.688,0.6554,DOWN
2017-02-03,121.36,122.62,119.97,120.62,4599617,122.11,122.28,44.95,-0.5196,0.6468,DOWN
2017-02-06,120.11,120.7,119.07,120.5,4362639,121.47,122.17,44.26,-0.0995,0.5138,UP
2017-02-07,120.93,121.04,120.42,120.86,4584261,121.06,122.02,46.91,0.2988,0.4764,UP
2017-02-08,120.47,121.14,119.91,120.88,4021294,120.82,121.86,47.06,0.0165,0.4678,DOWN
2017-02-09,121.27,122.17,120.02,120.83,4774991,120.74,121.65,46.7,-0.0414,0.4423,UP
2017-02-10,121.07,122.42,120.39,122.17,4529036,121.05,121.58,56.26,1.109,0.6002,UP
2017-02-13,122.68,123.56,122.53,123.14,3418226,121.58,121.52,61.63,0.794,0.6253,DOWN
2017-02-14,122.82,123.68,122.47,122.64,2320349,121.93,121.5,57.7,-0.406,0.6046,DOWN
2017-02-15,122.43,123.14,121.18,121.55,4582345,122.07,121.44,50.19,-0.8888,0.6361,UP
2017-02-16,121.47,122.28,120.6,122.03,4378608,122.31,121.52,53.08,0.3949,0.6054,UP
2017-02-17,121.29,123.85,120.74,122.22,3985092,122.32,121.68,54.22,0.1557,0.5695,DOWN
2017-02-21,121.84,122.32,121.69,121.93,4345568,122.07,121.82,52.15,-0.2373,0.5773,UP
2017-02-22,122.57,123.33,122.07,122.47,4860762,122.04,121.99,55.55,0.4429,0.5841,UP
2017-02-23,122.76,124.48,122.09,124.41,3593933,122.61,122.34,65.16,1.5841,0.7389,DOWN
2017-02-24,124.69,125.68,123.63,124.26,4168355,123.06,122.68,64.01,-0.1206,0.7433,UP
2017-02-27,123.89,124.85,123.7,124.35,3520852,123.48,122.9,64.41,0.0724,0.6853,DOWN
2017-02-28,124.57,124.98,122.38,123.43,4556567,123.78,122.93,57.29,-0.7398,0.7037,UP
2017-03-01,123.93,124.59,123.36,123.54,4377842,124.0,123.02,57.89,0.0891,0.6872,UP
2017-03-02,124.59,124.65,123.45,123.75,5045446,123.87,123.24,59.07,0.17,0.5979,UP
2017-03-03,124.25,125.16,123.58,125.11,4080260,124.04,123.55,65.77,1.099,0.6637,DOWN
2017-03-06,125.14,125.73,124.7,124.78,3759975,124.12,123.8,63.07,-0.2638,0.6834,UP
2017-03-07,125.27,125.5,124.66,125.13,4780519,124.46,124.12,64.72,0.2805,0.6652,UP
2017-03-08,125.56,126.19,124.53,125.47,4985193,124.85,124.42,66.3,0.2717,0.6622,UP
2017-03-09,125.15,126.06,124.57,125.68,5054011,125.23,124.55,67.27,0.1674,0.4663,UP
2017-03-10,126.04,127.88,125.81,127.06,4219000,125.62,124.83,72.83,1.098,0.5527,UP
2017-03-13,126.62,127.53,126.33,127.3,4738969,126.13,125.12,73.66,0.1889,0.5503,UP
2017-03-14,126.89,128.38,126.69,128.27,5036495,126.76,125.61,76.78,0.762,0.4503,UP
2017-03-15,128.75,129.78,128.6,129.42,4346190,127.55,126.2,79.82,0.8965,0.4632,DOWN
2017-03-16,129.36,130.0,128.13,128.71,5135050,128.15,126.69,73.42,-0.5486,0.5601,UP
2017-03-17,129.47,130.53,128.9,129.44,3220575,128.63,127.13,75.59,0.5672,0.5087,DOWN
2017-03-20,129.06,129.45,127.95,127.99,3700963,128.77,127.45,64.36,-1.1202,0.6689,DOWN
2017-03-21,127.89,128.2,126.3,126.79,4032375,128.47,127.61,56.84,-0.9376,0.7676,UP
2017-03-22,126.47,127.54,126.1,127.01,2702445,127.99,127.77,57.81,0.1735,0.7663,DOWN
2017-03-23,126.3,126.43,126.01,126.09,3017017,127.46,127.81,52.48,-0.7244,0.8113,DOWN
2017-03-24,125.99,126.91,124.74,125.02,3161044,126.58,127.6,47.04,-0.8486,0.76,DOWN
2017-03-27,125.21,125.88,124.16,124.33,4829681,125.85,127.31,43.89,-0.5519,0.7584,UP
2017-03-28,124.43,126.28,123.73,125.6,4376805,125.61,127.04,50.47,1.0215,0.7996,UP
2017-03-29,126.05,126.88,125.78,126.04,4463496,125.42,126.7,52.55,0.3503,0.7316,UP
2017-03-30,126.34,126.76,125.65,126.57,4058866,125.51,126.49,55.0,0.4205,0.7532,DOWN
2017-03-31,126.23,127.35,126.04,126.36,3544144,125.78,126.18,53.81,-0.1659,0.7084,DOWN
2017-04-03,126.72,127.63,125.48,125.83,3023742,126.08,125.96,50.84,-0.4194,0.6431,DOWN
2017-04-04,126.3,126.42,124.23,124.87,4094573,125.93,125.77,45.88,-0.7629,0.6219,DOWN
2017-04-05,124.59,124.93,123.31,124.28,3799548,125.58,125.5,43.1,-0.4725,0.618,DOWN
2017-04-06,124.53,124.81,123.48,124.2,3781730,125.11,125.31,42.73,-0.0644,0.5923,DOWN
2017-04-07,124.43,124.88,123.59,123.88,3619451,124.61,125.2,41.17,-0.2576,0.5422,DOWN
2017-04-10,123.88,124.37,122.36,123.07,4241584,124.06,125.07,37.46,-0.6539,0.5527,UP
2017-04-11,122.88,123.6,122.72,123.34,5557769,123.75,124.84,39.42,0.2194,0.4121,UP
2017-04-12,123.14,125.33,122.93,124.52,4774213,123.8,124.69,47.22,0.9567,0.5274,UP
2017-04-13,124.39,124.87,123.27,124.57,5004604,123.88,124.49,47.52,0.0402,0.4969,UP
2017-04-17,124.89,126.69,124.3,126.33,5128018,124.37,124.49,57.03,1.4129,0.7024,UP
2017-04-18,126.41,127.81,126.08,127.34,3851902,125.22,124.64,61.36,0.7995,0.7269,DOWN
2017-04-19,127.26,128.02,125.96,126.7,3571833,125.89,124.82,57.41,-0.5026,0.6957,DOWN
2017-04-20,126.8,126.87,125.08,125.69,3192041,126.13,124.96,51.76,-0.7972,0.7344,DOWN
2017-04-21,125.45,125.61,124.44,124.65,4239282,126.14,125.01,46.66,-0.8274,0.7925,DOWN
2017-04-24,124.31,124.68,122.87,124.58,2170113,125.79,125.08,46.33,-0.0562,0.7866,DOWN
2017-04-25,123.9,124.44,122.29,122.33,3549761,124.79,125.01,37.2,-1.8061,0.9665,DOWN
2017-04-26,121.87,122.27,120.95,121.15,3540887,123.68,124.79,33.48,-0.9646,1.0009,DOWN
2017-04-27,120.7,122.1,120.54,120.86,3944255,122.71,124.42,32.61,-0.2394,0.9188,DOWN
2017-04-28,120.99,121.59,120.42,120.65,3977985,121.91,124.03,31.97,-0.1738,0.9126,UP
2017-05-01,120.95,121.46,120.7,120.86,2918412,121.17,123.48,33.38,0.1741,0.7145,DOWN
2017-05-02,119.92,121.01,119.77,120.14,2611484,120.73,122.76,31.0,-0.5957,0.5667,DOWN
2017-05-03,119.63,120.58,118.44,118.84,2917695,120.27,121.98,27.22,-1.0821,0.5872,DOWN
2017-05-04,118.59,119.19,117.89,118.14,2835828,119.73,121.22,25.43,-0.589,0.5846,DOWN
2017-05-05,118.11,118.2,116.85,117.22,3962462,119.04,120.48,23.25,-0.7787,0.5829,DOWN
2017-05-08,116.57,117.1,115.28,116.95,4003116,118.26,119.71,22.64,-0.2303,0.5668,DOWN
2017-05-09,116.65,117.26,116.36,116.86,3871063,117.6,119.17,22.43,-0.077,0.4096,DOWN
2017-05-10,117.12,117.27,115.5,116.19,4079423,117.07,118.67,20.87,-0.5733,0.3726,DOWN
2017-05-11,115.74,116.06,114.27,114.92,5336833,116.43,118.08,18.27,-1.093,0.422,UP
2017-05-12,114.36,115.53,113.9,115.24,4521610,116.03,117.54,20.94,0.2785,0.4812,DOWN
2017-05-15,115.28,116.24,114.55,115.04,3932854,115.65,116.95,20.49,-0.1736,0.4415,DOWN
2017-05-16,115.25,115.63,113.87,114.75,3312782,115.23,116.42,19.82,-0.2521,0.4458,DOWN
2017-05-17,114.82,114.97,114.11,114.7,2343881,114.93,116.0,19.7,-0.0436,0.4029,DOWN
2017-05-18,115.18,115.49,113.1,113.36,2760257,114.62,115.52,16.79,-1.1683,0.4757,DOWN
2017-05-19,112.36,113.3,111.44,112.18,3401162,114.01,115.02,14.73,-1.0409,0.5045,DOWN
2017-05-22,112.15,112.99,110.71,111.18,4077603,113.23,114.44,13.24,-0.8914,0.5175,DOWN
2017-05-23,111.07,111.84,110.3,110.38,2933173,112.36,113.79,12.19,-0.7196,0.4982,DOWN
2017-05-24,110.46,111.06,108.6,109.0,3720723,111.22,113.08,10.61,-1.2502,0.543,DOWN
2017-05-25,108.98,109.48,108.62,108.66,4161860,110.28,112.45,10.26,-0.3119,0.5258,DOWN
2017-05-26,108.44,108.76,107.86,108.46,4077397,109.54,111.77,10.05,-0.1841,0.4604,UP
2017-05-30,108.32,108.88,108.16,108.57,5064413,109.01,111.12,11.13,0.1014,0.4958,UP
2017-05-31,108.4,110.32,108.26,109.86,5149899,108.91,110.64,22.86,1.1882,0.7463,UP
2017-06-01,110.03,111.43,109.77,111.01,5586458,109.31,110.27,31.54,1.0468,0.8775,UP
2017-06-02,111.08,113.27,110.84,112.6,4941714,110.1,110.19,41.36,1.4323,0.9787,UP
2017-06-05,112.8,114.25,112.32,113.98,5762634,111.2,110.37,48.29,1.2256,0.9894,UP
2017-06-06,113.38,115.32,113.12,114.77,5444662,112.44,110.73,51.8,0.6931,0.9265,UP
2017-06-07,115.29,116.33,115.12,115.8,5089264,113.63,111.27,56.0,0.8974,0.8635,UP
2017-06-08,115.96,117.31,115.14,116.98,4404650,114.83,112.07,60.27,1.019,0.6213,UP
2017-06-09,116.93,117.84,116.37,117.07,2698143,115.72,112.91,60.58,0.0769,0.5593,DOWN
2017-06-12,116.73,117.21,116.02,116.31,3767035,116.19,113.7,56.52,-0.6492,0.6565,DOWN
2017-06-13,115.64,116.17,114.48,115.42,3505564,116.32,114.38,52.11,-0.7652,0.7886,DOWN
2017-06-14,115.26,115.6,114.13,114.18,3880897,115.99,114.81,46.65,-1.0743,0.92,DOWN
2017-06-15,114.56,114.93,112.64,113.58,3327499,115.31,115.07,44.24,-0.5255,0.9296,DOWN
2017-06-16,113.33,114.29,112.49,112.87,4570287,114.47,115.1,41.5,-0.6251,0.8598,UP
2017-06-19,112.29,113.81,111.62,113.33,4646794,113.88,115.03,43.92,0.4075,0.767,UP
2017-06-20,113.74,114.78,113.04,113.46,4871880,113.48,114.9,44.62,0.1147,0.725,UP
2017-06-21,113.55,114.01,113.37,113.56,4571948,113.36,114.68,45.18,0.0881,0.6399,DOWN
2017-06-22,113.74,113.94,112.36,113.21,3822739,113.29,114.3,43.51,-0.3082,0.4776,DOWN
2017-06-23,113.56,114.52,113.01,113.16,3463998,113.34,113.91,43.27,-0.0442,0.4677,DOWN
2017-06-26,113.55,113.7,112.01,112.66,3711210,113.21,113.54,40.78,-0.4419,0.4568,DOWN
2017-06-27,112.5,112.83,112.38,112.62,4128984,113.04,113.26,40.58,-0.0355,0.4351,UP
2017-06-28,113.11,113.19,112.72,113.07,4409758,112.94,113.15,43.93,0.3996,0.3671,DOWN
2017-06-29,113.3,114.05,112.7,112.93,3683820,112.89,113.09,43.11,-0.1238,0.3356,DOWN
2017-06-30,113.06,113.54,111.89,112.39,4290908,112.73,113.04,40.03,-0.4782,0.3103,UP
2017-07-03,112.58,113.14,112.39,112.56,4435117,112.71,112.96,41.45,0.1513,0.2779,UP
2017-07-05,113.05,113.42,111.99,112.75,4421286,112.74,112.89,43.07,0.1688,0.2823,UP
2017-07-06,112.25,113.31,111.99,113.13,4621953,112.75,112.85,46.27,0.337,0.307,UP
2017-07-07,113.16,114.53,112.92,114.3,6452762,113.03,112.96,54.72,1.0342,0.4401,UP
2017-07-10,114.34,117.16,114.25,116.63,5767849,113.87,113.3,66.14,2.0385,0.7498,UP
2017-07-11,117.59,118.1,117.5,117.93,5863874,114.95,113.83,70.6,1.1146,0.739,UP
2017-07-12,118.67,119.67,118.05,119.31,5502307,116.26,114.5,74.44,1.1702,0.7474,UP
2017-07-13,119.3,121.1,119.11,120.33,5304276,117.7,115.23,76.85,0.8549,0.749,UP
2017-07-14,119.77,122.18,119.43,121.84,4422861,119.21,116.12,79.88,1.2549,0.7218,UP
2017-07-17,121.54,123.2,121.1,122.16,4301861,120.31,117.09,80.46,0.2626,0.6094,UP
2017-07-18,121.47,123.13,121.26,122.53,2818655,121.23,118.09,81.14,0.3029,0.592,DOWN
2017-07-19,122.98,123.92,120.9,121.48,3678688,121.67,118.96,73.34,-0.8569,0.7822,DOWN
2017-07-20,121.43,122.2,119.79,121.07,3825836,121.82,119.76,70.49,-0.3375,0.8482,DOWN
2017-07-21,121.15,121.69,120.56,120.75,3359734,121.6,120.4,68.26,-0.2643,0.8871,DOWN
2017-07-24,121.28,121.51,119.93,120.34,2642263,121.23,120.77,65.41,-0.3395,0.7536,DOWN
2017-07-25,120.2,120.27,119.02,119.14,4551907,120.56,120.9,57.79,-0.9972,0.7995,UP
2017-07-26,118.87,120.06,118.35,119.67,3731139,120.19,120.93,60.0,0.4449,0.7212,UP
2017-07-27,119.85,120.39,119.4,119.89,3659956,119.96,120.89,60.92,0.1838,0.6652,DOWN
2017-07-28,120.35,120.68,118.42,119.09,4715601,119.63,120.61,55.9,-0.6673,0.5111,UP
2017-07-31,119.36,120.59,118.65,119.8,4835650,119.52,120.38,59.12,0.5962,0.5555,UP
2017-08-01,118.77,120.04,118.7,119.98,4712344,119.69,120.12,59.92,0.1503,0.5423,UP
2017-08-02,119.62,120.55,118.81,120.06,5117782,119.76,119.98,60.29,0.0667,0.4964,UP
2017-08-03,119.89,121.51,119.42,121.13,3912295,120.01,119.99,64.97,0.8912,0.5805,DOWN
2017-08-04,121.09,121.56,120.69,121.06,4264803,120.41,120.02,64.43,-0.0578,0.5734,UP
2017-08-07,121.57,121.88,119.85,121.27,4373143,120.7,120.11,65.35,0.1735,0.5598,UP
2017-08-08,121.55,122.0,121.44,121.81,4919621,121.07,120.38,67.67,0.4453,0.4203,UP
2017-08-09,122.35,123.23,122.13,122.64,4707707,121.58,120.67,70.89,0.6814,0.4403,UP
2017-08-10,122.74,123.29,122.48,123.18,4029152,121.99,121.0,72.79,0.4403,0.4437,UP
2017-08-11,122.3,124.13,122.02,124.08,4871338,122.6,121.5,75.65,0.7306,0.3171,UP
2017-08-14,124.62,125.76,124.49,125.47,5712759,123.44,122.07,79.26,1.1202,0.3866,UP
2017-08-15,125.78,127.79,124.23,126.92,5550681,124.46,122.76,82.23,1.1557,0.4248,UP
2017-08-16,126.92,129.0,126.48,128.26,4683133,125.58,123.58,84.44,1.0558,0.4109,UP
2017-08-17,128.16,128.59,128.02,128.45,4362691,126.64,124.31,84.73,0.1481,0.4318,UP
2017-08-18,128.58,129.47,128.1,129.4,5021077,127.7,125.15,86.13,0.7396,0.3679,UP
2017-08-21,128.93,130.4,128.51,130.21,4278889,128.65,126.04,87.2,0.626,0.3256,DOWN
2017-08-22,129.31,130.77,128.93,130.13,4007190,129.29,126.87,86.49,-0.0614,0.4024,DOWN
2017-08-23,130.62,130.77,129.6,129.89,3354365,129.62,127.6,84.27,-0.1844,0.4832,DOWN
2017-08-24,129.96,130.31,128.96,129.24,3142311,129.77,128.2,78.39,-0.5004,0.5921,DOWN
2017-08-25,129.79,131.27,128.28,128.66,4101438,129.63,128.66,73.47,-0.4488,0.6518,DOWN
2017-08-28,128.96,129.34,127.77,128.15,4827788,129.21,128.93,69.35,-0.3964,0.6327,UP
2017-08-29,127.85,129.47,126.89,128.71,4885276,128.93,129.11,71.25,0.437,0.549,UP
2017-08-30,129.49,130.27,129.0,129.67,5328355,128.89,129.25,74.22,0.7459,0.4981,UP
2017-08-31,129.94,132.62,129.67,131.55,4903812,129.35,129.56,78.82,1.4498,0.6545,UP
2017-09-01,132.05,134.12,131.82,133.01,3868396,130.22,129.92,81.57,1.1098,0.6951,DOWN
2017-09-05,133.13,133.79,132.5,132.85,3432361,131.16,130.19,80.34,-0.1203,0.6936,DOWN
2017-09-06,133.14,134.23,131.96,132.36,3610795,131.89,130.41,76.53,-0.3688,0.7132,DOWN
2017-09-07,132.91,134.01,131.53,132.19,3932892,132.39,130.64,75.2,-0.1284,0.7103,DOWN
2017-09-08,132.44,132.71,130.65,131.71,4631553,132.42,130.89,71.41,-0.3631,0.6969,UP
2017-09-11,131.66,132.25,131.23,131.76,3937053,132.17,131.2,71.57,0.038,0.6634,UP
2017-09-12,131.56,133.12,130.93,131.98,3468464,132.0,131.58,72.31,0.167,0.6262,DOWN
2017-09-13,131.45,131.95,130.27,131.31,4098396,131.79,131.84,66.65,-0.5077,0.6722,DOWN
2017-09-14,131.47,132.51,129.99,131.29,4408746,131.61,132.0,66.48,-0.0152,0.6464,UP
2017-09-15,132.19,132.43,131.14,131.53,4288088,131.57,132.0,67.53,0.1828,0.4535,UP
2017-09-18,132.09,132.85,130.66,131.58,4237829,131.54,131.86,67.76,0.038,0.2368,UP
2017-09-19,132.1,132.9,131.67,132.34,4321655,131.61,131.8,71.08,0.5776,0.3207,UP
2017-09-20,132.13,133.13,131.68,132.95,4560736,131.94,131.86,73.44,0.4609,0.3327,UP
2017-09-21,132.56,134.43,132.16,133.93,3412561,132.47,132.04,76.72,0.7371,0.3902,DOWN
2017-09-22,134.17,135.04,132.32,133.17,2585596,132.79,132.18,69.54,-0.5675,0.423,DOWN
2017-09-25,132.63,133.29,131.31,131.63,3836832,132.8,132.17,57.74,-1.1564,0.5839,DOWN
2017-09-26,131.81,132.5,130.66,130.9,3093767,132.52,132.06,53.13,-0.5546,0.6041,DOWN
2017-09-27,130.29,131.08,129.15,129.82,4129797,131.89,131.91,47.15,-0.8251,0.6365,UP
2017-09-28,129.49,131.25,129.46,130.3,2417836,131.16,131.82,49.85,0.3697,0.6544,DOWN
2017-09-29,129.62,130.26,129.06,129.1,3169764,130.35,131.57,43.81,-0.921,0.698,DOWN
2017-10-02,128.88,129.24,128.13,128.8,3270257,129.78,131.29,42.43,-0.2324,0.6936,UP
2017-10-03,128.62,129.13,128.43,128.94,2819693,129.39,130.95,43.33,0.1087,0.6488,DOWN
2017-10-04,128.6,129.21,127.23,128.08,2746424,129.04,130.47,39.27,-0.667,0.6066,DOWN
2017-10-05,128.16,128.99,126.31,127.04,3481712,128.39,129.78,35.0,-0.812,0.4759,DOWN
2017-10-06,127.2,127.95,126.19,126.72,4029390,127.92,129.13,33.78,-0.2519,0.4832,UP
2017-10-09,126.73,127.87,125.93,127.19,3496497,127.59,128.69,37.24,0.3709,0.492,DOWN
2017-10-10,127.73,128.52,125.84,126.58,3121701,127.12,128.26,34.71,-0.4796,0.4889,DOWN
2017-10-11,126.42,126.71,125.18,125.92,4130732,126.69,127.87,32.16,-0.5214,0.4638,UP
2017-10-12,126.04,126.66,125.75,126.15,3263305,126.51,127.45,33.98,0.1827,0.4366,DOWN
2017-10-13,126.2,126.43,124.76,125.53,3531656,126.27,127.1,31.53,-0.4915,0.3898,DOWN
2017-10-16,125.75,126.28,124.89,125.05,4110572,125.85,126.72,29.74,-0.3824,0.3907,UP
2017-10-17,124.93,125.58,124.58,125.49,4383108,125.63,126.38,33.47,0.3519,0.4247,UP
2017-10-18,125.96,126.29,124.77,125.62,5231313,125.57,126.13,34.57,0.1036,0.4144,UP
2017-10-19,125.49,127.82,125.19,127.35,5483476,125.81,126.16,47.14,1.3772,0.5915,UP
2017-10-20,127.44,128.71,126.85,128.3,4432067,126.36,126.32,52.54,0.746,0.6227,UP
2017-10-23,128.07,129.02,126.79,128.53,4808871,127.06,126.45,53.77,0.1793,0.6173,UP
2017-10-24,128.4,129.72,128.19,129.17,4510503,127.79,126.71,57.1,0.4979,0.591,UP
2017-10-25,130.14,130.57,129.42,129.94,4648842,128.66,127.11,60.76,0.5961,0.5421,UP
2017-10-26,130.24,130.52,129.65,130.41,3855900,129.27,127.54,62.85,0.3617,0.5402,UP
2017-10-27,130.3,130.78,129.98,130.57,2776276,129.72,128.04,63.56,0.1227,0.4657,DOWN
2017-10-30,130.86,131.49,128.93,129.82,2958777,129.98,128.52,57.96,-0.5744,0.5037,DOWN
2017-10-31,129.77,130.41,129.17,129.39,4095241,130.03,128.91,54.98,-0.3312,0.5514,UP
2017-11-01,129.88,130.47,128.96,129.71,3172117,129.98,129.32,56.76,0.2473,0.5474,UP
2017-11-02,129.46,129.93,128.9,129.72,4443796,129.84,129.56,56.82,0.0077,0.4076,UP
2017-11-03,129.98,130.73,129.79,130.0,3792678,129.73,129.73,58.49,0.2158,0.358,UP
2017-11-06,130.06,130.7,129.42,130.07,3973642,129.78,129.88,58.92,0.0538,0.3584,UP
2017-11-07,129.64,131.57,128.86,130.37,3154979,129.97,130.0,60.78,0.2306,0.3364,DOWN
2017-11-08,129.9,130.2,128.72,129.43,3225117,129.92,129.95,52.71,-0.721,0.3733,DOWN
2017-11-09,129.76,130.08,127.76,128.75,4313254,129.72,129.78,47.77,-0.5254,0.373,UP
2017-11-10,128.8,130.06,128.06,129.15,3673602,129.55,129.64,50.7,0.3107,0.3913,DOWN
2017-11-13,129.45,129.77,128.07,128.45,5139052,129.23,129.5,45.85,-0.542,0.3871,UP
2017-11-14,128.18,130.0,127.1,129.36,4993479,129.03,129.5,52.24,0.7084,0.4536,UP
2017-11-15,129.95,131.34,129.69,130.52,5825918,129.25,129.58,58.9,0.8967,0.5328,UP
2017-11-16,130.56,132.04,130.48,131.66,5788445,129.83,129.78,64.18,0.8734,0.5899,UP
2017-11-17,132.16,132.65,131.87,132.37,4183814,130.47,130.01,67.03,0.5393,0.6027,DOWN
2017-11-20,131.85,132.35,131.6,132.25,4339426,131.23,130.23,66.07,-0.0907,0.6078,UP
2017-11-21,132.9,133.69,132.44,132.81,4548328,131.92,130.48,68.34,0.4234,0.6131,UP
2017-11-22,132.97,134.34,132.56,133.68,4026888,132.55,130.9,71.52,0.6551,0.5361,UP
2017-11-24,133.48,134.55,132.38,134.05,5280666,133.03,131.43,72.77,0.2768,0.4475,UP
2017-11-27,133.98,135.54,133.55,135.01,5948582,133.56,132.02,75.75,0.7162,0.4562,UP
2017-11-28,134.33,137.18,134.18,136.73,5078083,134.46,132.84,79.98,1.274,0.3733,UP
2017-11-29,136.61,137.9,136.15,137.21,5706470,135.34,133.63,80.98,0.3511,0.3817,UP
2017-11-30,137.28,138.86,136.98,138.05,5400086,136.21,134.38,82.61,0.6122,0.3667,UP
2017-12-01,138.37,139.56,137.99,139.27,6711444,137.25,135.14,84.67,0.8837,0.3677,UP
2017-12-04,139.63,142.42,139.35,141.99,5801117,138.65,136.1,88.06,1.953,0.5721,UP
2017-12-05,141.76,143.92,141.32,143.17,4934041,139.94,137.2,89.18,0.831,0.4992,UP
2017-12-06,143.69,144.67,143.49,144.12,3972102,141.32,138.33,89.99,0.6635,0.4847,UP
2017-12-07,143.73,146.01,143.31,144.86,2984846,142.68,139.45,90.59,0.5135,0.4921,DOWN
2017-12-08,144.63,145.35,143.47,143.52,2989745,143.53,140.39,81.2,-0.925,0.7269,DOWN
2017-12-11,144.05,144.76,141.01,142.03,2675361,143.54,141.1,72.23,-1.0382,0.9082,DOWN
2017-12-12,141.78,141.93,140.27,140.35,3943591,142.98,141.46,63.7,-1.1828,1.0062,DOWN
2017-12-13,140.45,140.93,139.21,139.46,2998116,142.04,141.68,59.67,-0.6341,1.0444,DOWN
2017-12-14,139.68,139.95,138.02,138.35,4294925,140.74,141.71,55.0,-0.7959,1.0724,DOWN
2017-12-15,137.32,138.16,137.17,137.95,3407362,139.63,141.58,53.38,-0.2891,1.0316,DOWN
2017-12-18,138.57,139.14,136.2,136.73,3022319,138.57,141.05,48.67,-0.8844,0.7622,DOWN
2017-12-19,137.12,137.34,134.79,135.56,3612867,137.61,140.29,44.61,-0.8557,0.6432,DOWN
2017-12-20,135.47,135.83,134.86,135.21,4330495,136.76,139.4,43.44,-0.2582,0.5016,UP
2017-12-21,135.41,136.27,135.25,135.87,4712935,136.26,138.5,46.3,0.4881,0.4951,UP
2017-12-22,136.79,137.3,135.89,136.74,4601615,136.02,137.82,49.89,0.6403,0.6246,UP
2017-12-26,137.33,137.81,136.86,137.42,4645898,136.16,137.36,52.56,0.4973,0.6602,UP
2017-12-27,137.1,138.43,136.33,137.98,5873986,136.64,137.13,54.7,0.4075,0.6217,UP
2017-12-28,138.21,140.16,137.33,139.95,5201950,137.59,137.18,61.32,1.4277,0.7734,UP
2017-12-29,139.48,141.39,139.17,140.16,4025150,138.45,137.36,61.96,0.1501,0.7158,DOWN
2018-01-02,140.04,140.89,139.13,139.98,4484658,139.1,137.56,61.03,-0.1284,0.7071,UP
2018-01-03,140.18,141.12,139.75,140.17,3789486,139.65,137.9,61.68,0.1357,0.6082,DOWN
2018-01-04,139.87,140.13,138.61,139.14,4213455,139.88,138.26,56.19,-0.7348,0.5845,UP
2018-01-05,138.75,140.69,138.05,139.34,3964481,139.76,138.67,56.99,0.1437,0.5579,DOWN
2018-01-08,139.14,139.5,138.64,138.95,3332554,139.52,138.98,54.88,-0.2799,0.5819,DOWN
2018-01-09,139.05,139.53,137.62,137.85,4202378,139.09,139.09,49.33,-0.7917,0.6417,DOWN
2018-01-10,137.07,137.43,136.87,137.22,5558434,138.5,139.07,46.44,-0.457,0.6442,UP
2018-01-11,137.63,139.34,137.27,139.13,4891459,138.5,139.19,55.05,1.3919,0.777,UP
2018-01-12,139.61,140.18,138.85,139.46,4419933,138.52,139.14,56.35,0.2372,0.6249,DOWN
2018-01-16,139.21,139.63,138.05,138.4,2679609,138.41,138.96,51.21,-0.7601,0.6605,DOWN
2018-01-17,137.89,138.43,135.85,136.5,3477399,138.14,138.62,43.54,-1.3728,0.7696,DOWN
2018-01-18,137.05,137.32,135.74,136.44,2470788,137.99,138.24,43.32,-0.044,0.7616,DOWN
2018-01-19,136.03,136.5,134.51,135.14,2604342,137.19,137.84,38.74,-0.9528,0.7794,DOWN
2018-01-22,134.7,135.72,133.39,133.42,4178071,135.98,137.25,33.66,-1.2728,0.8198,DOWN
2018-01-23,133.12,133.79,132.49,133.25,4003491,134.95,136.68,33.2,-0.1274,0.8243,DOWN
2018-01-24,133.2,133.38,132.79,133.16,4302686,134.28,136.21,32.94,-0.0675,0.8194,UP
2018-01-25,132.64,133.89,131.99,133.44,4231937,133.68,135.83,34.64,0.2103,0.836,DOWN
2018-01-26,134.09,134.14,133.15,133.29,4187157,133.31,135.25,34.14,-0.1124,0.6064,UP
2018-01-29,132.84,134.15,132.29,133.44,4131324,133.32,134.65,35.15,0.1125,0.5923,UP
2018-01-30,133.0,134.78,132.1,133.77,3705657,133.42,134.18,37.42,0.2473,0.6168,DOWN
2018-01-31,134.27,135.15,132.17,133.4,4734043,133.47,133.88,35.91,-0.2766,0.4985,UP
2018-02-01,133.03,135.42,132.45,134.17,4750941,133.61,133.65,41.25,0.5772,0.559,UP
2018-02-02,134.82,135.34,134.63,135.05,3337823,133.97,133.64,46.71,0.6559,0.5386,DOWN
2018-02-05,134.52,135.16,133.43,133.7,3832408,134.02,133.67,40.49,-0.9996,0.4697,DOWN
2018-02-06,133.57,133.79,132.72,133.16,3194574,133.9,133.66,38.29,-0.4039,0.4873,DOWN
2018-02-07,132.46,133.76,131.23,131.98,4922032,133.61,133.54,33.96,-0.8862,0.5619,UP
2018-02-08,131.92,133.16,131.76,132.66,5631768,133.31,133.46,38.29,0.5152,0.5875,UP
2018-02-09,132.78,134.02,132.57,133.87,4984910,133.07,133.52,45.19,0.9121,0.6615,UP
2018-02-12,134.02,135.14,133.86,134.9,4782995,133.31,133.67,50.28,0.7694,0.7004,UP
2018-02-13,135.28,136.42,134.37,136.09,4177131,133.9,133.9,55.44,0.8821,0.7416,DOWN
2018-02-14,135.68,136.04,135.43,135.53,3231895,134.61,134.11,52.67,-0.4115,0.7519,DOWN
2018-02-15,135.15,135.72,134.14,134.62,2593202,135.0,134.16,48.44,-0.6714,0.7783,DOWN
2018-02-16,134.41,135.58,133.39,133.67,2279490,134.96,134.02,44.43,-0.7057,0.777,DOWN
2018-02-20,133.48,133.63,132.75,132.91,3661879,134.56,133.94,41.47,-0.5686,0.7322,DOWN
2018-02-21,132.76,133.32,132.17,132.35,3755050,133.82,133.86,39.39,-0.4213,0.7331,UP
2018-02-22,133.08,134.23,132.16,132.56,3918206,133.22,133.92,40.59,0.1587,0.6742,DOWN
2018-02-23,132.33,132.93,132.23,132.3,4318808,132.76,133.88,39.54,-0.1961,0.6564,UP
2018-02-26,132.66,132.92,131.86,132.43,4370488,132.51,133.74,40.37,0.0983,0.5724,UP
2018-02-27,132.39,133.65,132.09,132.92,4625540,132.51,133.54,43.51,0.37,0.5156,UP
2018-02-28,132.94,133.27,132.07,133.16,3805985,132.67,133.24,45.04,0.1806,0.3933,DOWN
2018-03-01,133.22,133.75,131.32,132.57,3206788,132.68,132.95,42.03,-0.4431,0.3952,DOWN
2018-03-02,132.78,133.58,130.43,131.22,5461695,132.46,132.61,36.09,-1.0183,0.4505,DOWN
2018-03-05,132.1,132.21,130.91,131.14,3444739,132.2,132.36,35.77,-0.061,0.4242,DOWN
2018-03-06,130.51,130.87,129.84,130.66,3375989,131.75,132.13,33.81,-0.366,0.4086,DOWN
2018-03-07,130.39,130.99,129.1,129.46,3901631,131.01,131.84,29.48,-0.9184,0.4685,DOWN
2018-03-08,128.85,129.05,127.2,128.24,4060314,130.14,131.41,25.85,-0.9424,0.4982,DOWN
2018-03-09,128.44,128.59,126.53,127.69,3740423,129.44,130.95,24.39,-0.4289,0.4967,DOWN
2018-03-12,127.52,127.94,126.5,126.76,4067897,128.56,130.38,22.12,-0.7283,0.4818,DOWN
2018-03-13,127.29,127.53,126.43,126.66,4002496,127.76,129.76,21.88,-0.0789,0.4146,UP
2018-03-14,126.39,127.31,126.24,126.73,4215560,127.22,129.11,22.51,0.0553,0.3938,DOWN
2018-03-15,126.72,127.1,125.84,126.72,5205855,126.91,128.53,22.48,-0.0079,0.4229,UP
2018-03-16,127.04,128.15,126.88,127.9,4392599,126.95,128.2,32.93,0.9312,0.559,UP
2018-03-19,128.31,128.84,127.66,128.42,4284994,127.29,127.92,36.96,0.4066,0.5954,UP
2018-03-20,129.01,129.45,128.32,128.67,4008118,127.69,127.72,38.86,0.1947,0.6051,DOWN
2018-03-21,128.4,129.43,127.96,128.37,4500419,128.02,127.62,37.41,-0.2332,0.5444,DOWN
2018-03-22,128.73,128.88,127.9,128.27,5590994,128.33,127.62,36.91,-0.0779,0.4539,UP
2018-03-23,128.05,130.8,127.72,129.91,5357926,128.73,127.84,48.91,1.2786,0.5776,UP
2018-03-26,129.71,131.86,129.3,130.99,4777567,129.24,128.26,54.98,0.8313,0.5139,UP
2018-03-27,130.86,132.09,130.54,131.79,5718299,129.87,128.78,58.88,0.6107,0.499,UP
2018-03-28,131.84,135.93,131.18,134.23,7781679,131.04,129.53,67.99,1.8514,0.6591,UP
2018-03-29,134.31,138.15,133.85,137.43,7481813,132.87,130.6,75.61,2.384,0.8336,UP
2018-04-02,137.49,141.31,137.1,140.79,6329115,135.05,131.89,80.79,2.4449,0.9809,UP
2018-04-03,141.36,143.58,140.25,143.06,5985461,137.46,133.35,83.36,1.6123,0.9782,UP
2018-04-04,143.35,146.34,142.59,144.26,5548845,139.95,134.91,84.54,0.8388,0.9328,UP
2018-04-05,144.99,146.74,143.56,146.51,5123253,142.41,136.72,86.47,1.5597,0.7993,UP
2018-04-06,146.94,147.86,146.4,147.5,4301551,144.42,138.65,87.23,0.6757,0.6778,UP
2018-04-09,147.4,148.05,146.76,147.76,4421913,145.82,140.43,87.43,0.1763,0.7828,UP
2018-04-10,147.91,148.27,147.65,148.03,5359312,146.81,142.14,87.64,0.1827,0.8498,UP
2018-04-11,148.12,149.7,146.79,149.49,6293046,147.86,143.91,88.76,0.9863,0.8272,UP
2018-04-12,148.69,151.56,147.66,151.22,4453949,148.8,145.6,89.93,1.1573,0.8019,DOWN
2018-04-13,151.36,151.57,150.27,150.81,4599840,149.46,146.94,87.61,-0.2711,0.8065,DOWN
2018-04-16,150.77,151.17,149.1,150.06,4653680,149.92,147.87,83.37,-0.4973,0.7278,UP
2018-04-17,150.22,150.99,149.56,150.3,5205786,150.38,148.59,83.65,0.1599,0.6538,UP
2018-04-18,150.13,151.61,149.67,151.38,4844672,150.75,149.31,84.85,0.7186,0.6479,UP
2018-04-19,151.89,152.54,151.67,152.36,5218713,150.98,149.89,85.87,0.6474,0.534,UP
2018-04-20,152.25,153.61,151.59,153.35,4603940,151.49,150.48,86.83,0.6498,0.5325,UP
2018-04-23,153.44,154.77,152.03,153.9,3212686,152.26,151.09,87.34,0.3587,0.5274,DOWN
2018-04-24,153.94,154.05,151.77,152.49,2617372,152.7,151.54,78.83,-0.9162,0.674,DOWN
2018-04-25,152.57,152.63,149.74,150.03,4279242,152.43,151.59,66.64,-1.6132,0.8562,DOWN
2018-04-26,149.57,149.88,149.15,149.2,4648846,151.79,151.39,63.09,-0.5532,0.7751,UP
2018-04-27,149.07,150.35,148.49,149.71,4623302,151.07,151.28,64.35,0.3418,0.787,UP
2018-04-30,150.01,150.96,149.31,150.84,4836974,150.45,151.36,67.02,0.7548,0.8108,UP
2018-05-01,151.47,153.21,150.52,152.04,3867226,150.36,151.53,69.63,0.7955,0.8442,DOWN
2018-05-02,151.97,152.61,150.94,151.55,3618520,150.67,151.55,67.29,-0.3223,0.8259,DOWN
2018-05-03,151.02,152.35,150.04,151.33,2825552,151.09,151.44,66.22,-0.1452,0.7959,DOWN
2018-05-04,150.88,151.59,150.51,150.71,3266474,151.29,151.18,63.15,-0.4097,0.7599,DOWN
2018-05-07,150.48,151.2,148.76,149.4,3791787,151.01,150.73,57.14,-0.8692,0.764,DOWN
2018-05-08,150.42,150.6,147.9,148.59,3659035,150.32,150.34,53.73,-0.5422,0.7389,DOWN
2018-05-09,147.89,148.7,146.92,147.46,4843232,149.5,150.08,49.31,-0.7605,0.6013,UP
2018-05-10,147.56,148.88,146.41,148.19,4387940,148.87,149.98,52.05,0.495,0.6184,DOWN
2018-05-11,148.32,149.64,146.39,147.83,4531137,148.29,149.79,50.6,-0.2429,0.6029,DOWN
2018-05-14,147.93,148.24,147.13,147.64,4154045,147.94,149.47,49.81,-0.1285,0.5186,DOWN
2018-05-15,147.69,148.05,146.68,147.45,3551251,147.71,149.02,48.98,-0.1287,0.3837,DOWN
2018-05-16,147.11,148.08,146.28,146.78,1959227,147.58,148.54,46.08,-0.4544,0.3866,DOWN
2018-05-17,146.87,147.33,143.12,143.16,4125908,146.57,147.72,34.28,-2.4663,0.7738,DOWN
2018-05-18,142.88,143.04,141.41,142.03,3481460,145.41,146.85,31.57,-0.7893,0.7754,DOWN
2018-05-21,141.78,142.39,138.63,140.03,4109491,143.89,145.92,27.42,-1.4082,0.8148,DOWN
2018-05-22,139.91,140.87,138.73,139.23,4406399,142.25,144.98,25.96,-0.5713,0.8145,UP
2018-05-23,139.5,140.03,139.25,139.76,3737388,140.84,144.21,28.68,0.3807,0.8743,UP
2018-05-24,140.78,141.41,139.12,140.45,3290676,140.3,143.44,32.18,0.4937,0.8741,DOWN
2018-05-25,140.56,141.08,138.41,139.66,3666918,139.83,142.62,30.34,-0.5625,0.8682,DOWN
2018-05-29,138.45,139.38,138.27,139.32,4734690,139.68,141.79,29.56,-0.2434,0.8626,UP
2018-05-30,139.26,140.56,138.89,139.64,3833157,139.77,141.01,31.35,0.2297,0.8902,DOWN
2018-05-31,140.04,140.29,138.57,139.43,4734462,139.7,140.27,30.8,-0.1504,0.8986,UP
2018-06-01,140.24,140.44,138.58,139.69,4664788,139.55,139.92,32.39,0.1865,0.5976,UP
2018-06-04,139.54,140.86,138.89,140.42,4658968,139.7,139.76,36.79,0.5226,0.6084,UP
2018-06-05,140.17,141.71,138.61,141.07,4686943,140.05,139.87,40.49,0.4629,0.4259,UP
2018-06-06,140.74,142.52,140.25,141.74,4283304,140.47,140.12,44.13,0.4749,0.375,DOWN
2018-06-07,141.4,142.05,140.58,141.63,4678732,140.91,140.3,43.66,-0.0776,0.3756,UP
2018-06-08,141.85,142.89,141.82,142.73,4121877,141.52,140.53,49.48,0.7767,0.4144,DOWN
2018-06-11,142.5,142.99,142.14,142.52,4512130,141.94,140.82,48.45,-0.1471,0.3495,UP
2018-06-12,142.25,143.49,141.68,143.07,6542092,142.34,141.19,51.31,0.3859,0.315,UP
2018-06-13,142.76,146.36,141.93,146.06,6220394,143.2,141.84,63.24,2.0899,0.6558,UP
2018-06-14,146.01,148.07,145.6,147.83,6971071,144.44,142.68,68.2,1.2118,0.6582,UP
2018-06-15,148.34,150.7,148.03,150.31,6195115,145.96,143.74,73.58,1.6776,0.7227,UP
2018-06-18,150.58,152.59,149.85,152.1,6924617,147.87,144.91,76.66,1.1909,0.7314,UP
2018-06-19,153.38,154.86,153.33,154.66,5907056,150.19,146.27,80.2,1.6831,0.7689,UP
2018-06-20,155.65,156.91,155.32,156.47,6297090,152.27,147.74,82.25,1.1703,0.7548,UP
2018-06-21,156.68,158.61,155.57,158.4,5344129,154.39,149.42,84.14,1.2335,0.6548,UP
2018-06-22,158.66,159.82,157.67,159.09,4351535,156.14,151.05,84.77,0.4356,0.6834,DOWN
2018-06-25,158.71,159.25,158.61,158.83,5996897,157.49,152.68,83.43,-0.1634,0.6867,UP
2018-06-26,159.2,160.19,158.94,160.13,6453600,158.58,154.39,84.73,0.8185,0.6499,UP
2018-06-27,160.17,162.28,159.89,161.76,6190305,159.64,155.96,86.18,1.0179,0.5566,UP
2018-06-28,161.36,163.74,161.27,163.21,5098673,160.6,157.5,87.34,0.8964,0.5539,UP
2018-06-29,163.43,164.63,162.7,163.7,5752881,161.53,158.83,87.71,0.3002,0.5366,UP
2018-07-02,163.19,166.09,162.08,165.09,5023966,162.78,160.13,88.73,0.8491,0.5238,UP
2018-07-03,164.24,166.95,163.49,165.76,4785446,163.9,161.24,89.19,0.4058,0.4401,UP
2018-07-05,165.17,166.83,164.72,166.22,4177256,164.8,162.22,89.51,0.2775,0.4235,DOWN
2018-07-06,166.71,167.02,165.54,165.93,4552021,165.34,162.97,87.75,-0.1745,0.4262,UP
2018-07-09,165.82,166.89,165.07,166.18,3734472,165.84,163.68,87.97,0.1507,0.4378,DOWN
2018-07-10,165.88,166.73,165.5,165.94,3587363,166.01,164.39,86.37,-0.1444,0.435,DOWN
2018-07-11,165.56,166.07,165.2,165.28,4166885,165.91,164.91,81.95,-0.3977,0.4845,UP
2018-07-12,166.09,166.93,164.71,165.49,3404007,165.76,165.28,82.26,0.1271,0.419,DOWN
2018-07-13,165.79,166.4,164.08,165.11,4067693,165.6,165.47,79.59,-0.2296,0.3679,UP
2018-07-16,165.91,166.28,165.65,165.97,4775355,165.56,165.7,81.09,0.5209,0.3863,UP
2018-07-17,166.74,167.33,165.48,166.24,5284324,165.62,165.81,81.54,0.1627,0.2966,UP
2018-07-18,166.09,168.64,164.97,168.36,3864350,166.23,166.07,84.68,1.2753,0.478,DOWN
2018-07-19,168.2,169.15,167.3,168.12,2610681,166.76,166.26,82.96,-0.1426,0.4846,DOWN
2018-07-20,167.68,167.86,164.87,166.08,2513380,166.95,166.28,69.96,-1.2134,0.64,DOWN
2018-07-23,165.08,166.01,163.25,163.43,3458918,166.45,166.0,57.39,-1.5956,0.8126,DOWN
2018-07-24,163.95,164.82,161.16,161.97,3835832,165.59,165.6,51.85,-0.8933,0.8445,DOWN
2018-07-25,161.1,162.77,160.62,161.69,3487935,164.26,165.25,50.84,-0.1729,0.8428,DOWN
2018-07-26,161.91,162.27,160.59,160.95,4847233,162.82,164.79,48.17,-0.4577,0.8366,UP
2018-07-27,161.17,162.45,159.32,162.28,5355038,162.06,164.51,52.96,0.8263,0.9066,UP
2018-07-30,162.57,163.34,161.62,162.94,5301439,161.97,164.21,55.17,0.4067,0.8976,UP
2018-07-31,163.87,165.41,162.71,163.74,5746741,162.32,163.96,57.77,0.491,0.9173,UP
2018-08-01,164.83,164.91,164.04,164.76,5443770,162.93,163.6,60.88,0.6229,0.8233,DOWN
2018-08-02,164.38,165.65,164.25,164.68,5232350,163.68,163.25,60.5,-0.0486,0.8247,UP
2018-08-03,165.13,165.72,163.81,165.25,5815779,164.27,163.17,62.29,0.3461,0.7572,UP
2018-08-06,165.4,166.8,165.0,166.47,5059748,164.98,163.47,65.85,0.7383,0.5614,UP
2018-08-07,165.98,167.75,165.57,166.89,5665472,165.61,163.96,67.01,0.2523,0.4143,UP
2018-08-08,166.62,168.44,165.82,168.09,5689810,166.28,164.6,70.12,0.719,0.3967,UP
2018-08-09,168.73,169.37,168.14,168.95,4950282,167.13,165.4,72.15,0.5116,0.2623,UP
2018-08-10,168.52,170.18,167.87,169.48,5495417,167.98,166.12,73.35,0.3137,0.2375,UP
2018-08-13,170.17,172.25,169.38,170.92,4669793,168.87,166.92,76.34,0.8497,0.2706,UP
2018-08-14,170.65,171.68,169.64,171.47,4393936,169.78,167.7,77.38,0.3218,0.275,UP
2018-08-15,172.13,172.32,171.79,171.92,3606721,170.55,168.41,78.22,0.2624,0.2753,DOWN
2018-08-16,171.46,172.14,170.01,170.71,3471249,170.9,169.02,70.59,-0.7038,0.4335,DOWN
2018-08-17,170.19,170.53,168.94,169.84,3573362,170.97,169.47,65.63,-0.5096,0.5138,DOWN
2018-08-20,169.69,170.22,168.46,168.75,4441211,170.54,169.7,59.94,-0.6418,0.5591,DOWN
2018-08-21,167.57,168.78,167.2,168.36,4360736,169.92,169.85,58.01,-0.2311,0.5688,UP
2018-08-22,169.21,169.81,167.95,168.37,4177370,169.21,169.88,58.05,0.0059,0.5241,DOWN
2018-08-23,168.59,168.81,166.64,167.78,4311580,168.62,169.76,54.94,-0.3504,0.5043,DOWN
2018-08-24,167.63,168.07,166.28,167.0,5158674,168.05,169.51,51.04,-0.4649,0.4989,UP
2018-08-27,167.85,168.35,167.58,168.14,5604382,167.93,169.23,55.96,0.6826,0.4634,UP
2018-08-28,168.22,169.45,166.98,169.29,3879024,168.12,169.02,60.29,0.684,0.5166,DOWN
2018-08-29,168.59,168.99,167.38,168.55,3636827,168.15,168.68,56.44,-0.4371,0.5053,DOWN
2018-08-30,168.45,168.64,166.87,167.44,3406901,168.08,168.35,51.17,-0.6586,0.5004,DOWN
2018-08-31,167.56,168.04,165.53,166.18,3812471,167.92,167.99,45.93,-0.7525,0.5229,DOWN
2018-09-04,166.1,166.54,164.91,165.75,5035260,167.44,167.69,44.26,-0.2588,0.5019,UP
2018-09-05,166.61,167.1,166.06,166.97,5269498,166.98,167.55,49.82,0.736,0.578,UP
2018-09-06,166.63,169.23,166.31,168.46,4063768,166.96,167.56,55.65,0.8924,0.6556,UP
2018-09-07,168.41,169.45,168.17,169.18,4508610,167.31,167.7,58.17,0.4274,0.6546,UP
2018-09-10,169.04,170.46,168.75,169.76,3060366,168.02,167.97,60.14,0.3428,0.6285,DOWN
2018-09-11,169.51,170.51,167.93,168.08,3531523,168.49,167.97,52.44,-0.9896,0.6947,DOWN
2018-09-12,167.44,168.31,166.98,167.41,3559235,168.58,167.78,49.71,-0.3986,0.6595,DOWN
2018-09-13,166.7,167.98,164.94,166.14,3313269,168.11,167.54,44.93,-0.7586,0.6846,DOWN
2018-09-14,166.14,166.68,164.66,164.94,2887166,167.27,167.29,40.92,-0.7223,0.6902,DOWN
2018-09-17,164.0,164.15,162.86,163.57,2857489,166.03,167.03,36.88,-0.8306,0.6982,DOWN
2018-09-18,163.66,164.72,162.23,162.94,3486923,165.0,166.74,35.16,-0.3852,0.7014,DOWN
2018-09-19,162.92,163.7,162.74,162.93,3435153,164.1,166.34,35.13,-0.0061,0.6307,DOWN
2018-09-20,163.82,164.59,160.23,161.9,3284679,163.26,165.68,32.28,-0.6322,0.4956,DOWN
2018-09-21,162.93,163.46,160.3,160.9,4793649,162.45,164.86,29.75,-0.6177,0.4047,UP
2018-09-24,160.85,162.51,159.74,161.48,3712927,162.03,164.03,33.03,0.3605,0.4089,DOWN
2018-09-25,160.8,161.21,159.57,160.42,4676046,161.53,163.26,30.25,-0.6564,0.3767,UP
2018-09-26,160.61,161.87,160.36,161.16,4295841,161.17,162.64,34.39,0.4613,0.478,DOWN
2018-09-27,160.75,161.92,160.11,161.02,3662661,161.0,162.13,33.98,-0.0869,0.4657,DOWN
2018-09-28,160.72,161.73,159.39,160.12,4066406,160.84,161.64,31.39,-0.5589,0.4523,DOWN
2018-10-01,160.73,161.03,158.86,159.84,3506253,160.51,161.27,30.6,-0.1749,0.4118,DOWN
2018-10-02,160.61,161.1,157.71,158.25,4113360,160.08,160.8,26.55,-0.9947,0.4773,DOWN
2018-10-03,157.62,158.29,157.58,158.04,3191157,159.45,160.31,26.06,-0.1327,0.4705,DOWN
2018-10-04,157.64,158.57,157.28,157.64,4736099,158.78,159.89,25.1,-0.2531,0.4562,UP
2018-10-05,157.37,159.75,157.3,159.43,5052236,158.64,159.74,36.32,1.1355,0.615,UP
2018-10-08,159.56,161.24,159.18,160.7,3695537,158.81,159.66,42.86,0.7966,0.664,DOWN
2018-10-09,160.27,160.85,158.99,160.47,3243159,159.26,159.67,42.02,-0.1431,0.6306,DOWN
2018-10-10,160.57,160.95,159.0,159.38,3637496,159.52,159.49,38.19,-0.6793,0.6419,DOWN
2018-10-11,158.45,159.24,158.08,159.07,2783676,159.81,159.29,37.16,-0.1945,0.6424,DOWN
2018-10-12,158.48,160.03,157.48,157.7,2343056,159.46,159.05,32.91,-0.8613,0.6718,DOWN
2018-10-15,157.53,159.1,154.88,155.69,2508642,158.46,158.64,27.87,-1.2746,0.7605,DOWN
2018-10-16,155.13,155.36,153.85,153.96,4761652,157.16,158.21,24.41,-1.1112,0.7737,DOWN
2018-10-17,153.73,154.68,153.08,153.86,3572978,156.06,157.79,24.22,-0.065,0.7754,DOWN
2018-10-18,153.8,153.92,152.62,153.57,4956182,154.96,157.38,23.65,-0.1885,0.7758,UP
2018-10-19,153.94,155.12,152.78,154.56,4065883,154.33,156.9,29.7,0.6447,0.6884,DOWN
2018-10-22,153.97,154.14,153.62,153.75,5167944,153.94,156.2,27.76,-0.5241,0.5694,UP
2018-10-23,153.65,154.69,152.75,154.41,4426346,154.03,155.6,31.68,0.4293,0.6282,DOWN
2018-10-24,154.85,155.08,152.98,154.37,4277007,154.13,155.09,31.56,-0.0259,0.6279,UP
2018-10-25,154.72,155.04,153.75,154.53,4377019,154.32,154.64,32.59,0.1036,0.6413,UP
2018-10-26,155.0,155.73,154.49,155.45,4211929,154.5,154.42,38.3,0.5954,0.6616,UP
2018-10-29,155.54,156.72,154.31,156.0,4222310,154.95,154.45,41.49,0.3538,0.5412,UP
2018-10-30,156.03,157.02,155.43,156.5,4312246,155.37,154.7,44.31,0.3205,0.3709,UP
2018-10-31,156.24,157.76,155.82,157.15,4180735,155.93,155.03,47.83,0.4153,0.369,UP
2018-11-01,157.24,157.95,156.45,157.3,4093971,156.48,155.4,48.64,0.0955,0.3448,UP
2018-11-02,157.08,157.44,156.07,157.33,3032443,156.86,155.68,48.81,0.0191,0.3192,DOWN
2018-11-05,157.05,157.6,155.33,156.41,3639586,156.94,155.94,43.99,-0.5848,0.3343,DOWN
2018-11-06,155.86,155.95,154.39,155.16,2901684,156.67,156.02,38.43,-0.7992,0.4387,DOWN
2018-11-07,154.68,154.81,152.12,153.37,3787288,155.91,155.92,32.16,-1.1536,0.5818,DOWN
2018-11-08,153.24,153.65,152.2,152.64,4241176,154.98,155.73,30.01,-0.476,0.5921,DOWN
2018-11-09,152.74,153.33,151.7,152.15,4078890,153.95,155.4,28.63,-0.321,0.5372,DOWN
2018-11-12,151.34,152.03,150.95,151.84,3998454,153.03,154.99,27.76,-0.2037,0.4994,DOWN
2018-11-13,152.05,152.43,151.03,151.75,3918615,152.35,154.51,27.5,-0.0593,0.4627,DOWN
2018-11-14,151.92,152.48,151.19,151.49,4703192,151.97,153.94,26.71,-0.1713,0.3929,UP
2018-11-15,151.69,152.55,151.38,152.34,4342118,151.91,153.45,33.4,0.5611,0.473,UP
2018-11-16,152.61,153.76,152.18,152.36,4241927,151.96,152.95,33.55,0.0131,0.4726,UP
2018-11-19,152.12,152.82,151.92,152.63,4562294,152.11,152.57,35.7,0.1772,0.4863,UP
2018-11-20,152.98,153.84,152.68,153.46,4417559,152.46,152.4,41.94,0.5438,0.5009,UP
2018-11-21,153.39,153.9,153.08,153.63,4206128,152.88,152.43,43.15,0.1108,0.3424,UP
2018-11-23,153.65,154.67,152.96,154.33,3644944,153.28,152.6,47.98,0.4556,0.3192,DOWN
2018-11-26,154.54,155.6,152.92,153.21,3203150,153.45,152.7,41.85,-0.7257,0.3963,DOWN
2018-11-27,153.19,153.48,151.48,151.79,3265216,153.28,152.7,35.64,-0.9268,0.5034,DOWN
2018-11-28,151.3,151.62,149.47,149.92,4269035,152.58,152.52,29.44,-1.232,0.637,DOWN
2018-11-29,150.32,151.52,148.89,149.73,4904542,151.8,152.34,28.89,-0.1267,0.6368,UP
2018-11-30,150.17,152.07,149.04,150.64,5397803,151.06,152.17,35.14,0.6078,0.6424,UP
2018-12-03,151.08,152.94,149.73,152.23,5244005,150.86,152.16,44.34,1.0555,0.7416,UP
2018-12-04,152.4,153.24,152.31,153.08,4966182,151.12,152.2,48.54,0.5584,0.7616,UP
2018-12-05,153.64,154.75,153.59,154.51,4989744,152.04,152.31,54.74,0.9342,0.7998,UP
2018-12-06,154.51,156.27,154.0,155.51,4277605,153.19,152.49,58.5,0.6472,0.8205,UP
2018-12-07,154.86,156.68,154.46,155.96,5796300,154.26,152.66,60.1,0.2894,0.8147,UP
2018-12-10,155.21,158.3,154.2,157.44,4538266,155.3,153.08,64.91,0.949,0.7961,UP
2018-12-11,157.08,158.17,156.57,157.61,4138787,156.21,153.66,65.43,0.108,0.6815,DOWN
2018-12-12,157.31,158.05,156.61,157.4,4472724,156.78,154.41,64.18,-0.1332,0.4379,UP
2018-12-13,157.54,157.65,156.68,157.55,3439259,157.19,155.19,64.7,0.0953,0.4078,DOWN
2018-12-14,157.66,158.22,155.99,156.29,3035707,157.26,155.76,57.18,-0.7997,0.5781,DOWN
2018-12-17,156.27,157.76,154.35,155.18,3947839,156.81,156.05,51.5,-0.7102,0.6141,DOWN
2018-12-18,155.1,155.46,154.62,154.86,3924308,156.26,156.23,49.96,-0.2062,0.6113,DOWN
2018-12-19,154.73,156.14,154.02,154.37,2559292,155.65,156.22,47.61,-0.3164,0.5505,DOWN
2018-12-20,153.67,154.1,152.62,152.74,3494307,154.69,155.94,40.75,-1.0559,0.5876,DOWN
2018-12-21,152.32,153.1,150.7,151.8,2661560,153.79,155.52,37.4,-0.6154,0.5772,DOWN
2018-12-24,151.14,151.4,150.48,150.68,3835737,152.89,154.85,33.84,-0.7378,0.4017,DOWN
2018-12-26,150.82,151.51,150.1,150.67,3652526,152.05,154.15,33.8,-0.0066,0.3857,DOWN
2018-12-27,151.23,152.46,149.75,150.24,2708333,151.23,153.44,32.43,-0.2854,0.3747,DOWN
2018-12-28,150.17,150.51,149.32,149.65,4445227,150.61,152.65,30.59,-0.3927,0.3219,UP
2018-12-31,148.78,150.54,148.3,150.33,5162255,150.31,152.05,35.15,0.4544,0.4253,UP
2019-01-02,150.97,151.64,149.95,151.14,5329956,150.41,151.65,40.2,0.5388,0.4972,UP
2019-01-03,151.07,152.52,150.65,152.08,4633233,150.69,151.37,45.5,0.6219,0.5711,DOWN
2019-01-04,152.19,153.49,151.69,152.0,3622168,151.04,151.13,45.13,-0.0526,0.5701,DOWN
2019-01-07,151.42,152.21,150.2,151.03,3117049,151.32,150.96,40.84,-0.6382,0.5086,DOWN
2019-01-08,150.14,150.58,149.17,149.35,2094279,151.12,150.72,34.68,-1.1124,0.5823,DOWN
2019-01-09,149.19,149.46,146.08,146.62,1902014,150.22,150.31,27.44,-1.8279,0.7731,DOWN
2019-01-10,146.41,147.35,144.61,144.82,3484831,148.76,149.73,23.9,-1.2277,0.8217,DOWN
2019-01-11,144.46,145.75,143.79,143.97,3592395,147.16,149.1,22.42,-0.5869,0.8229,DOWN
2019-01-14,144.16,144.5,142.74,143.76,4405534,145.7,148.51,22.06,-0.1459,0.8276,UP
2019-01-15,144.61,146.03,143.87,145.09,4366778,144.85,147.99,29.79,0.9252,0.8923,UP
2019-01-16,144.5,146.88,144.14,145.85,4821167,144.7,147.46,33.82,0.5238,0.8906,UP
2019-01-17,146.3,147.46,145.87,146.95,3872187,145.12,146.94,39.26,0.7542,0.9075,DOWN
2019-01-18,146.88,147.51,146.09,146.84,4306662,145.7,146.43,38.92,-0.0749,0.9068,UP
2019-01-22,146.37,148.38,145.85,147.72,4536329,146.49,146.1,43.21,0.5993,0.9454,UP
2019-01-23,147.73,149.18,147.52,148.12,4388685,147.1,145.97,45.1,0.2708,0.8999,UP
2019-01-24,147.51,149.01,146.66,148.34,3681262,147.59,146.15,46.16,0.1485,0.6576,DOWN
2019-01-25,148.28,149.28,147.36,147.65,2705715,147.73,146.43,43.33,-0.4651,0.5122,DOWN
2019-01-28,147.83,148.35,145.5,146.43,3698140,147.65,146.68,38.81,-0.8263,0.5565,DOWN
2019-01-29,146.65,147.77,145.75,145.92,5098156,147.29,146.89,37.06,-0.3483,0.5728,UP
2019-01-30,146.58,148.15,146.18,146.6,5585499,146.99,147.04,40.88,0.466,0.5197,UP
2019-01-31,146.8,147.38,146.25,147.29,4855015,146.78,147.19,44.55,0.4707,0.5152,UP
2019-02-01,147.49,148.52,146.75,147.37,4292427,146.72,147.23,44.98,0.0543,0.4611,DOWN
2019-02-04,147.86,149.06,146.19,146.34,4319874,146.7,147.18,40.64,-0.6989,0.5158,DOWN
2019-02-05,147.2,147.99,145.66,146.05,4307263,146.73,147.01,39.49,-0.1982,0.4665,UP
2019-02-06,146.53,146.84,145.82,146.1,3887557,146.63,146.81,39.8,0.0342,0.4506,DOWN
2019-02-07,146.08,146.19,145.07,145.43,5142604,146.26,146.52,37.0,-0.4586,0.4488,UP
2019-02-08,146.5,146.99,146.32,146.54,4642447,146.09,146.41,44.03,0.7633,0.5284,UP
2019-02-11,146.3,146.99,145.95,146.57,5737439,146.14,146.42,44.21,0.0205,0.4575,UP
2019-02-12,146.94,149.54,146.4,148.19,5099337,146.57,146.65,53.05,1.1053,0.552,UP
2019-02-13,148.71,149.59,147.87,149.46,3856228,147.24,146.93,58.59,0.857,0.5891,DOWN
2019-02-14,149.55,150.31,148.87,149.25,3694394,148.0,147.13,57.38,-0.1405,0.589,DOWN
2019-02-15,149.79,150.36,148.89,148.95,4311327,148.48,147.29,55.62,-0.201,0.5983,UP
2019-02-19,149.39,150.96,148.55,150.38,4414577,149.25,147.69,61.66,0.9601,0.5793,UP
2019-02-20,151.0,151.72,150.51,151.63,4090853,149.93,148.25,66.01,0.8312,0.5775,UP
2019-02-21,151.68,152.92,150.62,151.91,2971005,150.42,148.83,66.92,0.1847,0.5694,DOWN
2019-02-22,151.45,152.17,149.78,150.47,3168216,150.67,149.33,58.31,-0.9479,0.6639,DOWN
2019-02-25,150.81,151.53,148.13,148.95,4284018,150.67,149.58,50.87,-1.0102,0.7679,UP
2019-02-26,149.72,149.9,148.98,149.32,3992853,150.46,149.85,52.46,0.2484,0.7665,DOWN
2019-02-27,149.63,150.62,148.54,148.98,4722353,149.93,149.93,50.83,-0.2277,0.7026,UP
2019-02-28,149.34,150.96,148.83,149.65,5361812,149.47,149.95,53.87,0.4497,0.6616,UP
2019-03-01,149.4,150.06,149.04,150.04,5803615,149.39,150.03,55.59,0.2606,0.6633,UP
2019-03-04,150.73,151.49,150.32,151.44,5094269,149.89,150.28,61.18,0.9331,0.71,UP
2019-03-05,151.5,152.99,150.71,152.06,3913745,150.43,150.44,63.38,0.4094,0.6615,DOWN
2019-03-06,151.68,152.33,150.97,151.52,3536568,150.94,150.43,60.19,-0.3551,0.6237,DOWN
2019-03-07,150.82,152.16,150.35,151.16,3018432,151.24,150.36,58.08,-0.2376,0.6237,DOWN
2019-03-08,150.29,150.79,149.82,150.15,4311118,151.27,150.33,52.53,-0.6682,0.5838,UP
2019-03-11,151.12,151.67,149.78,150.54,4983136,151.09,150.49,54.34,0.2597,0.4718,UP
2019-03-12,150.23,151.42,149.75,151.04,4806473,150.88,150.66,56.63,0.3321,0.4753,UP
2019-03-13,150.12,152.2,149.41,151.22,4342611,150.82,150.88,57.46,0.1192,0.4599,DOWN
2019-03-14,150.96,151.54,150.73,151.11,4708113,150.81,151.03,56.75,-0.0727,0.4517,UP
2019-03-15,151.67,152.17,151.37,151.5,5171202,151.08,151.17,58.7,0.2581,0.4516,UP
2019-03-18,150.71,152.41,150.1,152.03,5176195,151.38,151.23,61.26,0.3498,0.3601,UP
2019-03-19,152.33,153.49,151.39,153.09,3739979,151.79,151.34,65.83,0.6972,0.402,DOWN
2019-03-20,152.79,153.08,151.85,152.4,5322685,152.03,151.42,60.8,-0.4507,0.4142,UP
2019-03-21,151.93,153.84,151.21,153.59,6055551,152.52,151.67,65.67,0.7808,0.4563,UP
2019-03-22,153.46,155.18,153.38,154.9,5062302,153.2,152.14,70.07,0.8529,0.3993,UP
2019-03-25,155.55,156.71,155.12,155.41,4921978,153.88,152.63,71.6,0.3292,0.3989,UP
2019-03-26,155.72,156.52,154.86,156.38,5323682,154.54,153.16,74.29,0.6242,0.4104,UP
2019-03-27,156.46,157.18,155.71,156.63,4989277,155.38,153.7,74.95,0.1599,0.4081,UP
2019-03-28,155.78,157.31,155.35,156.81,5380208,156.03,154.27,75.43,0.1149,0.3903,UP
2019-03-29,156.35,158.16,155.79,158.07,3873829,156.66,154.93,78.58,0.8035,0.4103,DOWN
2019-04-01,157.51,158.42,156.59,158.06,3826786,157.19,155.53,78.49,-0.0063,0.4325,UP
2019-04-02,158.95,160.79,158.05,158.15,3400848,157.54,156.04,78.72,0.0569,0.4294,DOWN
2019-04-03,157.65,158.49,156.11,157.94,3778062,157.81,156.59,76.7,-0.1328,0.3736,DOWN
2019-04-04,159.21,159.85,156.99,157.77,3921361,158.0,157.01,75.02,-0.1076,0.3676,DOWN
2019-04-05,157.93,158.24,156.98,157.64,4439822,157.91,157.29,73.69,-0.0824,0.3183,UP
2019-04-08,158.13,158.78,157.89,158.5,5273170,158.0,157.59,76.64,0.5455,0.3367,UP
2019-04-09,158.51,158.8,158.36,158.64,5512144,158.1,157.82,77.09,0.0883,0.3022,UP
2019-04-10,158.34,161.41,156.72,160.46,5035166,158.6,158.2,81.95,1.1473,0.4385,UP
2019-04-11,161.34,161.85,160.24,161.02,5314171,159.25,158.62,83.14,0.349,0.4372,UP
2019-04-12,161.22,162.83,159.55,162.17,5844375,160.16,159.04,85.28,0.7142,0.4257,UP
2019-04-15,162.69,163.75,161.66,163.27,5396662,161.11,159.56,86.98,0.6783,0.4336,UP
2019-04-16,164.02,164.64,163.27,163.64,4079444,162.11,160.1,87.5,0.2266,0.4252,DOWN
2019-04-17,163.16,163.6,162.96,163.39,3219051,162.7,160.65,85.02,-0.1528,0.4277,DOWN
2019-04-18,163.88,164.53,162.53,162.68,4006754,163.03,161.14,78.22,-0.4345,0.4756,DOWN
2019-04-22,161.86,162.55,160.39,161.83,3905829,162.96,161.56,70.91,-0.5225,0.5327,DOWN
2019-04-23,161.09,161.93,160.33,161.73,4934705,162.65,161.88,70.08,-0.0618,0.5316,UP
2019-04-24,161.03,163.46,160.44,163.17,5442423,162.56,162.34,74.67,0.8904,0.5714,UP
2019-04-25,163.54,164.32,162.28,164.17,4522692,162.72,162.71,77.28,0.6129,0.5024,DOWN
2019-04-26,164.67,165.19,163.85,164.09,4188091,163.0,163.01,76.6,-0.0487,0.5077,DOWN
2019-04-29,163.65,164.41,162.64,164.08,4314291,163.45,163.2,76.51,-0.0061,0.4751,UP
2019-04-30,164.92,165.11,163.97,164.58,3765745,164.02,163.34,77.92,0.3047,0.4395,DOWN
2019-05-01,165.99,167.02,163.55,163.88,3680246,164.16,163.36,71.47,-0.4253,0.4632,DOWN
2019-05-02,163.65,164.28,161.8,162.81,3270472,163.89,163.3,62.89,-0.6529,0.5082,DOWN
2019-05-03,162.59,163.09,160.81,161.27,3146282,163.32,163.16,53.03,-0.9459,0.5744,DOWN
2019-05-06,161.36,162.7,160.4,160.76,2567360,162.66,163.05,50.22,-0.3162,0.5605,DOWN
2019-05-07,160.86,161.27,158.87,159.46,4048526,161.64,162.83,43.85,-0.8087,0.6078,DOWN
2019-05-08,158.47,159.21,157.81,158.66,4605494,160.59,162.38,40.45,-0.5017,0.4946,DOWN
2019-05-09,158.89,159.33,157.95,158.36,5046617,159.7,161.8,39.22,-0.1891,0.3873,UP
2019-05-10,159.13,160.24,158.86,159.9,4765421,159.43,161.38,47.96,0.9725,0.5698,UP
2019-05-13,160.11,160.46,160.06,160.26,4456527,159.33,160.99,49.78,0.2251,0.5856,UP
2019-05-14,159.46,160.98,159.28,160.39,4247434,159.51,160.57,50.45,0.0811,0.5667,UP
2019-05-15,160.17,161.35,159.45,161.0,3672590,159.98,160.29,53.59,0.3803,0.5965,DOWN
2019-05-16,161.62,161.87,159.87,160.12,4857278,160.33,160.02,48.79,-0.5466,0.5879,UP
2019-05-17,159.82,161.41,158.74,160.81,4372467,160.52,159.97,52.39,0.4309,0.5443,UP
2019-05-20,161.21,162.06,160.68,161.68,3342954,160.8,160.06,56.55,0.541,0.561,DOWN
2019-05-21,162.04,162.32,160.24,161.21,4813036,160.96,160.24,53.81,-0.2907,0.4916,UP
2019-05-22,161.35,164.37,161.15,162.61,4740802,161.29,160.63,60.01,0.8684,0.493,UP
2019-05-23,162.35,164.1,161.83,163.09,4063911,161.88,161.11,61.9,0.2952,0.4686,DOWN
2019-05-24,162.47,162.75,162.16,162.5,4896446,162.22,161.37,58.26,-0.3618,0.4438,UP
2019-05-28,162.59,163.82,162.27,163.17,4222738,162.52,161.66,61.06,0.4123,0.4506,UP
2019-05-29,163.16,164.11,161.63,163.4,4552753,162.95,161.96,62.0,0.141,0.4495,UP
2019-05-30,163.23,164.7,161.79,163.78,3219553,163.19,162.24,63.57,0.2326,0.4449,DOWN
2019-05-31,162.88,163.96,161.18,162.15,3205376,163.0,162.44,53.39,-0.9952,0.5382,DOWN
2019-06-03,161.4,162.34,160.6,161.04,2982890,162.71,162.46,47.78,-0.6846,0.5821,DOWN
2019-06-04,160.89,161.05,160.32,160.38,2986748,162.15,162.33,44.76,-0.4098,0.5642,DOWN
2019-06-05,159.93,160.29,158.25,158.48,3827478,161.17,162.06,37.44,-1.1847,0.6635,DOWN
2019-06-06,158.31,159.52,157.6,157.78,3574043,159.97,161.58,35.16,-0.4417,0.5567,UP
2019-06-07,157.25,158.43,156.78,157.82,3441583,159.1,161.05,35.4,0.0254,0.5306,DOWN
2019-06-10,157.08,158.01,155.34,156.49,3496995,158.19,160.45,31.22,-0.8427,0.5554,DOWN
2019-06-11,156.67,157.8,154.04,155.09,3878352,157.13,159.64,27.54,-0.8946,0.5007,DOWN
2019-06-12,154.48,154.93,153.97,154.33,5484697,156.3,158.73,25.76,-0.49,0.4471,UP
2019-06-13,155.15,155.5,155.0,155.18,3916651,155.78,157.87,31.12,0.5508,0.5164,DOWN
2019-06-14,154.33,156.04,153.7,154.94,4436295,155.21,157.15,30.45,-0.1547,0.5016,UP
2019-06-17,155.32,156.25,154.51,155.37,3637141,154.98,156.59,33.21,0.2775,0.5428,DOWN
2019-06-18,155.6,156.16,153.72,154.56,5193736,154.88,156.0,30.74,-0.5213,0.5451,UP
2019-06-19,154.89,155.67,154.25,155.61,5529854,155.13,155.72,37.27,0.6793,0.5533,UP
2019-06-20,155.46,157.31,155.2,156.76,4050059,155.45,155.62,43.55,0.739,0.6142,DOWN
2019-06-21,155.72,158.42,155.02,156.36,4033581,155.73,155.47,41.98,-0.2552,0.6161,UP
2019-06-24,156.78,157.66,155.25,156.43,2955142,155.94,155.46,42.37,0.0448,0.5569,DOWN
2019-06-25,156.38,156.59,154.77,155.43,3846317,156.12,155.5,38.37,-0.6393,0.5158,DOWN
2019-06-26,155.71,155.83,154.52,154.77,4751477,155.95,155.54,35.96,-0.4246,0.5089,DOWN
2019-06-27,155.51,155.8,154.54,154.66,3191106,155.53,155.49,35.56,-0.0711,0.475,DOWN
2019-06-28,154.92,155.06,153.28,153.51,3725550,154.96,155.35,31.6,-0.7436,0.5257,DOWN
2019-07-01,153.83,154.87,152.11,152.36,4198144,154.15,155.05,28.21,-0.7491,0.5455,DOWN
2019-07-02,152.76,153.41,150.82,151.28,3516929,153.32,154.72,25.45,-0.7088,0.561,DOWN
2019-07-03,150.93,151.46,150.32,150.54,3460899,152.47,154.21,23.74,-0.4892,0.4686,DOWN
2019-07-05,150.27,151.37,148.47,149.09,3303412,151.36,153.44,20.78,-0.9632,0.3241,DOWN
2019-07-08,149.13,149.57,147.39,148.08,2592070,150.27,152.62,19.01,-0.6774,0.3161,DOWN
2019-07-09,147.26,148.01,146.87,146.95,2931594,149.19,151.67,17.24,-0.7631,0.2446,DOWN
2019-07-10,146.76,147.48,145.24,145.54,3429168,148.04,150.68,15.32,-0.9595,0.2669,DOWN
2019-07-11,145.61,146.02,144.19,144.7,3915152,146.87,149.67,14.3,-0.5772,0.2564,DOWN
2019-07-12,145.24,145.71,143.06,144.19,3331695,145.89,148.62,13.7,-0.3525,0.1902,DOWN
2019-07-15,144.13,144.59,143.1,143.7,3542940,145.02,147.64,13.13,-0.3398,0.2201,DOWN
2019-07-16,143.64,145.04,142.62,143.31,3648520,144.29,146.74,12.68,-0.2714,0.2482,DOWN
2019-07-17,143.93,144.26,142.37,142.85,3172206,143.75,145.9,12.15,-0.321,0.261,DOWN
2019-07-18,142.46,143.51,142.33,142.52,2482155,143.31,145.09,11.77,-0.231,0.282,DOWN
2019-07-19,143.1,143.5,140.64,140.92,3507936,142.66,144.28,10.12,-1.1226,0.3112,DOWN
2019-07-22,140.95,141.06,140.3,140.58,4821261,142.04,143.53,9.81,-0.2413,0.3235,UP
2019-07-23,140.69,141.44,140.37,140.78,5779612,141.53,142.91,11.55,0.1423,0.3705,UP
2019-07-24,140.68,143.04,139.8,142.23,6084391,141.41,142.58,23.14,1.03,0.5458,UP
2019-07-25,142.31,144.08,141.77,143.99,4733883,141.7,142.51,34.38,1.2374,0.6975,UP
2019-07-26,144.23,144.93,143.73,144.05,5313871,142.33,142.49,34.73,0.0417,0.6894,UP
2019-07-29,144.12,146.11,143.36,145.18,4966816,143.25,142.64,41.11,0.7844,0.7202,UP
2019-07-30,145.45,146.22,144.98,146.0,4109809,144.29,142.91,45.29,0.5648,0.7202,UP
2019-07-31,146.43,146.74,146.3,146.47,4181131,145.14,143.27,47.59,0.3219,0.698,UP
2019-08-01,147.4,148.04,147.32,147.83,5857855,145.91,143.8,53.65,0.9285,0.705,UP
2019-08-02,148.69,151.44,147.99,150.77,5765791,147.25,144.79,63.48,1.9888,0.6588,UP
2019-08-05,150.75,152.71,149.89,152.38,6197582,148.69,145.97,67.54,1.0679,0.5808,UP
2019-08-06,152.5,154.89,152.03,154.63,5184941,150.42,147.35,72.2,1.4766,0.5632,UP
2019-08-07,156.24,156.71,155.03,156.46,4669080,152.41,148.78,75.3,1.1835,0.5679,UP
2019-08-08,156.43,157.18,155.77,156.69,3860387,154.19,150.05,75.67,0.147,0.6116,DOWN
2019-08-09,156.45,156.56,154.86,155.79,3267217,155.19,151.22,71.2,-0.5744,0.723,DOWN
2019-08-12,155.95,156.75,153.69,154.3,3480104,155.57,152.13,64.43,-0.9564,0.9097,DOWN
2019-08-13,153.95,154.38,151.99,152.98,4504532,155.24,152.83,59.06,-0.8555,1.0223,DOWN
2019-08-14,152.72,153.78,151.81,152.58,4823904,154.47,153.44,57.5,-0.2615,1.0482,DOWN
2019-08-15,152.48,153.26,151.82,151.89,4571062,153.51,153.85,54.81,-0.4522,1.0637,UP
2019-08-16,151.99,153.11,151.73,152.44,4482081,152.84,154.01,56.56,0.3621,0.8816,UP
2019-08-19,152.47,153.79,151.7,153.37,4387334,152.65,154.11,59.41,0.6101,0.8373,UP
2019-08-20,152.78,154.37,152.29,153.51,4109166,152.76,154.0,59.84,0.0913,0.6777,DOWN
2019-08-21,153.9,154.56,152.89,153.22,3510536,152.89,153.68,58.46,-0.1889,0.5149,DOWN
2019-08-22,152.87,153.38,150.95,151.94,2871381,152.9,153.2,52.71,-0.8354,0.5331,DOWN
2019-08-23,150.93,151.5,149.89,150.34,2583524,152.48,152.66,46.54,-1.053,0.5793,DOWN
2019-08-26,150.27,150.85,147.08,147.47,2759630,151.3,151.97,37.95,-1.909,0.7443,DOWN
2019-08-27,147.63,148.09,144.86,145.56,2595119,149.71,151.23,33.52,-1.2952,0.7829,DOWN
2019-08-28,144.86,145.27,143.24,143.81,3163213,147.82,150.35,30.06,-1.2023,0.8081,DOWN
2019-08-29,143.87,144.4,142.15,142.8,1717611,146.0,149.45,28.25,-0.7023,0.8073,DOWN
2019-08-30,142.2,142.36,139.95,140.18,2842843,143.96,148.22,24.17,-1.8347,0.8116,DOWN
2019-09-03,140.11,140.44,137.4,138.11,4049762,142.09,146.69,21.53,-1.4767,0.6523,DOWN
2019-09-04,138.12,138.91,136.58,137.29,3678461,140.44,145.07,20.57,-0.5937,0.5478,DOWN
2019-09-05,137.98,138.1,136.49,136.74,4031322,139.02,143.42,19.93,-0.4006,0.5111,DOWN
2019-09-06,135.86,136.06,135.58,135.84,3210021,137.63,141.81,18.89,-0.6582,0.5254,DOWN
2019-09-09,134.78,135.22,133.98,134.36,4906849,136.47,140.22,17.3,-1.0895,0.525,UP
2019-09-10,133.74,135.53,133.53,134.46,3816831,135.74,138.92,17.8,0.0744,0.5654,DOWN
2019-09-11,134.97,136.26,133.43,133.74,4593055,135.03,137.73,17.0,-0.5355,0.56,UP
2019-09-12,134.4,135.03,133.49,133.95,3649565,134.47,136.75,18.16,0.157,0.6241,DOWN
2019-09-13,134.32,134.8,132.48,133.19,3690813,133.94,135.79,17.22,-0.5674,0.6257,DOWN
2019-09-16,133.64,134.03,132.1,132.92,3404573,133.65,135.06,16.89,-0.2027,0.4936,DOWN
2019-09-17,133.12,133.33,131.93,132.26,4366684,133.21,134.48,16.06,-0.4965,0.3651,UP
2019-09-18,131.96,133.49,131.72,133.2,4000176,133.1,134.07,21.89,0.7107,0.5063,DOWN
2019-09-19,132.79,133.16,132.41,133.04,4186555,132.92,133.7,21.61,-0.1201,0.508,DOWN
2019-09-20,133.25,133.77,131.83,132.67,4037224,132.82,133.38,20.96,-0.2781,0.4898,DOWN
2019-09-23,133.32,134.14,131.91,132.5,3961508,132.73,133.19,20.65,-0.1281,0.3869,DOWN
2019-09-24,132.33,132.5,130.78,131.78,4949699,132.64,132.93,19.34,-0.5434,0.3983,UP
2019-09-25,131.32,132.93,131.05,132.43,4843226,132.48,132.79,24.01,0.4932,0.4334,UP
2019-09-26,132.46,134.12,130.78,133.46,4841624,132.57,132.74,30.84,0.7778,0.5114,UP
2019-09-27,133.63,134.64,133.31,134.33,4378440,132.9,132.86,36.07,0.6519,0.5158,UP
2019-09-30,135.36,135.5,134.6,134.9,4485980,133.38,133.06,39.31,0.4243,0.5149,UP
2019-10-01,135.21,135.95,135.06,135.78,5537310,134.18,133.41,44.02,0.6523,0.4819,UP
2019-10-02,135.31,137.21,134.53,136.71,4774392,135.04,133.76,48.56,0.6849,0.4793,DOWN
2019-10-03,136.43,136.86,135.44,136.12,3586954,135.57,134.07,46.01,-0.4316,0.5156,DOWN
2019-10-04,136.58,137.03,134.35,134.92,4360903,135.69,134.29,41.26,-0.8816,0.6087,DOWN
2019-10-07,135.07,135.17,134.27,134.35,5272879,135.58,134.48,39.19,-0.4225,0.6314,UP
2019-10-08,134.22,135.52,134.08,135.03,4933980,135.43,134.8,42.87,0.5061,0.591,UP
2019-10-09,135.21,136.51,135.0,136.32,5103805,135.35,135.19,49.16,0.9553,0.6293,UP
2019-10-10,136.91,137.97,136.01,137.12,4716105,135.55,135.56,52.64,0.5869,0.6157,UP
2019-10-11,137.23,137.32,136.69,137.3,4703279,136.02,135.85,53.42,0.1313,0.6019,UP
2019-10-14,137.17,138.39,136.7,138.08,6122775,136.77,136.17,56.71,0.5681,0.609,UP
2019-10-15,138.33,140.7,138.15,140.33,6535903,137.83,136.63,64.51,1.6295,0.7463,UP
2019-10-16,140.51,142.55,140.34,142.49,6250148,139.06,137.21,70.09,1.5392,0.8348,UP
2019-10-17,143.6,144.18,143.41,143.95,6096426,140.43,137.99,73.16,1.0246,0.7962,UP
2019-10-18,143.94,145.48,143.1,145.31,6412719,142.03,139.03,75.66,0.9448,0.6172,UP
2019-10-21,145.21,147.68,145.01,147.43,7031869,143.9,140.34,78.96,1.4589,0.4962,UP
2019-10-22,147.75,151.25,146.85,150.69,7361996,145.97,141.9,82.81,2.2112,0.6121,UP
2019-10-23,150.16,154.11,149.73,153.19,6167161,148.11,143.59,85.07,1.659,0.6331,UP
2019-10-24,154.14,156.9,153.95,155.78,4308052,150.48,145.45,86.98,1.6907,0.615,DOWN
2019-10-25,156.15,156.33,154.47,155.25,4842656,152.47,147.25,84.6,-0.3402,0.7221,UP
2019-10-28,154.16,155.7,153.82,155.56,5103137,154.09,149.0,84.86,0.1997,0.7681,UP
2019-10-29,154.74,157.79,154.25,156.58,5496660,155.27,150.62,85.72,0.6557,0.7695,UP
2019-10-30,156.83,158.8,155.29,157.66,5888013,156.17,152.14,86.59,0.6897,0.7631,UP
2019-10-31,157.64,161.18,157.33,159.26,5535460,156.86,153.67,87.77,1.0148,0.7631,UP
2019-11-01,159.81,160.93,158.81,160.51,5341099,157.91,155.19,88.62,0.7849,0.7664,UP
2019-11-04,160.8,161.56,159.95,160.69,5581403,158.94,156.52,88.74,0.1121,0.7951,UP
2019-11-05,160.6,161.12,160.25,161.01,4111340,159.83,157.55,88.96,0.1991,0.6606,DOWN
2019-11-06,161.48,162.44,159.09,160.33,4586976,160.36,158.26,85.08,-0.4223,0.6407,UP
2019-11-07,160.23,161.1,159.98,160.5,3920191,160.61,158.73,85.26,0.106,0.4772,DOWN
2019-11-08,160.81,160.94,159.8,159.91,3912609,160.49,159.2,81.71,-0.3676,0.4813,DOWN
2019-11-11,159.99,160.67,157.15,159.36,4340217,160.22,159.58,78.44,-0.3439,0.5225,UP
2019-11-12,159.25,160.43,158.19,159.49,5594731,159.92,159.87,78.66,0.0816,0.5033,UP
2019-11-13,160.82,162.42,160.4,161.87,5112471,160.23,160.29,82.2,1.4923,0.6385,UP
2019-11-14,161.73,163.14,161.54,162.32,5066543,160.59,160.6,82.78,0.278,0.5825,UP
2019-11-15,161.96,164.09,161.8,163.51,5306322,161.31,160.9,84.25,0.7331,0.5768,UP
2019-11-18,163.36,166.07,162.71,165.57,5219784,162.55,161.39,86.41,1.2599,0.6674,UP
2019-11-19,165.95,167.19,164.92,166.58,5776860,163.97,161.94,87.32,0.61,0.673,UP
2019-11-20,167.05,169.56,166.84,168.75,5566731,165.35,162.79,89.03,1.3027,0.6762,UP
2019-11-21,169.39,170.64,169.19,170.53,3777755,166.99,163.79,90.2,1.0548,0.6789,DOWN
2019-11-22,170.1,170.39,168.97,170.01,4436638,168.29,164.8,87.28,-0.3049,0.6691,UP
2019-11-25,170.44,171.33,170.06,171.05,4991004,169.38,165.97,88.11,0.6117,0.5789,UP
2019-11-26,170.53,172.83,169.39,172.29,4457981,170.53,167.25,89.03,0.7249,0.5352,DOWN
2019-11-27,172.35,172.63,170.87,171.58,4393793,171.09,168.22,84.97,-0.4121,0.5883,UP
2019-11-29,172.32,173.44,171.91,172.33,3711343,171.45,169.22,85.71,0.4371,0.5811,DOWN
2019-12-02,172.81,173.1,171.89,172.0,5197212,171.85,170.07,83.76,-0.1915,0.6294,UP
2019-12-03,172.74,173.36,171.77,173.09,4417640,172.26,170.82,84.98,0.6337,0.5753,UP
2019-12-04,173.72,174.02,172.85,173.24,5369471,172.45,171.49,85.14,0.0867,0.5825,UP
2019-12-05,172.87,175.24,171.4,175.13,5352292,173.16,172.12,87.07,1.091,0.5487,UP
2019-12-06,175.26,176.66,174.84,175.83,5528630,173.86,172.66,87.71,0.3997,0.4947,UP
2019-12-09,175.52,177.86,174.72,177.45,5551773,174.95,173.4,89.05,0.9213,0.4777,UP
2019-12-10,177.6,179.11,176.63,178.65,5699727,176.06,174.16,89.93,0.6762,0.4809,UP
2019-12-11,178.38,179.84,177.88,179.56,5110040,177.32,174.89,90.55,0.5094,0.4713,UP
2019-12-12,179.46,180.34,178.89,179.6,5189680,178.22,175.69,90.58,0.0223,0.4014,UP
2019-12-13,180.2,180.99,179.94,180.57,3890206,179.17,176.51,91.24,0.5401,0.4021,DOWN
2019-12-16,180.02,180.92,178.25,179.6,4100372,179.6,177.27,84.81,-0.5372,0.4737,DOWN
2019-12-17,179.9,180.36,178.7,178.97,5316782,179.66,177.86,80.82,-0.3508,0.5269,UP
2019-12-18,179.46,180.17,178.48,179.92,5165552,179.73,178.53,82.18,0.5308,0.5223,DOWN
2019-12-19,180.71,180.9,178.98,179.82,4723477,179.78,179.0,81.53,-0.0556,0.4724,UP
2019-12-20,181.1,182.48,178.72,180.46,4311607,179.75,179.46,82.49,0.3559,0.4712,UP
2019-12-23,180.04,181.67,178.55,180.56,4242746,179.95,179.77,82.64,0.0554,0.4123,DOWN
2019-12-24,180.53,182.41,178.94,179.56,3746454,180.06,179.86,75.57,-0.5538,0.4292,DOWN
2019-12-26,178.98,181.1,177.26,178.53,4849787,179.79,179.76,69.02,-0.5736,0.4374,UP
2019-12-27,179.11,179.77,178.61,179.61,4248221,179.74,179.76,71.78,0.6049,0.4853,DOWN
2019-12-30,178.84,180.33,177.18,179.53,4226957,179.56,179.66,71.27,-0.0445,0.4469,DOWN
2019-12-31,180.36,181.41,178.49,179.34,4117005,179.31,179.63,70.01,-0.1058,0.4151,DOWN
2020-01-02,179.15,179.73,177.38,178.68,3333362,179.14,179.6,65.65,-0.368,0.4167,DOWN
2020-01-03,178.22,178.97,176.9,177.41,3510694,178.91,179.35,58.15,-0.7108,0.4208,DOWN
2020-01-06,178.12,178.27,175.5,175.65,3136157,178.12,178.93,49.68,-0.9921,0.4973,DOWN
2020-01-07,175.21,175.52,173.43,173.91,2704434,177.0,178.28,43.01,-0.9906,0.5023,DOWN
2020-01-08,173.73,174.02,170.93,171.55,3479795,175.44,177.38,35.96,-1.357,0.5647,DOWN
2020-01-09,171.18,171.32,170.32,170.47,3967104,173.8,176.47,33.27,-0.6296,0.5659,UP
2020-01-10,170.46,172.06,169.54,170.66,3309456,172.45,175.68,34.2,0.1115,0.5988,DOWN
2020-01-13,170.95,172.54,169.21,169.77,3367250,171.27,174.7,31.95,-0.5215,0.471,DOWN
2020-01-14,169.38,170.52,168.76,169.1,3417148,170.31,173.65,30.33,-0.3947,0.4403,DOWN
2020-01-15,168.18,169.08,166.88,167.53,3145895,169.51,172.47,26.89,-0.9284,0.4147,DOWN
2020-01-16,167.61,168.28,165.28,165.64,3196601,168.54,171.17,23.45,-1.1282,0.4211,DOWN
2020-01-17,165.52,166.63,163.37,164.02,2999476,167.21,169.83,20.97,-0.978,0.4265,DOWN
2020-01-21,164.4,164.79,162.27,162.41,4229352,165.74,168.51,18.84,-0.9816,0.426,DOWN
2020-01-22,161.62,163.69,160.43,162.34,4140667,164.39,167.35,18.75,-0.0431,0.4763,UP
2020-01-23,163.36,163.89,162.35,162.59,3818259,163.4,166.45,20.2,0.154,0.4791,DOWN
2020-01-24,162.86,163.58,160.59,161.14,4431175,162.5,165.52,18.17,-0.8918,0.4919,DOWN
2020-01-27,161.5,162.52,160.13,160.49,3163008,161.79,164.5,17.33,-0.4034,0.4378,DOWN
2020-01-28,160.04,160.59,158.64,158.94,2586596,161.1,163.42,15.49,-0.9658,0.45,DOWN
2020-01-29,158.07,159.16,155.77,156.52,3101664,159.94,162.16,13.14,-1.5226,0.514,DOWN
2020-01-30,155.98,156.81,153.84,154.1,3485445,158.24,160.82,11.3,-1.5461,0.5694,DOWN
2020-01-31,153.83,154.23,151.99,152.23,4283440,156.46,159.48,10.11,-1.2135,0.575,UP
2020-02-03,152.17,152.9,151.33,152.36,4829828,154.83,158.31,10.81,0.0854,0.641,UP
2020-02-04,152.64,153.6,151.73,152.84,4438266,153.61,157.35,13.48,0.315,0.7123,UP
2020-02-05,153.62,154.89,153.18,153.33,5258612,152.97,156.45,16.24,0.3206,0.7522,UP
2020-02-06,152.81,154.59,152.7,153.96,4994760,152.94,155.59,19.79,0.4109,0.7833,UP
2020-02-07,154.18,155.89,152.93,155.36,5247156,153.57,155.01,27.16,0.9093,0.8931,UP
2020-02-10,155.56,155.73,155.12,155.4,5353365,154.18,154.5,27.36,0.0257,0.9011,UP
2020-02-11,155.86,156.32,155.68,155.89,4413814,154.79,154.2,29.97,0.3153,0.8898,UP
2020-02-12,155.85,157.62,153.74,156.33,3875836,155.39,154.18,32.31,0.2823,0.7635,UP
2020-02-13,157.02,157.16,156.47,156.75,4059571,155.95,154.44,34.57,0.2687,0.541,UP
2020-02-14,157.55,157.79,156.65,157.07,4445986,156.29,154.93,36.31,0.2041,0.2391,UP
2020-02-18,157.71,159.85,157.08,158.42,4238934,156.89,155.54,43.18,0.8595,0.2789,DOWN
2020-02-19,158.07,159.15,157.62,158.3,4830974,157.37,156.08,42.74,-0.0757,0.3157,UP
2020-02-20,158.92,159.68,158.11,158.66,4754818,157.84,156.61,44.57,0.2274,0.3181,UP
2020-02-21,157.58,160.58,156.95,158.82,3682623,158.25,157.1,45.4,0.1008,0.3257,DOWN
2020-02-24,158.78,159.09,156.75,157.13,4500293,158.27,157.28,38.76,-1.0641,0.4832,DOWN
2020-02-25,156.8,157.67,155.35,156.19,3814978,157.82,157.36,35.64,-0.5982,0.5336,DOWN
2020-02-26,155.77,156.5,155.1,155.51,4317350,157.26,157.32,33.53,-0.4354,0.5451,UP
2020-02-27,155.81,156.38,154.72,155.69,3256093,156.67,157.25,34.63,0.1157,0.5372,DOWN
2020-02-28,155.77,156.0,153.74,154.66,2820075,155.84,157.05,31.43,-0.6616,0.558,DOWN
2020-03-02,154.47,154.58,152.77,153.0,2399358,155.01,156.64,27.08,-1.0733,0.6156,DOWN
2020-03-03,152.87,153.45,150.82,151.13,3571954,154.0,155.91,23.18,-1.2222,0.5424,DOWN
2020-03-04,150.93,151.09,148.96,149.65,4506662,152.83,155.04,20.65,-0.9793,0.5449,UP
2020-03-05,150.09,150.84,149.38,149.68,3928578,151.62,154.15,20.84,0.02,0.5148,DOWN
2020-03-06,149.78,150.14,148.9,149.61,4420896,150.61,153.22,20.72,-0.0468,0.4948,UP
2020-03-09,149.72,151.03,149.15,150.08,3233462,150.03,152.52,23.98,0.3142,0.5394,UP
2020-03-10,149.8,150.76,149.53,150.22,3728654,149.85,151.92,24.97,0.0933,0.5631,UP
2020-03-11,149.65,150.88,148.2,150.37,3594379,149.99,151.41,26.08,0.0999,0.5831,DOWN
2020-03-12,149.37,149.96,148.35,149.9,3218236,150.04,150.83,24.84,-0.3126,0.5618,DOWN
2020-03-13,150.11,150.88,148.65,148.97,4001459,149.91,150.26,22.55,-0.6204,0.5596,DOWN
2020-03-16,149.55,149.79,148.0,148.15,4215689,149.52,149.78,20.74,-0.5504,0.509,DOWN
2020-03-17,147.85,149.06,147.42,148.04,4496586,149.09,149.47,20.5,-0.0742,0.401,DOWN
2020-03-18,148.31,149.23,147.97,148.0,3348207,148.61,149.3,20.41,-0.027,0.2963,DOWN
2020-03-19,147.42,147.87,146.32,146.77,2673804,147.99,149.01,17.77,-0.8311,0.3682,DOWN
2020-03-20,146.71,146.83,144.27,144.4,3964233,147.07,148.49,14.02,-1.6148,0.5741,DOWN
2020-03-23,144.75,145.17,142.68,143.36,4590503,146.11,147.82,12.74,-0.7202,0.5323,UP
2020-03-24,143.64,144.61,143.47,143.76,4206226,145.26,147.17,15.91,0.279,0.5563,DOWN
2020-03-25,143.68,143.89,142.86,143.09,4609118,144.28,146.44,14.93,-0.4661,0.5234,DOWN
2020-03-26,142.39,143.56,141.55,142.49,3959756,143.42,145.7,14.1,-0.4193,0.5204,DOWN
2020-03-27,142.47,143.01,141.34,141.48,4341508,142.84,144.95,12.8,-0.7088,0.5233,DOWN
2020-03-30,141.33,142.47,140.13,140.68,5969348,142.3,144.21,11.87,-0.5655,0.5235,UP
2020-03-31,141.2,142.87,140.81,142.04,6415126,141.96,143.61,22.23,0.9667,0.6959,UP
2020-04-01,142.93,144.9,142.26,144.38,6657022,142.21,143.24,36.14,1.6474,0.9526,UP
2020-04-02,144.16,147.03,143.27,146.45,5530451,143.01,143.21,45.43,1.4337,1.0604,UP
2020-04-03,146.5,147.62,145.83,147.17,5480188,144.14,143.49,48.26,0.4916,0.9056,UP
2020-04-06,146.9,148.99,146.37,148.64,6063476,145.74,144.02,53.54,0.9988,0.8755,UP
2020-04-07,149.47,150.42,149.07,150.23,6736185,147.37,144.67,58.48,1.0697,0.9021,UP
2020-04-08,151.09,153.26,150.68,152.12,6098129,148.92,145.57,63.45,1.2581,0.873,UP
2020-04-09,152.75,154.25,152.02,153.7,5421949,150.37,146.69,67.01,1.0387,0.7992,UP
2020-04-13,153.73,155.35,153.47,155.06,5339576,151.95,148.05,69.74,0.8848,0.6095,UP
2020-04-14,155.81,157.96,155.1,156.9,5946791,153.6,149.67,72.99,1.1866,0.3149,UP
2020-04-15,156.73,159.02,155.82,158.9,5665548,155.34,151.36,76.01,1.2747,0.3158,UP
2020-04-16,159.73,160.49,158.49,160.26,5556485,156.96,152.94,77.83,0.8559,0.2666,UP
2020-04-17,159.89,162.19,159.67,161.69,5714056,158.56,154.47,79.58,0.8923,0.2326,UP
2020-04-20,161.33,164.32,161.19,162.97,5580403,160.14,156.05,81.03,0.7916,0.1719,UP
2020-04-21,163.09,164.86,162.22,164.3,5230193,161.62,157.61,82.42,0.8161,0.1843,UP
2020-04-22,164.53,165.78,163.67,165.08,3704440,162.86,159.1,83.2,0.4747,0.2471,UP
2020-04-23,165.38,165.75,163.98,165.48,3860987,163.9,160.43,83.6,0.2423,0.3067,UP
2020-04-24,166.36,166.95,165.58,165.73,4840119,164.71,161.64,83.86,0.1511,0.3672,UP
2020-04-27,165.89,166.94,165.15,166.68,4426268,165.45,162.8,84.84,0.5732,0.3684,UP
2020-04-28,167.42,168.17,165.6,167.67,4600160,166.13,163.88,85.81,0.594,0.3319,UP
2020-04-29,167.67,168.15,165.83,167.76,4102096,166.66,164.76,85.89,0.0537,0.3069,DOWN
2020-04-30,167.98,169.55,166.53,167.11,4780121,166.99,165.45,81.93,-0.3875,0.4034,UP
2020-05-01,167.58,167.71,166.33,167.42,5272978,167.33,166.02,82.35,0.1855,0.3722,UP
2020-05-04,167.74,168.02,166.67,167.48,4215250,167.49,166.47,82.44,0.0358,0.3485,DOWN
2020-05-05,167.96,168.26,166.62,166.8,4107755,167.31,166.72,77.88,-0.406,0.3515,DOWN
2020-05-06,166.53,166.7,165.72,165.88,4214788,166.94,166.8,72.07,-0.5516,0.3939,DOWN
2020-05-07,165.16,166.61,164.26,165.33,3415916,166.58,166.79,68.77,-0.3316,0.4043,DOWN
2020-05-08,164.86,166.4,163.97,164.87,3490697,166.07,166.7,66.04,-0.2782,0.4083,DOWN
2020-05-11,164.97,165.91,163.65,164.51,3816073,165.48,166.48,63.91,-0.2184,0.3457,DOWN
2020-05-12,164.87,165.18,164.23,164.46,4284389,165.01,166.16,63.6,-0.0304,0.2408,UP
2020-05-13,164.37,164.95,163.85,164.47,4871082,164.73,165.83,63.64,0.0061,0.2358,UP
2020-05-14,165.17,165.21,163.29,164.88,4266940,164.64,165.61,65.23,0.2493,0.2632,DOWN
2020-05-15,164.91,165.04,164.07,164.26,4328948,164.52,165.29,60.89,-0.376,0.2469,DOWN
2020-05-18,164.71,166.42,162.79,162.92,5089915,164.2,164.84,52.74,-0.8158,0.3012,UP
2020-05-19,163.73,164.04,163.3,163.39,3239684,163.98,164.5,55.01,0.2885,0.3446,DOWN
2020-05-20,163.4,163.65,161.2,161.98,3615238,163.49,164.11,47.61,-0.863,0.3904,DOWN
2020-05-21,161.87,163.08,160.82,161.34,4000235,162.78,163.71,44.67,-0.3951,0.3926,UP
2020-05-22,161.48,162.66,160.44,161.84,4488359,162.29,163.41,47.4,0.3099,0.4291,UP
2020-05-26,162.31,163.11,161.64,162.38,3886845,162.19,163.19,50.26,0.3337,0.4588,DOWN
2020-05-27,162.75,163.59,161.1,162.14,3787072,161.94,162.96,48.98,-0.1478,0.4575,DOWN
2020-05-28,161.81,162.12,160.66,161.72,4043647,161.88,162.68,46.75,-0.259,0.4557,UP
2020-05-29,161.79,162.08,161.41,161.76,4396549,161.97,162.37,47.0,0.0247,0.438,DOWN
2020-06-01,161.58,161.94,160.36,160.7,4826862,161.74,162.02,41.49,-0.6553,0.4596,UP
2020-06-02,160.94,163.15,159.79,162.17,3842582,161.7,161.94,50.21,0.9147,0.5299,DOWN
2020-06-03,161.45,161.63,160.26,161.32,4766628,161.53,161.73,45.94,-0.5241,0.5354,UP
2020-06-04,161.34,163.39,160.69,162.91,4328298,161.77,161.83,53.84,0.9856,0.5706,UP
2020-06-05,162.43,163.15,161.19,162.93,4207779,162.01,161.99,53.93,0.0123,0.5488,DOWN
2020-06-08,162.82,162.94,161.65,162.23,4280760,162.31,162.03,50.19,-0.4296,0.5668,DOWN
2020-06-09,161.84,162.2,161.3,161.79,3705577,162.24,161.97,47.95,-0.2712,0.5625,DOWN
2020-06-10,161.8,162.57,160.75,160.92,5072081,162.16,161.84,43.77,-0.5377,0.5843,UP
2020-06-11,161.38,162.6,161.23,162.15,4897522,162.0,161.89,50.35,0.7644,0.6356,UP
2020-06-12,162.52,163.22,161.82,162.47,6366184,161.91,161.96,51.93,0.1973,0.6379,UP
2020-06-15,163.22,165.07,162.96,164.75,6212720,162.42,162.36,61.35,1.4033,0.7142,UP
2020-06-16,164.73,167.95,164.34,167.4,5968408,163.54,162.89,68.96,1.6085,0.8126,UP
2020-06-17,168.21,168.89,167.38,168.73,5699101,165.1,163.63,71.95,0.7945,0.7659,UP
2020-06-18,169.22,170.48,169.08,170.09,6595784,166.69,164.35,74.63,0.806,0.7541,UP
2020-06-19,170.7,173.57,169.64,172.76,7359406,168.75,165.33,78.9,1.5698,0.8155,UP
2020-06-22,172.3,177.63,171.81,176.78,6371278,171.15,166.78,83.43,2.3269,0.8944,UP
2020-06-23,178.03,181.08,177.63,180.13,6254114,173.7,168.62,86.1,1.895,0.8495,UP
2020-06-24,180.25,183.43,178.76,182.9,5521348,176.53,170.82,87.85,1.5378,0.6364,UP
2020-06-25,182.79,184.3,181.82,184.02,6169635,179.32,173.0,88.48,0.6124,0.652,UP
2020-06-26,184.2,186.83,183.24,186.47,5144421,182.06,175.4,89.74,1.3314,0.5311,UP
2020-06-29,185.82,188.58,185.14,187.61,4323231,184.23,177.69,90.27,0.6114,0.585,UP
2020-06-30,186.84,188.63,186.28,187.72,2967033,185.74,179.72,90.32,0.0586,0.6924,DOWN
2020-07-01,186.93,188.7,186.08,186.5,3497436,186.46,181.5,84.9,-0.6499,0.8964,DOWN
2020-07-02,186.95,187.42,185.29,185.63,3971381,186.79,183.05,81.15,-0.4665,1.0115,DOWN
2020-07-06,184.66,185.94,184.36,184.98,2820250,186.49,184.27,78.37,-0.3502,1.0481,DOWN
2020-07-07,184.74,185.23,182.33,182.82,3354194,185.53,184.88,69.81,-1.1677,1.0243,DOWN
2020-07-08,182.96,183.05,179.75,180.79,3222796,184.14,184.94,62.87,-1.1104,0.9564,DOWN
2020-07-09,181.36,181.56,179.1,179.34,3065224,182.71,184.59,58.39,-0.802,0.8269,DOWN
2020-07-10,178.94,179.17,177.61,177.98,3178584,181.18,183.98,54.48,-0.7583,0.7913,DOWN
2020-07-13,176.93,178.61,175.62,176.24,3269707,179.43,182.96,49.88,-0.9776,0.5538,DOWN
2020-07-14,177.06,178.0,172.76,174.06,3699947,177.68,181.61,44.77,-1.2369,0.4082,DOWN
2020-07-15,174.76,175.27,171.31,172.04,3208064,175.93,180.04,40.62,-1.1605,0.3119,DOWN
2020-07-16,171.88,172.23,169.93,170.61,3676182,174.19,178.45,37.94,-0.8312,0.303,DOWN
2020-07-17,171.35,172.86,169.75,169.86,2460265,172.56,176.87,36.58,-0.4396,0.3072,DOWN
2020-07-20,169.06,170.41,166.81,167.69,1747032,170.85,175.14,32.89,-1.2775,0.2655,DOWN
2020-07-21,167.01,167.15,163.75,163.95,1862938,168.83,173.26,27.71,-2.2303,0.4781,DOWN
2020-07-22,163.28,164.17,159.4,160.61,2467503,166.54,171.24,24.07,-2.0372,0.5659,DOWN
2020-07-23,159.75,160.1,158.02,158.26,3842686,164.07,169.13,21.89,-1.4632,0.556,DOWN
2020-07-24,158.01,158.71,155.51,157.2,3422390,161.54,167.05,20.96,-0.6698,0.5652,DOWN
2020-07-27,156.79,157.13,155.88,156.15,5022494,159.23,165.04,20.06,-0.6679,0.5887,UP
2020-07-28,156.09,157.1,154.66,156.82,5297750,157.81,163.32,22.36,0.4291,0.7817,UP
2020-07-29,156.98,158.83,156.51,158.1,4809186,157.31,161.93,26.69,0.8162,0.9729,UP
2020-07-30,158.45,159.37,157.56,158.12,5557273,157.28,160.68,26.76,0.0127,1.0094,UP
2020-07-31,157.75,159.46,157.62,159.36,5156782,157.71,159.63,31.08,0.7842,1.1197,UP
2020-08-03,160.05,161.09,159.54,160.29,4538946,158.54,158.89,34.21,0.5836,1.1543,DOWN
2020-08-04,159.47,160.36,158.95,159.44,5420544,159.06,158.44,32.75,-0.5303,0.973,UP
2020-08-05,159.23,161.26,158.76,160.59,4607586,159.56,158.43,36.7,0.7213,0.7918,DOWN
2020-08-06,160.12,160.6,159.24,159.61,4212228,159.86,158.57,34.82,-0.6102,0.6497,DOWN
2020-08-07,159.23,159.68,158.57,159.32,3730369,159.85,158.78,34.26,-0.1817,0.6032,DOWN
2020-08-10,158.74,159.57,158.44,158.8,4363891,159.55,159.05,33.23,-0.3264,0.5608,DOWN
2020-08-11,160.27,160.73,157.72,158.16,4491752,159.3,159.18,31.96,-0.403,0.5795,UP
2020-08-12,157.73,159.66,157.34,158.94,4390735,158.97,159.26,35.21,0.4932,0.5421,DOWN
2020-08-13,159.35,159.62,157.77,158.68,3910559,158.78,159.32,34.62,-0.1636,0.5465,DOWN
2020-08-14,159.05,159.64,156.69,157.71,4477489,158.46,159.15,32.42,-0.6113,0.5115,DOWN
2020-08-17,157.94,158.5,157.54,157.61,4540234,158.22,158.89,32.19,-0.0634,0.4525,DOWN
2020-08-18,157.86,158.39,156.62,157.42,4888270,158.07,158.68,31.74,-0.1206,0.4342,UP
2020-08-19,156.36,157.64,155.81,157.49,4666049,157.78,158.37,32.12,0.0445,0.3268,UP
2020-08-20,157.03,158.62,156.01,157.81,5604988,157.61,158.19,33.93,0.2032,0.3127,UP
2020-08-21,157.96,158.8,157.63,158.06,4689317,157.68,158.07,35.38,0.1584,0.3227,UP
2020-08-24,158.47,159.1,157.87,158.36,4862251,157.83,158.02,37.17,0.1898,0.32,UP
2020-08-25,157.95,159.28,157.61,158.92,4795527,158.13,158.1,40.47,0.3536,0.3106,UP
2020-08-26,158.35,160.8,157.79,159.6,3832308,158.55,158.17,44.31,0.4279,0.3007,DOWN
2020-08-27,159.69,160.11,158.58,159.15,3820107,158.82,158.21,42.36,-0.282,0.3119,DOWN
2020-08-28,158.91,159.33,158.14,158.46,3231919,158.9,158.29,39.5,-0.4336,0.274,DOWN
2020-08-31,158.64,159.19,157.34,157.71,2570830,158.77,158.3,36.61,-0.4733,0.3194,DOWN
2020-09-01,157.78,158.05,155.24,155.86,3348637,158.16,158.14,30.64,-1.173,0.4925,DOWN
2020-09-02,155.92,156.78,153.72,154.0,4758067,157.04,157.79,26.05,-1.1934,0.5971,DOWN
2020-09-03,153.92,154.09,152.92,153.32,4323748,155.87,157.34,24.6,-0.4416,0.5806,DOWN
2020-09-04,153.21,153.91,151.97,153.02,3793099,154.78,156.84,23.96,-0.1957,0.5609,DOWN
2020-09-08,152.2,153.08,151.85,152.69,2110798,153.78,156.27,23.25,-0.2157,0.5338,DOWN
2020-09-09,151.45,151.78,149.12,149.61,3581301,152.53,155.34,17.91,-2.0172,0.6853,DOWN
2020-09-10,149.51,150.39,147.01,147.78,3256156,151.28,154.16,15.62,-1.2232,0.6043,DOWN
2020-09-11,148.03,148.84,145.52,146.7,5334850,149.96,152.92,14.44,-0.7308,0.5807,UP
2020-09-14,146.67,147.28,144.9,147.1,5565524,148.78,151.78,16.94,0.2727,0.6679,UP
2020-09-15,148.04,149.91,147.63,149.38,6143145,148.11,150.95,29.55,1.55,0.9874,UP
2020-09-16,149.93,152.05,149.31,151.6,5251504,148.51,150.52,39.22,1.4861,1.1429,UP
2020-09-17,152.15,152.48,151.8,152.39,5067814,149.43,150.36,42.26,0.5211,1.1174,UP
2020-09-18,151.39,153.29,150.26,153.12,6453863,150.72,150.34,45.0,0.479,1.124,UP
2020-09-21,153.07,155.6,152.26,155.32,5292196,152.36,150.57,52.33,1.4368,1.2089,UP
2020-09-22,155.63,156.38,154.7,156.25,4617402,153.74,150.93,55.06,0.5988,1.2086,UP
2020-09-23,156.59,157.73,156.19,156.83,4544293,154.78,151.65,56.72,0.3712,0.9135,DOWN
2020-09-24,156.48,156.87,155.7,156.39,3333536,155.58,152.51,55.05,-0.2806,0.7532,DOWN
2020-09-25,156.12,156.96,154.55,154.85,4020981,155.93,153.32,49.57,-0.9847,0.8045,DOWN
2020-09-28,153.96,155.82,153.71,154.51,4302633,155.77,154.06,48.42,-0.2196,0.8374,UP
2020-09-29,154.83,155.82,154.44,155.4,4718855,155.6,154.67,51.58,0.576,0.7536,UP
2020-09-30,155.73,156.26,155.66,155.91,4848138,155.41,155.1,53.34,0.3282,0.6497,UP
2020-10-01,156.26,157.29,156.24,157.25,5054093,155.58,155.58,57.7,0.8595,0.6719,UP
2020-10-02,157.3,158.76,156.96,158.26,5324731,156.27,156.1,60.68,0.6423,0.6783,UP
2020-10-05,158.63,160.19,158.35,159.35,5513180,157.23,156.5,63.66,0.6887,0.5766,UP
2020-10-06,158.54,159.5,158.08,159.36,6070693,158.03,156.81,63.68,0.0063,0.5681,UP
2020-10-07,159.69,160.82,159.64,160.7,5260368,158.98,157.2,67.22,0.8409,0.6023,UP
2020-10-08,159.54,162.21,158.91,160.84,4425834,159.7,157.64,67.58,0.0871,0.5773,DOWN
2020-10-09,160.34,160.62,159.76,160.5,4998004,160.15,158.21,65.71,-0.2114,0.4188,DOWN
2020-10-12,160.65,161.4,159.93,160.4,3932531,160.36,158.8,65.14,-0.0623,0.397,DOWN
2020-10-13,160.98,161.95,158.03,159.14,5334249,160.32,159.17,58.3,-0.7855,0.5313,UP
2020-10-14,159.18,159.51,158.64,159.38,4790688,160.05,159.52,59.18,0.1508,0.531,UP
2020-10-15,159.21,161.04,158.11,159.52,4690973,159.79,159.74,59.71,0.0878,0.4818,DOWN
2020-10-16,159.15,159.62,158.91,159.05,4848847,159.5,159.82,57.02,-0.2946,0.465,UP
2020-10-19,158.91,160.16,158.31,159.07,3172046,159.23,159.8,57.11,0.0126,0.4076,DOWN
2020-10-20,159.23,160.58,156.28,156.42,3396924,158.69,159.5,44.11,-1.6659,0.6612,DOWN
2020-10-21,155.66,156.06,152.14,153.73,4481558,157.56,158.8,35.32,-1.7197,0.7138,DOWN
2020-10-22,153.56,153.81,152.97,153.14,5359385,156.28,158.04,33.73,-0.3838,0.6903,UP
2020-10-23,153.71,155.18,153.53,154.06,4954535,155.28,157.39,38.38,0.6008,0.7696,UP
2020-10-26,153.17,155.08,152.8,154.67,4965147,154.4,156.82,41.32,0.3959,0.8052,UP
2020-10-27,154.92,155.65,154.41,155.31,4029585,154.18,156.44,44.33,0.4138,0.8239,DOWN
2020-10-28,154.81,155.44,154.23,154.89,4009955,154.41,155.99,42.78,-0.2704,0.8124,DOWN
2020-10-29,154.25,154.66,153.64,154.36,3704091,154.66,155.47,40.84,-0.3422,0.8019,DOWN
2020-10-30,154.63,154.74,153.4,153.79,3538324,154.6,154.94,38.81,-0.3693,0.8019,DOWN
2020-11-02,153.08,154.05,151.59,152.3,4642488,154.13,154.27,34.03,-0.9689,0.8149,UP
2020-11-03,151.98,154.1,151.16,153.31,4007052,153.73,153.96,39.47,0.6632,0.7533,DOWN
2020-11-04,153.56,153.72,151.53,152.67,3764225,153.29,153.85,37.37,-0.4175,0.5446,UP
2020-11-05,152.4,153.16,151.09,152.9,3436385,152.99,153.83,38.63,0.1507,0.5364,DOWN
2020-11-06,152.76,152.93,152.12,152.69,3547290,152.77,153.69,37.88,-0.1373,0.4912,DOWN
2020-11-09,153.7,155.56,151.23,152.25,4833951,152.76,153.45,36.29,-0.2882,0.4631,UP
2020-11-10,152.54,154.79,151.74,154.37,4765416,152.98,153.35,47.7,1.3924,0.659,UP
2020-11-11,154.75,155.67,154.53,154.91,4645165,153.42,153.35,50.15,0.3498,0.666,UP
2020-11-12,154.46,157.34,154.25,156.03,4227096,154.05,153.52,54.87,0.723,0.6894,DOWN
2020-11-13,156.37,157.08,155.54,155.95,4105475,154.7,153.74,54.48,-0.0513,0.6719,DOWN
2020-11-16,155.32,155.79,155.22,155.34,3888296,155.32,154.04,51.42,-0.3912,0.5851,DOWN
2020-11-17,155.85,156.05,154.68,155.11,4859198,155.47,154.22,50.28,-0.1481,0.5697,UP
2020-11-18,155.74,156.2,154.77,156.18,4833186,155.72,154.57,55.27,0.6898,0.5615,UP
2020-11-19,156.09,157.82,156.0,156.68,4479445,155.85,154.95,57.42,0.3201,0.5614,UP
2020-11-20,156.98,158.14,155.74,157.59,5142500,156.18,155.44,61.08,0.5808,0.5528,UP
2020-11-23,158.39,159.54,157.78,159.32,4810286,156.98,156.15,66.92,1.0978,0.5578,UP
2020-11-24,159.37,161.8,158.73,160.32,4290599,158.02,156.74,69.74,0.6277,0.4588,UP
2020-11-25,160.93,161.66,160.57,160.83,3812609,158.95,157.34,71.09,0.3181,0.4592,DOWN
2020-11-27,161.24,162.2,159.31,159.92,4646286,159.6,157.72,65.46,-0.5658,0.527,UP
2020-11-30,160.86,161.06,159.5,160.0,4244271,160.08,158.13,65.72,0.05,0.5216,DOWN
2020-12-01,160.23,160.89,158.98,159.36,4181248,160.09,158.53,61.76,-0.4,0.5228,UP
2020-12-02,159.67,160.12,159.42,159.69,4520418,159.96,158.99,63.0,0.2071,0.5039,UP
2020-12-03,159.55,160.52,158.47,159.73,3985222,159.74,159.34,63.15,0.025,0.4894,DOWN
2020-12-04,160.33,160.54,158.74,158.97,3323755,159.55,159.57,58.15,-0.4758,0.535,DOWN
2020-12-07,159.66,160.4,156.59,157.72,3604330,159.09,159.59,50.98,-0.7863,0.5841,DOWN
2020-12-08,157.23,157.6,156.01,156.64,3264586,158.55,159.32,45.74,-0.6848,0.4774,DOWN
2020-12-09,156.57,157.25,154.28,155.02,3093037,157.62,158.79,39.23,-1.0342,0.4583,DOWN
2020-12-10,154.88,156.21,152.94,153.44,4521028,156.36,158.05,34.12,-1.0192,0.4415,DOWN
2020-12-11,152.43,153.13,152.2,152.95,3882181,155.15,157.35,32.7,-0.3193,0.4423,DOWN
2020-12-14,152.7,152.82,152.03,152.57,2928405,154.12,156.61,31.6,-0.2484,0.4145,DOWN
2020-12-15,152.87,153.54,150.53,150.86,4341702,152.97,155.76,27.18,-1.1208,0.4604,DOWN
2020-12-16,151.08,151.58,150.69,150.81,3577307,152.13,154.87,27.06,-0.0331,0.4214,DOWN
2020-12-17,150.74,151.06,149.27,150.23,4660739,151.48,153.92,25.65,-0.3846,0.3744,UP
2020-12-18,150.19,151.48,149.17,151.27,4687837,151.15,153.15,32.44,0.6923,0.5583,UP
2020-12-21,150.63,151.72,148.88,151.43,3401793,150.92,152.52,33.44,0.1058,0.5773,DOWN
2020-12-22,151.14,151.35,150.48,150.89,2163116,150.93,151.95,31.72,-0.3566,0.5689,DOWN
2020-12-23,149.69,150.54,146.81,148.31,3821963,150.43,151.28,25.09,-1.7099,0.6846,DOWN
2020-12-24,147.93,148.2,146.3,147.22,4160458,149.82,150.65,22.91,-0.7349,0.6635,DOWN
2020-12-28,146.44,146.73,145.2,146.67,3219335,148.9,150.03,21.88,-0.3736,0.6628,DOWN
2020-12-29,146.09,146.82,144.75,145.39,3334250,147.7,149.31,19.66,-0.8727,0.6746,DOWN
2020-12-30,145.08,145.34,144.14,144.46,2460266,146.41,148.67,18.21,-0.6397,0.64,DOWN
2020-12-31,144.13,144.6,142.43,142.71,3552095,145.29,147.86,15.85,-1.2114,0.6665,DOWN
2021-01-04,142.65,142.86,141.11,141.66,3620242,144.18,147.0,14.63,-0.7358,0.6662,DOWN
2021-01-05,140.96,141.22,139.43,140.23,4234403,142.89,145.9,13.14,-1.0095,0.5009,DOWN
2021-01-06,139.56,140.59,139.18,140.13,2855123,141.84,144.77,13.04,-0.0713,0.4692,DOWN
2021-01-07,139.7,140.43,138.02,139.06,4330210,140.76,143.58,11.98,-0.7636,0.4463,UP
2021-01-08,139.28,139.89,138.23,139.39,3630925,140.09,142.69,14.28,0.2373,0.4358,DOWN
2021-01-11,140.17,140.93,138.77,139.1,4537185,139.58,141.88,13.94,-0.208,0.4516,UP
2021-01-12,138.72,141.23,138.33,140.24,4625090,139.58,141.24,21.9,0.8196,0.6301,UP
2021-01-13,140.49,141.32,139.97,141.2,4072942,139.8,140.82,27.95,0.6845,0.7012,UP
2021-01-14,141.49,141.7,141.44,141.63,4420101,140.31,140.54,30.55,0.3045,0.7124,UP
2021-01-15,141.62,142.87,141.5,142.47,4366144,140.93,140.51,35.44,0.5931,0.6524,UP
2021-01-19,142.54,143.79,141.84,143.01,4077189,141.71,140.65,38.44,0.379,0.6094,UP
2021-01-20,142.76,143.88,141.99,143.45,4956557,142.35,140.97,40.85,0.3077,0.4702,UP
2021-01-21,144.1,145.56,143.87,145.43,4646132,143.2,141.5,50.29,1.3803,0.5789,UP
2021-01-22,146.0,147.45,145.29,146.21,3946683,144.11,142.21,53.45,0.5363,0.4191,UP
2021-01-25,146.01,147.1,145.6,146.4,3590225,144.9,142.91,54.21,0.13,0.428,UP
2021-01-26,146.45,147.27,145.28,146.8,4276971,145.66,143.68,55.85,0.2732,0.3625,UP
2021-01-27,146.4,147.67,145.86,147.58,3091963,146.48,144.42,58.93,0.5313,0.3491,DOWN
2021-01-28,147.17,147.55,146.75,147.15,3295191,146.83,145.01,56.59,-0.2914,0.4239,DOWN
2021-01-29,146.63,147.37,145.83,146.46,3896786,146.88,145.5,52.94,-0.4689,0.5083,UP
2021-02-01,146.91,147.1,146.48,146.73,4094352,146.94,145.92,54.18,0.1844,0.5018,UP
2021-02-02,146.71,147.19,146.2,147.11,3341048,147.01,146.33,55.95,0.259,0.5011,DOWN
2021-02-03,147.46,148.02,146.43,146.9,2752935,146.87,146.68,54.7,-0.1428,0.5187,DOWN
2021-02-04,146.38,146.68,146.01,146.42,3523041,146.72,146.78,51.84,-0.3268,0.3571,UP
2021-02-05,146.36,147.94,146.0,146.72,2843872,146.78,146.83,53.47,0.2049,0.3226,DOWN
2021-02-08,146.57,147.11,144.69,145.53,3702143,146.54,146.74,46.69,-0.8111,0.4157,DOWN
2021-02-09,145.79,146.61,144.94,145.35,3242581,146.18,146.6,45.75,-0.1237,0.3991,DOWN
2021-02-10,145.38,146.08,144.54,144.96,3690761,145.8,146.33,43.69,-0.2683,0.3336,DOWN
2021-02-11,144.0,145.01,143.44,144.63,3693698,145.44,146.08,41.96,-0.2276,0.3318,UP
2021-02-12,144.36,145.12,144.25,144.79,4086866,145.05,145.91,43.14,0.1106,0.3248,UP
2021-02-16,145.69,146.53,143.99,144.96,5819777,144.94,145.74,44.42,0.1174,0.3185,UP
2021-02-17,144.89,147.91,144.82,146.3,5348776,145.13,145.66,53.36,0.9244,0.4493,UP
2021-02-18,146.37,149.05,146.31,147.98,6124424,145.73,145.76,61.68,1.1483,0.5858,UP
2021-02-19,147.73,150.46,146.93,150.15,6207366,146.84,146.14,69.3,1.4664,0.7104,UP
2021-02-22,150.12,154.13,149.3,152.84,5861157,148.45,146.75,75.74,1.7915,0.8597,UP
2021-02-23,153.27,154.34,152.47,154.05,5861468,150.26,147.6,77.98,0.7917,0.7484,UP
2021-02-24,154.36,156.44,153.81,155.69,5268563,152.14,148.64,80.59,1.0646,0.7192,UP
2021-02-25,156.83,157.84,156.7,157.26,4728395,154.0,149.86,82.7,1.0084,0.6386,UP
2021-02-26,156.26,158.14,155.32,157.63,3985359,155.49,151.17,83.17,0.2353,0.5671,DOWN
2021-03-01,158.04,158.2,156.49,157.41,4349177,156.41,152.43,81.76,-0.1396,0.6081,UP
2021-03-02,158.16,158.73,157.44,157.99,5119068,157.2,153.73,82.6,0.3685,0.5795,UP
2021-03-03,158.79,159.49,157.75,158.91,4465604,157.84,154.99,83.86,0.5823,0.5857,UP
2021-03-04,158.57,159.87,157.53,159.69,4134320,158.33,156.16,84.87,0.4908,0.5831,UP
2021-03-05,159.67,160.59,159.43,159.93,2628724,158.79,157.14,85.17,0.1503,0.5553,DOWN
2021-03-08,159.85,160.23,157.37,158.02,3020162,158.91,157.66,72.6,-1.1943,0.6573,DOWN
2021-03-09,158.06,159.09,156.16,156.47,2624509,158.6,157.9,64.3,-0.9809,0.7528,DOWN
2021-03-10,156.43,156.55,153.64,154.3,2936937,157.68,157.76,54.85,-1.3868,0.821,DOWN
2021-03-11,153.99,154.32,150.91,152.22,3682683,156.19,157.26,47.62,-1.348,0.8099,DOWN
2021-03-12,151.91,152.2,151.51,151.76,4167740,154.55,156.67,46.18,-0.3022,0.7863,DOWN
2021-03-15,152.23,153.14,150.93,151.71,2517066,153.29,156.1,46.01,-0.0329,0.7906,DOWN
2021-03-16,151.01,151.64,148.97,149.86,3701863,151.97,155.29,40.31,-1.2194,0.7863,DOWN
2021-03-17,149.58,151.24,147.48,149.2,4777634,150.95,154.32,38.48,-0.4404,0.6865,UP
2021-03-18,149.36,149.55,149.0,149.46,3725619,150.4,153.29,39.64,0.1743,0.6347,DOWN
2021-03-19,148.99,150.68,148.51,149.3,4817664,149.91,152.23,39.15,-0.1071,0.6026,DOWN
2021-03-22,149.69,149.9,148.83,149.06,4414781,149.38,151.33,38.39,-0.1608,0.5939,DOWN
2021-03-23,149.05,149.41,147.75,148.73,4280631,149.15,150.56,37.3,-0.2214,0.5855,DOWN
2021-03-24,149.53,149.71,147.64,148.53,4634592,149.02,149.98,36.63,-0.1345,0.5041,UP
2021-03-25,149.33,149.41,149.1,149.3,3951168,148.98,149.69,41.05,0.5184,0.4479,DOWN
2021-03-26,149.64,150.36,147.37,148.46,4206511,148.82,149.36,37.94,-0.5626,0.4624,DOWN
2021-03-29,148.04,148.76,147.73,147.85,4622368,148.57,148.98,35.82,-0.4109,0.4609,UP
2021-03-30,146.95,148.46,146.29,147.86,4777819,148.4,148.78,35.88,0.0068,0.3169,UP
2021-03-31,147.81,148.77,147.3,147.98,5222689,148.29,148.65,36.69,0.0812,0.3035,UP
2021-04-01,147.87,148.68,147.21,148.39,4663157,148.11,148.55,39.49,0.2771,0.3146,UP
2021-04-05,148.37,151.0,147.94,149.62,3408777,148.34,148.58,47.06,0.8289,0.4233,DOWN
2021-04-06,149.64,150.62,147.28,147.91,4415307,148.35,148.46,39.64,-1.1429,0.5618,UP
2021-04-07,147.85,148.58,147.51,148.32,4795193,148.44,148.42,42.0,0.2772,0.5695,UP
2021-04-08,148.31,149.17,147.97,148.68,4878469,148.58,148.44,44.07,0.2427,0.574,UP
2021-04-09,148.26,150.96,147.51,150.44,5394006,148.99,148.55,52.91,1.1838,0.6698,UP
2021-04-12,151.04,152.49,150.23,152.27,4409959,149.52,148.93,60.0,1.2164,0.7154,UP
2021-04-13,151.98,153.23,151.33,152.76,3808928,150.49,149.42,61.66,0.3218,0.676,DOWN
2021-04-14,153.36,154.44,151.56,152.3,4860172,151.29,149.87,59.17,-0.3011,0.6989,UP
2021-04-15,152.44,154.38,151.98,153.91,4242325,152.34,150.46,64.56,1.0571,0.7325,UP
2021-04-16,153.6,154.56,152.55,154.19,4212461,153.09,151.04,65.42,0.1819,0.7349,UP
2021-04-19,154.6,157.29,154.33,155.64,4484298,153.76,151.64,69.52,0.9404,0.7431,DOWN
2021-04-20,155.01,155.86,154.21,155.58,3076039,154.32,152.41,69.15,-0.0386,0.5442,DOWN
2021-04-21,154.52,155.37,152.23,153.64,3864257,154.59,152.94,58.45,-1.2469,0.7789,DOWN
2021-04-22,153.68,154.33,152.21,152.61,4150045,154.33,153.33,53.7,-0.6704,0.8444,DOWN
2021-04-23,152.45,152.65,150.98,151.93,4333385,153.88,153.48,50.77,-0.4456,0.8035,UP
2021-04-26,152.14,152.68,151.83,151.95,4401796,153.14,153.45,50.85,0.0132,0.7016,DOWN
2021-04-27,151.95,152.38,150.87,151.21,5574253,152.27,153.3,47.58,-0.487,0.7046,UP
2021-04-28,150.71,152.84,149.45,152.56,4869095,152.05,153.32,53.47,0.8928,0.7652,UP
2021-04-29,152.79,153.26,152.1,152.83,4646562,152.1,153.21,54.57,0.177,0.6783,UP
2021-04-30,152.69,153.26,152.42,153.03,4674626,152.32,153.1,55.41,0.1309,0.6764,UP
2021-05-03,153.07,154.18,152.74,154.1,4970640,152.75,152.94,59.7,0.6992,0.6395,UP
2021-05-04,154.52,155.69,154.11,154.85,3465932,153.47,152.87,62.43,0.4867,0.6659,DOWN
2021-05-05,154.5,155.63,153.27,153.44,3266134,153.65,152.85,54.9,-0.9106,0.6041,DOWN
2021-05-06,153.12,153.79,151.2,151.5,4388434,153.38,152.74,46.57,-1.2643,0.698,UP
2021-05-07,151.51,151.8,150.99,151.55,4457716,153.09,152.7,46.8,0.033,0.6857,UP
2021-05-10,151.57,152.3,151.43,151.6,4972288,152.59,152.67,47.04,0.033,0.6859,DOWN
2021-05-11,151.54,151.72,150.41,151.49,3798681,151.92,152.7,46.54,-0.0726,0.6669,DOWN
2021-05-12,151.21,151.84,150.45,150.77,2240819,151.38,152.52,43.33,-0.4753,0.6055,DOWN
2021-05-13,150.73,151.77,148.21,148.69,3033103,150.82,152.1,35.66,-1.3796,0.7124,DOWN
2021-05-14,148.24,148.58,146.38,147.08,2182704,149.93,151.51,31.07,-1.0828,0.739,DOWN
2021-05-17,146.54,147.06,144.13,144.3,2712993,148.47,150.53,25.08,-1.8901,0.7668,DOWN
2021-05-18,143.34,143.86,141.7,142.43,2878391,146.65,149.29,22.0,-1.2959,0.6742,DOWN
2021-05-19,142.63,143.2,140.86,141.19,4347061,144.74,148.06,20.23,-0.8706,0.6738,UP
2021-05-20,140.3,142.7,139.36,141.52,4141739,143.3,147.06,22.03,0.2337,0.7298,UP
2021-05-21,141.94,143.02,141.87,142.54,6051217,142.4,146.16,27.48,0.7207,0.8297,UP
2021-05-24,142.31,144.31,141.51,143.82,6685078,142.3,145.38,33.73,0.898,0.9415,UP
2021-05-25,144.11,146.59,143.69,146.06,6307079,143.03,144.84,43.0,1.5575,1.1466,UP
2021-05-26,146.56,148.64,145.86,147.95,4892430,144.38,144.56,49.42,1.294,1.2577,DOWN
2021-05-27,148.0,148.08,147.35,147.74,3753722,145.62,144.46,48.76,-0.1419,1.1855,UP
2021-05-28,147.4,148.61,147.27,147.81,4182482,146.68,144.54,49.01,0.0474,1.1295,UP
2021-06-01,147.14,148.97,146.93,148.35,4011101,147.58,144.94,50.94,0.3653,0.8997,DOWN
2021-06-02,147.37,149.04,147.28,147.7,4740332,147.91,145.47,48.55,-0.4382,0.7632,UP
2021-06-03,147.97,149.36,146.79,147.93,4327991,147.91,146.14,49.46,0.1557,0.6369,UP
2021-06-04,148.3,148.69,147.92,148.07,3719554,147.97,146.8,50.03,0.0946,0.6441,DOWN
2021-06-07,148.04,148.43,146.59,147.13,3569252,147.84,147.26,46.23,-0.6348,0.7202,DOWN
2021-06-08,146.91,147.41,144.33,145.58,3719407,147.28,147.43,40.72,-1.0535,0.8055,DOWN
2021-06-09,145.72,146.54,143.88,144.66,1830870,146.67,147.29,37.84,-0.632,0.6565,DOWN
2021-06-10,144.77,145.43,142.25,142.51,2114351,145.59,146.75,32.13,-1.4862,0.5884,DOWN
2021-06-11,142.45,143.3,139.32,140.0,3362793,143.98,145.97,27.0,-1.7613,0.7249,DOWN
2021-06-14,139.03,139.44,138.09,138.63,3349121,142.28,145.06,24.68,-0.9786,0.7058,DOWN
2021-06-15,138.48,138.78,136.63,137.11,3724202,140.58,143.93,22.39,-1.0964,0.6215,DOWN
2021-06-16,137.37,137.67,135.59,136.18,3625002,138.89,142.78,21.1,-0.6783,0.6112,DOWN
2021-06-17,136.0,136.29,134.83,135.56,3735392,137.5,141.54,20.26,-0.4553,0.5294,DOWN
2021-06-18,135.12,135.32,134.11,135.05,4914265,136.51,140.24,19.57,-0.3762,0.4491,UP
2021-06-21,135.54,136.58,135.31,136.21,4920725,136.02,139.15,25.76,0.8589,0.7196,UP
2021-06-22,136.36,138.18,135.66,137.35,5501657,136.07,138.33,31.35,0.8369,0.8686,UP
2021-06-23,137.36,139.42,137.18,138.85,5399002,136.6,137.74,37.97,1.0921,1.0151,UP
2021-06-24,139.05,140.57,138.55,139.87,4624979,137.47,137.48,42.06,0.7346,0.9949,DOWN
2021-06-25,139.37,139.87,139.1,139.78,5195418,138.41,137.46,41.8,-0.0643,0.8261,UP
2021-06-28,139.5,140.05,139.08,139.9,4735573,139.15,137.59,42.32,0.0858,0.7531,DOWN
2021-06-29,139.72,140.83,139.17,139.89,3943362,139.66,137.86,42.29,-0.0071,0.6307,DOWN
2021-06-30,139.49,140.83,138.62,139.7,4011617,139.83,138.22,41.61,-0.1358,0.5666,DOWN
2021-07-01,139.56,139.77,139.26,139.27,4915026,139.71,138.59,40.05,-0.3078,0.5476,UP
2021-07-02,138.79,140.52,137.87,139.87,5221463,139.73,139.07,43.25,0.4308,0.4988,UP
2021-07-06,140.55,141.35,140.39,140.66,4741617,139.88,139.51,47.24,0.5648,0.4736,UP
2021-07-07,141.09,142.02,140.22,141.02,4145536,140.1,139.88,49.01,0.2559,0.4378,DOWN
2021-07-08,140.82,141.72,140.32,140.73,4790814,140.31,140.07,47.63,-0.2056,0.3487,UP
2021-07-09,140.94,141.71,139.93,141.55,5338449,140.77,140.24,51.76,0.5827,0.3219,UP
2021-07-12,142.57,143.82,142.03,143.15,5686195,141.42,140.57,58.63,1.1303,0.4443,UP
2021-07-13,143.56,145.43,143.35,145.25,4968665,142.34,141.11,65.56,1.467,0.584,UP
2021-07-14,145.51,146.59,144.65,146.33,5408797,143.4,141.75,68.48,0.7435,0.5773,UP
2021-07-15,145.99,148.37,145.37,147.67,5230029,144.79,142.55,71.69,0.9157,0.5535,UP
2021-07-16,148.2,149.5,146.95,149.01,5688573,146.28,143.52,74.49,0.9074,0.4693,UP
2021-07-19,148.88,150.29,148.6,150.19,6271549,147.69,144.56,76.67,0.7919,0.4619,UP
2021-07-20,150.8,153.12,150.23,152.46,6615363,149.13,145.74,80.19,1.5114,0.5209,UP
2021-07-21,152.21,155.1,151.39,154.5,6881676,150.77,147.08,82.71,1.3381,0.5051,UP
2021-07-22,154.45,157.99,154.17,156.52,6039390,152.54,148.66,84.78,1.3074,0.3259,UP
2021-07-23,156.53,158.86,155.77,158.46,6393037,154.43,150.35,86.46,1.2395,0.2798,UP
2021-07-26,158.52,161.4,157.68,160.74,5087084,156.54,152.11,88.11,1.4388,0.2958,DOWN
2021-07-27,160.35,161.15,159.98,160.7,5237691,158.18,153.66,87.91,-0.0249,0.4586,UP
2021-07-28,159.69,161.12,159.28,160.98,5020222,159.48,155.12,88.12,0.1742,0.5266,UP
2021-07-29,160.74,162.27,160.13,162.06,3541683,160.59,156.56,88.9,0.6709,0.5345,DOWN
2021-07-30,162.53,162.87,160.67,160.98,2939048,161.09,157.76,82.98,-0.6664,0.737,DOWN
2021-08-02,161.58,161.8,158.74,159.08,3627194,160.76,158.65,73.69,-1.1803,0.9623,DOWN
2021-08-03,159.34,159.49,157.83,158.22,3469846,160.26,159.22,69.87,-0.5406,0.9606,DOWN
2021-08-04,158.22,158.3,156.22,156.84,3191853,159.44,159.46,64.13,-0.8722,0.9688,DOWN
2021-08-05,157.09,157.64,154.36,155.56,3777784,158.14,159.36,59.27,-0.8161,0.9196,DOWN
2021-08-06,155.51,156.16,154.07,154.37,3569087,156.81,158.95,55.09,-0.765,0.8183,DOWN
2021-08-09,154.44,155.34,152.35,152.95,4027085,155.59,158.17,50.51,-0.9199,0.58,DOWN
2021-08-10,153.24,154.44,151.08,152.58,4189954,154.46,157.36,49.36,-0.2419,0.5644,DOWN
2021-08-11,152.75,153.31,151.66,152.0,3771794,153.49,156.46,47.53,-0.3801,0.5141,DOWN
2021-08-12,152.02,152.42,150.84,151.58,2792189,152.7,155.42,46.2,-0.2763,0.3042,DOWN
2021-08-13,150.71,150.91,148.98,149.66,3405093,151.75,154.28,40.59,-1.2667,0.3587,DOWN
2021-08-16,150.58,150.81,148.58,149.04,2593620,150.97,153.28,38.94,-0.4143,0.3316,DOWN
2021-08-17,149.38,149.54,146.99,147.36,2732044,149.93,152.19,34.82,-1.1272,0.3609,DOWN
2021-08-18,147.7,147.94,145.77,146.01,2885704,148.73,151.11,31.9,-0.9161,0.3634,DOWN
2021-08-19,145.65,145.69,144.2,144.96,3506929,147.41,150.05,29.81,-0.7191,0.3616,DOWN
2021-08-20,144.72,145.03,143.42,144.55,3429226,146.38,149.07,29.01,-0.2828,0.3838,DOWN
2021-08-23,144.71,145.36,142.27,143.33,4865349,145.24,148.11,26.71,-0.844,0.3787,DOWN
2021-08-24,142.75,143.37,141.86,143.09,5422053,144.39,147.16,26.27,-0.1674,0.3881,UP
2021-08-25,143.88,146.94,143.15,145.58,5070528,144.3,146.52,37.75,1.7402,0.8499,UP
2021-08-26,146.0,146.57,145.31,145.76,3651088,144.46,145.93,38.5,0.1236,0.8671,DOWN
2021-08-27,145.4,145.69,144.66,145.25,3358716,144.6,145.49,37.14,-0.3499,0.8104,DOWN
2021-08-30,145.33,146.2,144.1,144.73,2690718,144.88,145.06,35.76,-0.358,0.8097,DOWN
2021-08-31,144.76,144.84,143.52,143.87,3741678,145.04,144.71,33.53,-0.5942,0.7647,DOWN
2021-09-01,143.48,143.97,142.77,143.73,3655971,144.67,144.48,33.17,-0.0973,0.7268,UP
2021-09-02,144.19,145.15,143.32,143.99,4306352,144.31,144.39,34.58,0.1809,0.7046,UP
2021-09-03,143.91,144.81,143.52,144.64,4723170,144.19,144.4,38.1,0.4514,0.7175,UP
2021-09-07,144.37,145.66,144.33,145.13,4986657,144.27,144.58,40.69,0.3388,0.6562,UP
2021-09-08,146.09,146.68,145.47,145.81,4125443,144.66,144.85,44.19,0.4685,0.6553,DOWN
2021-09-09,146.0,146.48,144.44,145.44,3073656,145.0,144.83,42.71,-0.2538,0.3746,DOWN
2021-09-10,145.48,146.46,144.23,144.31,4798417,145.07,144.69,38.49,-0.777,0.4415,UP
2021-09-13,144.6,145.09,144.33,144.59,3367789,145.06,144.62,40.07,0.194,0.4406,DOWN
2021-09-14,144.21,145.02,143.71,143.8,4432810,144.79,144.53,37.17,-0.5464,0.4591,UP
2021-09-15,144.52,144.99,144.16,144.33,4285406,144.49,144.58,40.29,0.3686,0.4359,UP
2021-09-16,144.23,144.77,143.61,144.43,4096541,144.29,144.65,40.89,0.0693,0.4335,UP
2021-09-17,144.84,145.55,144.47,144.67,4219330,144.36,144.72,42.38,0.1662,0.433,UP
2021-09-20,144.1,145.2,143.3,144.7,4541581,144.39,144.72,42.58,0.0207,0.4092,UP
2021-09-21,144.91,145.01,144.47,144.76,4358519,144.58,144.68,42.99,0.0415,0.3927,UP
2021-09-22,145.61,146.08,145.06,145.21,4247532,144.75,144.62,46.14,0.3109,0.3734,DOWN
2021-09-23,145.16,146.55,144.37,144.7,4740908,144.81,144.55,43.23,-0.3512,0.3808,UP
2021-09-24,144.56,146.08,144.44,144.72,4414816,144.82,144.59,43.38,0.0138,0.2826,DOWN
2021-09-27,144.99,145.69,143.73,144.53,3633421,144.78,144.58,42.23,-0.1313,0.2801,UP
2021-09-28,144.82,145.35,143.93,144.64,4092322,144.76,144.67,43.17,0.0761,0.2053,UP
2021-09-29,144.64,145.44,143.78,145.22,3175381,144.76,144.76,47.96,0.401,0.211,DOWN
2021-09-30,145.08,145.85,143.95,144.64,3695470,144.75,144.78,43.97,-0.3994,0.2563,DOWN
2021-10-01,144.81,144.99,143.08,143.89,2913057,144.58,144.7,39.4,-0.5185,0.2992,DOWN
2021-10-04,144.54,145.13,142.45,142.93,2839679,144.26,144.52,34.46,-0.6672,0.3542,DOWN
2021-10-05,142.6,143.21,141.37,141.67,3534112,143.67,144.21,29.27,-0.8816,0.4208,DOWN
2021-10-06,141.56,142.35,140.18,141.07,3342483,142.84,143.8,27.17,-0.4235,0.3811,DOWN
2021-10-07,140.71,141.54,138.78,140.13,4591236,141.94,143.34,24.24,-0.6663,0.3995,UP
2021-10-08,140.55,140.8,140.05,140.44,5328373,141.25,142.92,27.04,0.2212,0.4234,UP
2021-10-11,141.56,141.71,140.48,141.32,5426959,140.93,142.6,34.43,0.6266,0.5147,UP
2021-10-12,142.04,142.32,140.93,141.61,3949659,140.91,142.29,36.71,0.2052,0.5246,DOWN
2021-10-13,141.43,141.81,140.61,141.32,4283032,140.96,141.9,35.39,-0.2048,0.4791,UP
2021-10-14,141.58,143.11,141.23,142.13,4222731,141.36,141.65,41.71,0.5732,0.5444,UP
2021-10-15,142.73,143.21,141.76,142.31,4023525,141.74,141.49,43.04,0.1266,0.5372,DOWN
2021-10-18,142.26,142.83,140.85,141.56,3351541,141.79,141.36,39.03,-0.527,0.5226,DOWN
2021-10-19,142.35,142.97,139.89,140.2,4445407,141.5,141.21,33.03,-0.9607,0.5363,UP
2021-10-20,140.0,140.74,138.89,140.41,1575000,141.32,141.14,34.7,0.1498,0.5288,DOWN
2021-10-21,140.56,141.33,136.96,137.89,2999874,140.47,140.92,26.24,-1.7947,0.75,DOWN
2021-10-22,136.5,137.14,135.0,135.99,2624124,139.21,140.47,21.91,-1.3779,0.8267,DOWN
2021-10-25,136.02,136.61,132.5,133.71,3124216,137.64,139.71,18.05,-1.6766,0.8545,DOWN
2021-10-26,132.75,133.61,131.11,131.68,3247247,135.94,138.72,15.45,-1.5182,0.8593,DOWN
2021-10-27,131.57,131.85,130.13,130.59,3344818,133.97,137.65,14.26,-0.8278,0.8401,DOWN
2021-10-28,130.8,131.12,128.68,129.53,4140095,132.3,136.39,13.19,-0.8117,0.6929,DOWN
2021-10-29,129.48,129.7,127.61,129.01,3507683,130.9,135.06,12.69,-0.4015,0.6205,DOWN
2021-11-01,129.03,129.24,128.0,128.18,3581997,129.8,133.72,11.91,-0.6434,0.6122,DOWN
2021-11-02,128.3,128.51,127.46,127.98,4349921,129.06,132.5,11.73,-0.156,0.6664,UP
2021-11-03,126.65,128.61,126.37,128.11,4172426,128.56,131.27,12.68,0.1016,0.658,UP
2021-11-04,128.28,128.77,127.88,128.6,4251544,128.38,130.34,16.36,0.3825,0.6923,DOWN
2021-11-05,129.53,130.11,128.13,128.23,4011053,128.22,129.56,15.82,-0.2877,0.6574,UP
2021-11-08,127.64,128.96,126.99,128.52,4791737,128.29,129.04,18.11,0.2262,0.5764,UP
2021-11-09,128.62,129.63,128.31,129.37,4397558,128.57,128.81,24.58,0.6614,0.5124,UP
2021-11-10,129.78,130.57,129.38,130.28,4569306,129.0,128.78,30.88,0.7034,0.5245,UP
2021-11-11,129.8,130.94,129.14,130.74,4372791,129.43,128.9,33.88,0.3531,0.4544,UP
2021-11-12,131.2,132.26,131.02,131.41,4274238,130.06,129.14,38.11,0.5125,0.4352,UP
2021-11-15,131.86,132.19,131.37,131.52,3367188,130.66,129.48,38.8,0.0837,0.3292,DOWN
2021-11-16,131.96,132.23,130.73,131.21,3184030,131.03,129.8,37.53,-0.2357,0.3411,DOWN
2021-11-17,131.36,131.4,130.13,130.49,4114885,131.07,130.04,34.68,-0.5487,0.4244,UP
2021-11-18,130.61,131.3,130.07,130.59,4764655,131.04,130.24,35.41,0.0766,0.4196,UP
2021-11-19,130.75,131.69,130.63,130.96,5048513,130.95,130.51,38.17,0.2833,0.3906,UP
2021-11-22,131.01,132.0,130.69,131.9,5301415,131.03,130.85,44.65,0.7178,0.4223,UP
2021-11-23,132.34,133.01,132.0,132.69,4570795,131.33,131.18,49.44,0.5989,0.4161,UP
2021-11-24,132.69,133.22,132.61,132.81,4167322,131.79,131.43,50.14,0.0904,0.3867,DOWN
2021-11-26,132.06,132.56,132.03,132.45,4309044,132.16,131.6,47.98,-0.2711,0.4078,DOWN
2021-11-29,132.69,133.59,131.53,132.3,4811375,132.43,131.69,47.07,-0.1133,0.3904,UP
2021-11-30,132.84,134.62,132.57,133.29,5197344,132.71,131.87,53.37,0.7483,0.4459,UP
2021-12-01,132.89,134.85,132.27,133.98,6573858,132.97,132.15,57.19,0.5177,0.44,UP
2021-12-02,133.51,137.59,133.16,136.83,5552610,133.77,132.78,68.63,2.1272,0.6771,UP
2021-12-03,137.32,138.58,137.18,138.29,4906609,134.94,133.55,72.66,1.067,0.6844,UP
2021-12-06,138.92,140.18,138.52,139.55,3867135,136.39,134.41,75.57,0.9111,0.6833,DOWN
2021-12-07,139.73,140.1,138.96,139.19,2704335,137.57,135.14,73.17,-0.258,0.7383,DOWN
2021-12-08,138.91,139.64,137.55,138.02,2958514,138.38,135.67,65.85,-0.8406,0.8568,DOWN
2021-12-09,137.36,137.61,136.65,137.0,3520274,138.41,136.09,60.19,-0.739,0.9271,DOWN
2021-12-10,136.16,137.34,135.45,136.44,3656473,138.04,136.49,57.28,-0.4088,0.9377,DOWN
2021-12-13,137.18,137.66,135.74,135.87,5065084,137.3,136.85,54.4,-0.4178,0.9574,UP
2021-12-14,135.8,137.29,135.7,136.9,3901888,136.85,137.21,58.47,0.7581,0.958,DOWN
2021-12-15,136.54,136.83,135.82,136.75,5010033,136.59,137.48,57.66,-0.1096,0.9606,UP
2021-12-16,137.49,137.88,136.88,137.78,5747343,136.75,137.58,61.58,0.7532,0.7251,UP
2021-12-17,137.71,139.51,137.21,139.26,4756981,137.31,137.68,66.39,1.0742,0.7262,UP
2021-12-20,139.2,140.97,138.83,140.86,3224882,138.31,137.81,70.67,1.1489,0.7599,UP
2021-12-21,141.16,141.73,140.42,141.02,3406717,139.13,137.99,71.07,0.1136,0.7496,DOWN
2021-12-22,141.48,142.35,140.13,140.34,3714501,139.85,138.22,66.93,-0.4822,0.7052,DOWN
2021-12-23,139.99,140.54,139.3,140.21,3302945,140.34,138.54,66.13,-0.0926,0.6392,DOWN
2021-12-27,139.09,140.19,138.78,139.82,3785018,140.45,138.88,63.69,-0.2782,0.6258,UP
2021-12-28,139.71,140.43,138.91,140.17,2832739,140.31,139.31,64.94,0.2503,0.5811,DOWN
2021-12-29,139.35,139.68,138.92,139.49,1877503,140.01,139.57,60.58,-0.4851,0.6078,DOWN
2021-12-30,138.88,139.43,137.21,137.52,2681613,139.44,139.65,50.08,-1.4123,0.7909,DOWN
2022-01-03,137.42,137.85,134.77,135.75,2810560,138.55,139.44,42.89,-1.2871,0.8527,DOWN
2022-01-04,136.48,136.83,134.84,135.05,3329741,137.6,139.02,40.41,-0.5157,0.741,DOWN
2022-01-05,135.05,135.78,133.73,134.22,3508771,136.41,138.36,37.64,-0.6146,0.5392,DOWN
2022-01-06,133.96,134.32,132.36,132.71,4369537,135.05,137.53,33.19,-1.125,0.5298,DOWN
2022-01-07,132.47,133.4,131.47,131.68,4614371,133.88,136.66,30.53,-0.7761,0.5304,UP
2022-01-10,131.38,132.35,131.15,132.1,4050280,133.15,135.85,32.89,0.319,0.5897,UP
2022-01-11,132.0,133.44,131.85,132.43,3722645,132.63,135.11,34.76,0.2498,0.6423,DOWN
2022-01-12,132.85,134.15,131.65,132.01,3396742,132.19,134.3,33.48,-0.3171,0.5874,DOWN
2022-01-13,131.14,131.8,130.26,131.29,3705104,131.9,133.48,31.35,-0.5454,0.5865,UP
2022-01-14,130.95,132.07,130.48,131.49,4199890,131.86,132.87,32.63,0.1523,0.5542,UP
2022-01-18,131.39,133.23,131.35,132.47,4570432,131.94,132.55,38.68,0.7453,0.5834,UP
2022-01-19,132.59,133.69,131.43,133.24,6123561,132.1,132.36,43.02,0.5813,0.6278,UP
2022-01-20,133.31,135.02,132.98,134.83,5877468,132.66,132.43,50.75,1.1933,0.7263,UP
2022-01-21,135.01,137.19,134.78,136.81,5313935,133.77,132.83,58.34,1.4685,0.7241,UP
2022-01-24,137.39,137.99,137.17,137.44,3682064,134.96,133.41,60.43,0.4605,0.6161,DOWN
2022-01-25,137.14,137.99,136.78,137.23,3498057,135.91,133.92,59.36,-0.1528,0.643,DOWN
2022-01-26,137.69,138.68,136.7,136.82,2698587,136.63,134.36,57.23,-0.2988,0.6782,DOWN
2022-01-27,136.44,137.76,135.24,135.57,2678918,136.77,134.72,51.21,-0.9136,0.7623,DOWN
2022-01-28,135.26,135.82,133.17,133.67,3218524,136.15,134.96,43.68,-1.4015,0.8996,DOWN
2022-01-31,133.62,134.47,132.03,132.38,3180072,135.13,135.05,39.44,-0.9651,0.9705,DOWN
2022-02-01,132.64,132.83,130.48,131.21,3896240,133.93,134.92,36.02,-0.8838,0.9816,DOWN
2022-02-02,130.79,131.46,130.66,131.18,3825874,132.8,134.71,35.94,-0.0229,0.9538,DOWN
2022-02-03,131.24,131.64,130.53,130.95,3726715,131.88,134.33,35.24,-0.1753,0.8294,DOWN
2022-02-04,130.87,131.12,130.22,130.59,4235295,131.26,133.7,34.13,-0.2749,0.5579,DOWN
2022-02-07,130.1,130.64,129.23,129.5,4377744,130.69,132.91,30.95,-0.8347,0.4617,UP
2022-02-08,129.18,131.34,128.32,129.96,4079014,130.44,132.18,33.76,0.3552,0.5372,DOWN
2022-02-09,130.85,131.58,129.43,129.6,3803706,130.12,131.46,32.64,-0.277,0.5384,DOWN
2022-02-10,128.81,129.26,128.68,128.79,3824525,129.69,130.78,30.21,-0.625,0.5236,DOWN
2022-02-11,128.73,128.87,127.54,127.92,4232143,129.15,130.21,27.82,-0.6755,0.428,DOWN
2022-02-14,128.08,128.55,126.89,127.53,3095669,128.76,129.72,26.8,-0.3049,0.3865,DOWN
2022-02-15,126.93,127.5,125.64,126.07,3626885,127.98,129.21,23.34,-1.1448,0.4312,DOWN
2022-02-16,125.63,126.03,124.89,124.96,2838830,127.05,128.59,21.11,-0.8805,0.4335,DOWN
2022-02-17,124.48,125.19,122.75,123.56,2838121,126.01,127.85,18.68,-1.1204,0.461,DOWN
2022-02-18,123.16,124.09,122.08,123.03,2895155,125.03,127.09,17.84,-0.4289,0.4522,DOWN
2022-02-22,123.12,123.41,121.46,121.66,3777203,123.86,126.31,15.86,-1.1135,0.4767,DOWN
2022-02-23,121.3,121.57,120.38,120.83,3858711,122.81,125.4,14.79,-0.6822,0.3311,DOWN
2022-02-24,119.74,121.07,119.37,120.57,4890541,121.93,124.49,14.47,-0.2152,0.3409,DOWN
2022-02-25,121.26,121.68,119.99,120.22,4616512,121.26,123.64,14.01,-0.2903,0.3666,DOWN
2022-02-28,119.94,120.77,119.63,120.04,4853001,120.66,122.85,13.78,-0.1497,0.404,UP
2022-03-01,120.48,120.88,120.25,120.79,3532448,120.49,122.17,19.89,0.6248,0.5634,DOWN
2022-03-02,121.11,121.3,119.23,119.97,3919258,120.32,121.56,18.36,-0.6789,0.5259,DOWN
2022-03-03,120.24,120.65,118.03,119.02,3485125,120.01,120.97,16.75,-0.7919,0.5193,DOWN
2022-03-04,118.43,118.45,117.81,118.31,3216863,119.63,120.44,15.64,-0.5965,0.4724,DOWN
2022-03-07,117.95,118.54,117.31,117.59,4228835,119.14,119.9,14.59,-0.6086,0.4756,UP
2022-03-08,117.8,117.92,117.34,117.73,3755022,118.52,119.51,15.78,0.1191,0.4433,DOWN
2022-03-09,116.98,117.77,116.34,117.58,4283217,118.05,119.18,15.53,-0.1274,0.4283,UP
2022-03-10,117.75,118.22,116.28,117.62,4418189,117.77,118.89,15.91,0.034,0.4391,DOWN
2022-03-11,117.36,118.66,116.62,117.38,5799481,117.58,118.6,15.46,-0.204,0.439,UP
2022-03-14,117.46,119.07,117.22,118.99,4887576,117.86,118.5,29.8,1.3716,0.6738,UP
2022-03-15,119.41,120.26,119.13,119.22,3314592,118.16,118.34,31.58,0.1933,0.6359,DOWN
2022-03-16,119.17,119.65,118.93,119.04,4007194,118.45,118.25,30.92,-0.151,0.6064,UP
2022-03-17,119.44,119.76,119.2,119.4,4472119,118.81,118.29,33.91,0.3024,0.5599,UP
2022-03-18,119.48,120.71,119.38,120.21,5111877,119.37,118.48,40.18,0.6784,0.5455,UP
2022-03-21,120.86,121.54,120.61,121.04,4198309,119.78,118.82,45.85,0.6905,0.4942,UP
2022-03-22,120.51,121.62,120.31,121.23,4528910,120.18,119.17,47.08,0.157,0.4929,UP
2022-03-23,121.81,122.48,120.56,121.78,4297611,120.73,119.59,50.6,0.4537,0.4714,DOWN
2022-03-24,121.52,122.7,121.34,121.68,4158828,121.19,120.0,49.95,-0.0821,0.4814,UP
2022-03-25,121.28,122.43,120.72,121.77,5406044,121.5,120.44,50.56,0.074,0.4537,UP
2022-03-28,122.33,123.54,121.21,122.99,5268667,121.89,120.84,58.08,1.0019,0.3703,UP
2022-03-29,123.0,124.06,122.68,123.84,5210774,122.41,121.3,62.38,0.6911,0.3829,UP
2022-03-30,123.72,125.66,123.4,124.81,5872853,123.02,121.88,66.59,0.7833,0.3511,UP
2022-03-31,124.92,127.45,124.86,126.34,5126165,123.95,122.57,71.92,1.2259,0.4161,UP
2022-04-01,126.72,128.63,126.34,127.93,3867155,125.18,123.34,76.18,1.2585,0.4702,DOWN
2022-04-04,128.48,128.76,127.4,127.55,3748488,126.09,123.99,73.32,-0.297,0.5517,DOWN
2022-04-05,127.25,127.8,125.62,126.97,4022475,126.72,124.57,69.05,-0.4547,0.6261,UP
2022-04-06,127.24,127.54,126.23,127.1,3463748,127.18,125.1,69.48,0.1024,0.6366,DOWN
2022-04-07,128.03,128.49,126.51,126.89,4192900,127.29,125.62,67.85,-0.1652,0.6445,UP
2022-04-08,126.39,127.63,126.01,127.31,4431785,127.16,126.17,69.4,0.331,0.6342,UP
2022-04-11,127.01,128.0,126.48,127.42,3000647,127.14,126.62,69.81,0.0864,0.6109,DOWN
2022-04-12,127.01,127.17,125.97,126.25,4049607,126.99,126.86,60.51,-0.9182,0.7158,DOWN
2022-04-13,126.24,127.37,125.38,125.56,3608804,126.69,126.93,55.8,-0.5465,0.718,DOWN
2022-04-14,125.67,125.81,124.54,124.91,4239309,126.29,126.79,51.71,-0.5177,0.6072,UP
2022-04-18,125.18,125.4,124.83,125.2,3885978,125.87,126.52,53.35,0.2322,0.4017,DOWN
2022-04-19,125.36,125.53,123.98,124.4,3369986,125.26,126.2,48.45,-0.639,0.4235,DOWN
2022-04-20,124.68,125.33,122.94,123.5,4443034,124.71,125.85,43.6,-0.7235,0.4459,UP
2022-04-21,123.54,124.05,123.27,123.63,4946592,124.33,125.51,44.47,0.1053,0.4462,UP
2022-04-22,123.85,124.55,123.51,124.03,4504897,124.15,125.22,47.15,0.3235,0.4847,UP
2022-04-25,123.59,124.69,123.53,124.35,4373625,123.98,124.92,49.26,0.258,0.4759,DOWN
2022-04-26,124.64,124.97,123.71,124.11,3619368,123.92,124.59,47.72,-0.193,0.463,DOWN
2022-04-27,123.89,124.12,123.2,123.48,2621680,123.92,124.32,43.85,-0.5076,0.4139,DOWN
2022-04-28,122.86,123.09,121.64,122.14,3109071,123.62,123.98,36.97,-1.0852,0.4892,DOWN
2022-04-29,122.16,122.42,120.33,120.84,3034749,122.98,123.57,31.76,-1.0644,0.5466,DOWN
2022-05-02,120.33,120.4,119.24,119.75,2346773,122.06,123.02,28.18,-0.902,0.5346,DOWN
2022-05-03,119.5,120.05,117.54,118.33,2977888,120.91,122.42,24.33,-1.1858,0.5827,DOWN
2022-05-04,117.78,118.96,116.39,117.41,3344786,119.69,121.81,22.21,-0.7775,0.5853,DOWN
2022-05-05,117.33,117.93,116.54,116.75,3811105,118.62,121.12,20.81,-0.5621,0.5449,UP
2022-05-06,116.39,117.31,115.97,116.96,3585946,117.84,120.41,22.48,0.1799,0.5201,UP
2022-05-09,117.36,118.0,116.98,117.87,4052727,117.46,119.76,29.44,0.778,0.6284,UP
2022-05-10,117.63,118.73,117.42,117.88,3501924,117.37,119.14,29.52,0.0085,0.6435,UP
2022-05-11,117.97,118.52,117.45,118.04,3121409,117.5,118.6,30.78,0.1357,0.6753,DOWN
2022-05-12,117.06,117.87,116.63,117.71,3796284,117.69,118.15,29.6,-0.2796,0.6378,DOWN
2022-05-13,117.6,117.83,116.83,117.22,3526402,117.74,117.79,27.89,-0.4163,0.5902,DOWN
2022-05-16,117.37,118.06,116.64,116.96,3988805,117.56,117.51,27.0,-0.2218,0.5513,UP
2022-05-17,117.08,117.35,116.38,117.03,4130634,117.39,117.38,27.67,0.0598,0.4423,DOWN
2022-05-18,117.46,117.79,116.68,116.81,5478124,117.15,117.32,26.84,-0.188,0.378,UP
2022-05-19,116.6,118.28,116.17,118.09,5151051,117.22,117.46,38.46,1.0958,0.4789,UP
2022-05-20,117.7,119.66,117.13,119.05,4417640,117.59,117.67,45.46,0.8129,0.5277,UP
2022-05-23,119.19,119.63,118.45,119.48,3707321,118.09,117.83,48.3,0.3612,0.4902,DOWN
2022-05-24,119.89,120.12,118.06,118.53,4549029,118.39,117.89,42.98,-0.7951,0.5726,DOWN
2022-05-25,118.1,118.51,117.8,118.14,4736254,118.66,117.9,40.98,-0.329,0.5841,UP
2022-05-26,118.04,119.05,117.75,118.5,4385718,118.74,117.98,43.59,0.3047,0.5812,UP
2022-05-27,118.6,119.25,118.48,118.64,4075655,118.66,118.12,44.61,0.1181,0.5557,UP
2022-05-31,118.92,119.25,118.51,118.83,3359724,118.53,118.31,46.04,0.1601,0.5424,DOWN
2022-06-01,118.79,118.99,116.89,117.54,4109811,118.33,118.36,38.73,-1.0856,0.6715,DOWN
2022-06-02,117.21,119.96,116.45,117.52,4417187,118.21,118.43,38.62,-0.017,0.667,DOWN
2022-06-03,117.44,117.89,116.74,117.49,3239720,118.0,118.37,38.46,-0.0255,0.5597,DOWN
2022-06-06,116.93,117.02,116.23,116.74,4066320,117.62,118.14,34.51,-0.6384,0.4957,UP
2022-06-07,117.48,117.51,115.38,116.81,4292571,117.22,117.87,35.18,0.06,0.4665,UP
2022-06-08,117.07,118.02,116.25,117.43,4276259,117.2,117.76,40.94,0.5308,0.4747,UP
2022-06-09,117.78,118.14,117.45,117.84,3595880,117.26,117.73,44.45,0.3491,0.4854,UP
2022-06-10,117.88,119.2,117.77,118.18,3365759,117.4,117.7,47.26,0.2885,0.4842,DOWN
2022-06-13,117.76,118.51,117.06,117.62,2639802,117.58,117.6,43.37,-0.4739,0.5006,DOWN
2022-06-14,117.5,117.86,116.0,116.46,3759051,117.51,117.36,36.65,-0.9862,0.5652,DOWN
2022-06-15,116.4,116.62,115.62,115.9,3541258,117.2,117.2,33.92,-0.4809,0.4868,DOWN
2022-06-16,115.97,116.18,113.66,115.14,4197593,116.66,116.96,30.59,-0.6557,0.5103,UP
2022-06-17,115.13,115.32,114.9,115.2,4189442,116.06,116.73,31.17,0.0521,0.5139,UP
2022-06-21,115.84,116.17,115.01,115.78,4097569,115.7,116.64,36.63,0.5035,0.5311,DOWN
2022-06-22,115.69,116.01,114.81,115.45,3598449,115.49,116.5,34.93,-0.285,0.5322,DOWN
2022-06-23,114.76,114.97,114.16,114.88,4219592,115.29,116.24,32.16,-0.4937,0.4909,DOWN
2022-06-24,114.62,115.06,114.05,114.31,4848340,115.12,115.89,29.62,-0.4962,0.4537,DOWN
2022-06-27,114.38,114.43,113.71,114.3,3191817,114.94,115.5,29.58,-0.0087,0.4191,DOWN
2022-06-28,113.3,114.8,112.68,113.52,3597574,114.49,115.09,26.3,-0.6824,0.4319,DOWN
2022-06-29,112.93,113.75,111.7,112.71,3609352,113.94,114.72,23.39,-0.7135,0.3945,DOWN
2022-06-30,112.8,113.57,111.37,112.06,3732688,113.38,114.34,21.35,-0.5767,0.3998,DOWN
2022-07-01,111.95,112.47,111.53,111.55,3290290,112.83,113.98,19.89,-0.4551,0.3867,DOWN
2022-07-05,111.35,111.81,110.7,111.16,3075597,112.2,113.57,18.83,-0.3496,0.3645,DOWN
2022-07-06,110.94,111.03,110.1,110.64,4713989,111.62,113.06,17.48,-0.4678,0.2044,UP
2022-07-07,110.65,111.79,110.04,110.95,4421983,111.27,112.61,21.1,0.2802,0.3079,UP
2022-07-08,111.3,111.98,110.63,111.18,4715066,111.1,112.24,23.76,0.2073,0.3588,UP
2022-07-11,111.29,112.14,110.81,111.94,4552031,111.17,112.0,31.94,0.6836,0.4727,UP
2022-07-12,111.68,113.22,111.57,112.65,5071361,111.47,111.84,38.57,0.6343,0.5415,UP
2022-07-13,112.59,114.27,111.33,113.79,4671300,112.1,111.86,47.43,1.012,0.6145,UP
2022-07-14,113.7,115.42,113.44,114.38,4056370,112.79,112.03,51.34,0.5185,0.5719,UP
2022-07-15,114.3,115.22,113.62,114.47,3528051,113.45,112.27,51.93,0.0787,0.5142,DOWN
2022-07-18,114.9,115.2,114.06,114.35,4968510,113.93,112.55,51.04,-0.1048,0.4739,UP
2022-07-19,114.71,115.88,114.39,115.52,4281453,114.5,112.99,58.47,1.0232,0.4799,UP
2022-07-20,115.98,116.13,114.99,115.69,3884517,114.88,113.49,59.44,0.1472,0.3891,UP
2022-07-21,115.36,116.4,114.93,116.09,3923557,115.22,114.01,61.69,0.3458,0.3865,DOWN
2022-07-22,116.65,117.23,114.8,115.7,4140523,115.47,114.46,58.29,-0.3359,0.4569,DOWN
2022-07-25,115.57,116.31,115.16,115.47,4979825,115.69,114.81,56.32,-0.1988,0.4807,UP
2022-07-26,115.46,116.86,115.42,116.37,4237825,115.86,115.18,61.77,0.7794,0.4935,DOWN
2022-07-27,116.77,117.23,115.16,115.96,4158242,115.92,115.4,58.21,-0.3523,0.471,UP
2022-07-28,116.03,116.41,115.31,116.26,3698219,115.95,115.59,60.02,0.2587,0.4579,UP
2022-07-29,116.69,116.98,115.76,116.74,3927822,116.16,115.81,62.81,0.4129,0.4631,UP
2022-08-01,117.07,117.22,116.41,117.11,3896419,116.49,116.09,64.84,0.3169,0.4516,DOWN
2022-08-02,116.86,116.98,116.52,116.82,4482744,116.58,116.22,61.98,-0.2476,0.3797,UP
2022-08-03,116.69,117.63,115.88,117.17,5109563,116.82,116.37,64.04,0.2996,0.3843,UP
2022-08-04,117.26,119.03,117.11,118.78,5605944,117.32,116.64,71.65,1.3741,0.5506,UP
2022-08-05,118.69,120.65,118.3,119.92,3421600,117.96,117.06,75.59,0.9598,0.5549,DOWN
2022-08-08,119.58,120.17,119.54,119.67,2599580,118.47,117.48,73.19,-0.2085,0.556,DOWN
2022-08-09,119.39,119.63,118.35,118.98,2141923,118.9,117.74,66.87,-0.5766,0.6053,DOWN
2022-08-10,118.34,118.78,117.24,117.53,3446586,118.98,117.9,55.95,-1.2187,0.7432,DOWN
2022-08-11,117.81,118.0,115.79,116.93,3657421,118.61,117.96,52.15,-0.5105,0.7686,UP
2022-08-12,116.5,117.48,116.08,117.02,4672356,118.03,117.99,52.67,0.077,0.7588,UP
2022-08-15,117.43,118.46,117.26,117.94,3662889,117.68,118.08,57.72,0.7862,0.7925,DOWN
2022-08-16,117.58,118.05,117.03,117.1,3678395,117.3,118.1,52.24,-0.7122,0.8263,UP
2022-08-17,116.44,117.22,115.77,117.12,3254766,117.22,118.1,52.35,0.0171,0.8208,DOWN
2022-08-18,117.44,118.03,116.88,117.04,3405170,117.24,117.92,51.81,-0.0683,0.664,DOWN
2022-08-19,116.34,117.98,115.61,116.89,3383380,117.22,117.62,50.75,-0.1282,0.5404,DOWN
2022-08-22,116.25,116.75,115.65,116.58,3917746,116.95,117.31,48.54,-0.2652,0.5401,DOWN
2022-08-23,116.67,118.37,115.45,116.26,3717811,116.78,117.04,46.3,-0.2745,0.5288,DOWN
2022-08-24,115.87,116.36,115.4,115.89,3410156,116.53,116.88,43.78,-0.3183,0.4035,DOWN
2022-08-25,115.51,115.9,115.27,115.69,2597579,116.26,116.75,42.43,-0.1726,0.3826,DOWN
2022-08-26,115.71,115.93,113.86,114.58,2749083,115.8,116.51,35.85,-0.9595,0.4601,DOWN
2022-08-29,114.55,115.12,112.37,112.99,3600532,115.08,116.01,28.93,-1.3877,0.4508,DOWN
2022-08-30,112.67,113.55,111.35,111.73,4717421,114.18,115.48,24.84,-1.1151,0.495,UP
2022-08-31,111.6,112.5,111.3,112.03,3431101,113.4,114.97,27.47,0.2685,0.5276,DOWN
2022-09-01,112.09,112.45,110.83,111.34,3858102,112.53,114.4,25.28,-0.6159,0.5127,UP
2022-09-02,111.48,112.04,110.71,111.66,4662355,111.95,113.88,28.14,0.2874,0.5605,UP
2022-09-06,111.54,113.04,110.68,112.53,4467026,111.86,113.47,35.39,0.7792,0.6837,UP
2022-09-07,112.43,114.33,112.12,113.69,4771426,112.25,113.21,43.56,1.0308,0.8124,UP
2022-09-08,113.71,114.93,113.47,114.6,4501388,112.76,113.08,49.01,0.8004,0.8722,UP
2022-09-09,114.91,116.53,114.71,116.17,4135156,113.73,113.13,56.77,1.37,0.9883,UP
2022-09-12,116.35,118.0,115.84,117.12,4217052,114.82,113.39,60.67,0.8178,0.9463,UP
2022-09-13,117.45,118.37,117.16,118.15,4975212,115.95,113.9,64.41,0.8794,0.7731,UP
2022-09-14,118.55,119.46,117.71,119.3,5276889,117.07,114.66,68.07,0.9733,0.5544,UP
2022-09-15,119.67,121.04,119.43,120.18,3819829,118.18,115.47,70.56,0.7376,0.5373,DOWN
2022-09-16,119.66,120.13,119.32,119.95,4405375,118.94,116.34,69.05,-0.1914,0.4266,UP
2022-09-19,120.21,120.63,119.84,120.16,5148626,119.55,117.18,69.69,0.1751,0.4414,UP
2022-09-20,120.15,121.15,119.53,120.62,5498296,120.04,117.99,71.1,0.3828,0.4548,UP
2022-09-21,120.76,122.43,120.36,122.08,4417542,120.6,118.83,75.07,1.2104,0.4726,UP
2022-09-22,122.36,123.77,122.2,122.75,3624022,121.11,119.65,76.65,0.5488,0.4743,UP
2022-09-23,122.94,123.38,121.95,122.81,3834926,121.68,120.31,76.79,0.0489,0.4471,DOWN
2022-09-26,122.95,123.07,122.31,122.61,3517292,122.17,120.86,75.15,-0.1629,0.4894,DOWN
2022-09-27,122.86,123.18,121.63,122.11,4961690,122.47,121.26,71.06,-0.4078,0.5342,UP
2022-09-28,122.73,123.18,122.19,122.83,5223092,122.62,121.61,73.31,0.5896,0.4953,UP
2022-09-29,122.78,123.57,122.6,123.4,5280682,122.75,121.93,74.97,0.4641,0.4752,UP
2022-09-30,123.2,124.16,122.35,123.91,5357066,122.97,122.33,76.39,0.4133,0.4482,UP
2022-10-03,124.08,125.3,123.65,124.61,4614402,123.37,122.77,78.21,0.5649,0.4506,UP
2022-10-04,124.32,125.95,124.13,125.18,4912759,123.99,123.23,79.6,0.4574,0.4515,UP
2022-10-05,125.68,126.85,125.08,126.11,5815908,124.64,123.63,81.64,0.7429,0.3724,UP
2022-10-06,125.98,127.97,125.23,127.72,5812692,125.51,124.13,84.53,1.2767,0.4772,UP
2022-10-07,128.07,129.04,127.75,128.88,5487159,126.5,124.74,86.22,0.9082,0.4845,UP
2022-10-10,128.39,130.84,127.93,130.61,4107045,127.7,125.54,88.27,1.3423,0.4947,UP
2022-10-11,130.95,131.5,130.17,130.8,3761052,128.82,126.41,88.47,0.1455,0.3836,DOWN
2022-10-12,130.55,130.74,129.8,130.28,4068504,129.66,127.15,84.18,-0.3976,0.5164,DOWN
2022-10-13,130.03,130.17,129.54,129.9,5094876,130.09,127.8,81.08,-0.2917,0.5876,UP
2022-10-14,129.52,131.04,128.83,130.85,6029234,130.49,128.49,82.79,0.7313,0.59,UP
2022-10-17,131.57,132.02,131.31,131.59,5329248,130.68,129.19,84.0,0.5655,0.59,UP
2022-10-18,132.06,132.98,130.9,132.38,4873774,131.0,129.91,85.19,0.6003,0.5893,UP
2022-10-19,131.08,133.42,130.54,132.83,5128416,131.51,130.58,85.84,0.3399,0.5894,UP
2022-10-20,133.38,134.58,132.21,133.14,5345905,132.16,131.13,86.29,0.2334,0.5303,UP
2022-10-21,133.12,133.72,132.63,133.55,4380852,132.7,131.59,86.88,0.3079,0.5018,DOWN
2022-10-24,133.72,133.9,133.18,133.52,3663504,133.08,131.88,86.58,-0.0225,0.3735,DOWN
2022-10-25,133.74,133.8,133.04,133.16,4993143,133.24,132.12,82.97,-0.2696,0.4046,UP
2022-10-26,133.62,134.4,132.6,133.97,5121575,133.47,132.49,84.53,0.6083,0.3686,UP
2022-10-27,133.65,135.6,133.33,135.11,6685558,133.86,133.01,86.42,0.8509,0.3481,UP
2022-10-28,136.4,138.19,135.43,137.39,5270448,134.63,133.66,89.25,1.6875,0.5331,UP
2022-10-31,137.61,138.25,137.38,137.73,3972444,135.47,134.28,89.6,0.2475,0.5375,DOWN
2022-11-01,138.2,138.73,136.88,137.6,3107011,136.36,134.8,88.42,-0.0944,0.5615,DOWN
2022-11-02,137.14,137.24,135.42,136.68,3229068,136.9,135.18,80.36,-0.6686,0.6542,DOWN
2022-11-03,136.59,136.96,135.12,135.36,2870651,136.95,135.41,70.44,-0.9658,0.7657,DOWN
2022-11-04,135.13,135.42,133.15,133.36,2115004,136.15,135.39,58.63,-1.4775,0.9218,DOWN
2022-11-07,132.74,132.92,130.24,130.35,3078052,134.67,135.07,46.1,-2.257,1.164,DOWN
2022-11-08,129.71,130.61,127.81,128.6,2611849,132.87,134.62,40.66,-1.3425,1.216,DOWN
2022-11-09,128.5,128.77,126.11,126.75,4474958,130.88,133.89,35.84,-1.4386,1.2106,UP
2022-11-10,126.56,127.22,126.49,127.05,4890746,129.22,133.09,37.14,0.2367,1.1458,UP
2022-11-11,126.83,127.96,126.45,127.84,5709165,128.12,132.13,40.56,0.6218,0.9396,UP
2022-11-14,128.13,128.82,127.23,128.72,5923013,127.79,131.23,44.2,0.6884,0.9983,UP
2022-11-15,128.56,130.44,128.28,130.12,6388082,128.1,130.48,49.49,1.0876,1.1346,UP
2022-11-16,130.82,132.75,130.58,132.55,7076429,129.26,130.07,57.1,1.8675,1.3655,UP
2022-11-17,132.63,136.58,131.92,135.51,6266521,130.95,130.08,64.18,2.2331,1.5534,UP
2022-11-18,135.57,138.94,135.17,138.09,4853409,133.0,130.56,68.99,1.9039,1.5588,UP
2022-11-21,136.87,139.08,136.0,138.66,3761069,134.99,131.39,69.95,0.4128,1.2609,DOWN
2022-11-22,138.73,139.14,138.53,138.61,3380980,136.68,132.39,69.74,-0.0361,1.0903,DOWN
2022-11-23,139.17,140.05,137.45,138.13,4324189,137.8,133.53,67.7,-0.3463,0.8803,UP
2022-11-25,137.99,139.11,136.96,138.99,5053813,138.5,134.72,69.43,0.6226,0.8578,UP
2022-11-28,138.64,140.43,137.6,140.25,4549824,138.93,135.96,71.8,0.9065,0.852,DOWN
2022-11-29,140.33,140.37,139.1,140.04,3930735,139.2,137.09,70.82,-0.1497,0.9176,DOWN
2022-11-30,139.94,140.48,138.28,139.37,3471864,139.36,138.02,67.62,-0.4784,1.0023,DOWN
2022-12-01,139.48,140.16,137.97,138.07,3934597,139.34,138.57,61.79,-0.9328,1.0287,DOWN
2022-12-02,137.16,138.05,136.93,137.25,4109017,139.0,138.75,58.38,-0.5939,0.8452,DOWN
2022-12-05,136.84,137.45,135.77,136.32,4411304,138.21,138.57,54.68,-0.6776,0.603,UP
2022-12-06,136.47,136.61,136.32,136.37,4597775,137.48,138.34,54.85,0.0367,0.5767,UP
2022-12-07,136.32,138.37,136.14,137.24,4600178,137.05,138.2,57.74,0.638,0.6303,DOWN
2022-12-08,136.96,137.11,136.38,136.43,4507481,136.72,138.03,54.26,-0.5902,0.6456,DOWN
2022-12-09,136.39,136.54,135.46,135.63,4557685,136.4,137.7,50.99,-0.5864,0.6024,DOWN
2022-12-12,135.32,135.91,134.4,135.25,4655621,136.18,137.2,49.46,-0.2802,0.4479,DOWN
2022-12-13,134.74,135.22,133.66,134.36,4086628,135.78,136.63,45.99,-0.658,0.4501,UP
2022-12-14,135.33,135.96,134.26,134.4,4293789,135.21,136.13,46.17,0.0298,0.47,UP
2022-12-15,134.46,134.85,133.99,134.56,4818676,134.84,135.78,46.95,0.119,0.445,UP
2022-12-16,134.52,135.35,133.99,135.17,4503494,134.75,135.57,49.9,0.4533,0.4787,UP
2022-12-19,135.62,136.74,134.68,135.55,4135393,134.81,135.5,51.71,0.2811,0.4571,UP
2022-12-20,135.63,136.83,135.49,135.87,3526962,135.11,135.45,53.23,0.2361,0.4659,DOWN
2022-12-21,135.17,135.36,134.13,134.82,3666196,135.19,135.2,47.88,-0.7728,0.4526,DOWN
2022-12-22,134.44,134.98,133.12,134.1,3774391,135.1,134.97,44.57,-0.534,0.4472,UP
2022-12-23,133.53,134.44,133.11,134.21,3747058,134.91,134.83,45.2,0.082,0.4278,UP
2022-12-27,133.49,135.09,132.9,134.25,4197236,134.65,134.73,45.44,0.0298,0.4248,UP
2022-12-28,134.51,135.79,134.21,134.8,4593651,134.44,134.77,48.76,0.4097,0.3947,UP
2022-12-29,135.47,136.83,135.14,135.65,4795323,134.6,134.9,53.48,0.6306,0.4375,UP
2022-12-30,136.17,136.95,135.81,136.03,3688226,134.99,135.05,55.46,0.2801,0.4415,DOWN
2023-01-03,135.68,135.96,135.46,135.66,3093338,135.28,135.09,53.09,-0.272,0.4383,DOWN
2023-01-04,135.82,136.11,134.31,134.57,2815052,135.34,135.0,46.77,-0.8035,0.5009,DOWN
2023-01-05,134.02,134.21,132.29,133.03,2707469,134.99,134.71,39.59,-1.1444,0.5892,DOWN
2023-01-06,132.58,132.89,131.4,131.51,3926497,134.16,134.38,34.04,-1.1426,0.6381,DOWN
2023-01-09,131.63,131.69,130.56,131.17,2986083,133.19,134.09,32.93,-0.2585,0.6302,DOWN
2023-01-10,130.84,131.05,129.65,129.81,4480946,132.02,133.65,28.86,-1.0368,0.6689,DOWN
2023-01-11,129.21,130.48,128.87,129.8,4628775,131.06,133.2,28.84,-0.0077,0.6668,UP
2023-01-12,129.82,130.77,129.32,130.55,3607500,130.57,132.78,34.04,0.5778,0.6894,UP
2023-01-13,130.5,131.12,130.11,130.61,4279315,130.39,132.27,34.45,0.046,0.6215,UP
2023-01-17,131.39,132.37,130.97,131.61,4383091,130.48,131.83,41.07,0.7656,0.6933,UP
2023-01-18,131.53,132.63,131.22,132.16,3124887,130.95,131.48,44.39,0.4179,0.7326,DOWN
2023-01-19,132.54,132.89,131.41,131.99,2428619,131.38,131.22,43.57,-0.1286,0.7075,DOWN
2023-01-20,131.78,132.62,130.89,131.0,3103437,131.47,131.02,39.06,-0.7501,0.6577,DOWN
2023-01-23,131.09,131.39,129.48,129.78,3631241,131.31,130.85,34.34,-0.9313,0.6249,DOWN
2023-01-24,129.57,129.99,129.45,129.51,2320333,130.89,130.68,33.37,-0.208,0.624,DOWN
2023-01-25,129.05,129.72,128.23,128.71,3425262,130.2,130.57,30.64,-0.6177,0.5675,DOWN
2023-01-26,129.01,129.55,128.15,128.29,3984460,129.46,130.42,29.28,-0.3263,0.5717,UP
2023-01-27,127.87,128.64,127.25,128.49,4236539,128.96,130.22,30.85,0.1559,0.5288,DOWN
2023-01-30,128.36,128.87,127.97,128.19,3249300,128.64,129.97,29.78,-0.2335,0.5242,DOWN
2023-01-31,128.65,129.47,127.2,127.39,5081114,128.21,129.55,27.08,-0.6241,0.4173,UP
2023-02-01,127.43,128.17,126.91,128.03,3793681,128.08,129.14,32.36,0.5024,0.4345,UP
2023-02-02,129.04,129.76,128.57,128.96,4406059,128.21,128.84,39.24,0.7264,0.5455,UP
2023-02-03,128.97,129.5,128.7,129.26,4294428,128.37,128.66,41.31,0.2326,0.5298,UP
2023-02-06,129.4,129.46,128.58,129.36,4251136,128.6,128.62,42.02,0.0774,0.4509,DOWN
2023-02-07,129.19,129.96,128.44,129.05,5009680,128.93,128.57,40.39,-0.2396,0.4524,UP
2023-02-08,128.69,130.43,127.8,130.04,4726479,129.33,128.71,47.41,0.7671,0.4658,UP
2023-02-09,131.66,131.73,130.17,130.81,3830295,129.7,128.96,52.14,0.5921,0.4621,DOWN
2023-02-10,130.46,131.04,129.16,129.69,3726278,129.79,129.08,45.71,-0.8562,0.57,DOWN
2023-02-13,129.77,130.08,128.62,129.14,4943731,129.75,129.17,42.91,-0.4241,0.5852,UP
2023-02-14,129.05,129.91,128.11,129.23,5018732,129.78,129.36,43.52,0.0697,0.5317,UP
2023-02-15,130.08,130.87,130.02,130.17,4147298,129.81,129.57,49.57,0.7274,0.5529,DOWN
2023-02-16,130.49,130.77,129.63,129.85,3879222,129.62,129.66,47.7,-0.2458,0.5286,DOWN
2023-02-17,130.3,131.18,128.35,129.19,3911072,129.52,129.65,44.0,-0.5083,0.5546,DOWN
2023-02-21,129.34,129.97,128.59,128.89,4160783,129.47,129.61,42.39,-0.2322,0.5582,DOWN
2023-02-22,129.43,130.27,128.34,128.74,4532268,129.37,129.57,41.58,-0.1164,0.5545,UP
2023-02-23,128.61,129.48,128.55,129.02,5503215,129.14,129.47,43.76,0.2175,0.4911,UP
2023-02-24,129.27,130.8,127.86,130.22,6149843,129.21,129.41,52.03,0.9301,0.5504,UP
2023-02-27,130.69,132.64,130.63,132.07,5810900,129.79,129.65,61.44,1.4207,0.6406,UP
2023-02-28,132.73,134.0,132.14,133.22,5606652,130.65,130.06,65.92,0.8708,0.6349,UP
2023-03-01,133.49,134.36,132.9,134.18,6162978,131.74,130.56,69.14,0.7206,0.6404,UP
2023-03-02,135.13,136.49,134.68,136.14,5019139,133.17,131.15,74.45,1.4607,0.7217,UP
2023-03-03,136.56,137.19,136.24,136.96,4698300,134.51,131.86,76.29,0.6023,0.6792,DOWN
2023-03-06,136.71,137.08,136.22,136.77,3839954,135.45,132.62,74.94,-0.1387,0.6238,UP
2023-03-07,137.14,137.72,136.7,136.82,3266696,136.17,133.41,75.07,0.0366,0.5901,DOWN
2023-03-08,136.84,136.99,135.51,136.17,3623046,136.57,134.16,70.18,-0.4751,0.6467,UP
2023-03-09,136.06,136.42,135.21,136.25,2968493,136.59,134.88,70.43,0.0588,0.658,DOWN
2023-03-10,136.58,137.25,134.8,135.05,3908883,136.21,135.36,61.88,-0.8807,0.7793,DOWN
2023-03-13,134.07,134.71,133.27,134.55,4056912,135.77,135.61,58.69,-0.3702,0.7134,DOWN
2023-03-14,134.61,134.89,133.33,134.2,3510601,135.24,135.71,56.49,-0.2601,0.6822,DOWN
2023-03-15,133.79,133.99,133.41,133.74,4354417,134.76,135.67,53.64,-0.3428,0.6527,UP
2023-03-16,134.28,135.02,133.54,133.95,3778684,134.3,135.45,54.76,0.157,0.4048,DOWN
2023-03-17,133.41,133.98,132.02,133.58,4200105,134.0,135.11,52.36,-0.2762,0.3033,UP
2023-03-20,133.24,135.55,132.92,134.34,5054043,133.96,134.86,56.57,0.5689,0.3993,UP
2023-03-21,133.84,136.84,133.63,135.09,5357132,134.14,134.69,60.3,0.5583,0.46,UP
2023-03-22,135.63,136.4,135.49,136.13,6119297,134.62,134.69,64.82,0.7699,0.5196,UP
2023-03-23,136.19,138.11,135.93,137.84,6384680,135.4,134.85,70.71,1.2562,0.6554,UP
2023-03-24,138.09,140.04,137.8,139.92,4345260,136.66,135.33,75.98,1.509,0.6857,DOWN
2023-03-27,139.2,140.25,138.84,139.69,3475544,137.73,135.85,74.39,-0.1644,0.6642,DOWN
2023-03-28,139.53,140.26,138.18,139.15,3691283,138.55,136.34,70.64,-0.3866,0.6788,DOWN
2023-03-29,139.6,139.71,138.67,138.82,3226020,139.08,136.85,68.37,-0.2372,0.6672,DOWN
2023-03-30,137.92,138.29,137.53,137.68,4964214,139.05,137.22,61.08,-0.8212,0.7671,UP
2023-03-31,137.35,139.18,136.88,138.55,5965330,138.78,137.72,64.22,0.6319,0.7477,UP
2023-04-03,139.04,141.27,138.86,140.54,5693427,138.95,138.34,70.15,1.4363,0.8203,UP
2023-04-04,140.7,141.97,140.62,141.71,4893208,139.46,139.0,72.98,0.8325,0.8287,UP
2023-04-05,141.85,143.47,141.42,142.67,3901052,140.23,139.66,75.07,0.6774,0.8257,UP
2023-04-06,143.27,144.06,141.57,142.82,4229605,141.26,140.16,75.39,0.1051,0.7836,DOWN
2023-04-10,142.39,143.69,142.31,142.63,2691264,142.07,140.43,74.09,-0.133,0.681,DOWN
2023-04-11,141.24,141.83,140.72,141.58,3280687,142.28,140.62,67.2,-0.7362,0.7362,DOWN
2023-04-12,141.37,141.95,139.75,140.69,2222703,142.08,140.77,61.94,-0.6286,0.7589,DOWN
2023-04-13,140.95,141.34,137.69,138.25,3096071,141.19,140.71,50.31,-1.7343,0.9573,DOWN
2023-04-14,139.08,139.66,136.16,136.46,4961918,139.92,140.59,43.82,-1.2948,1.0107,UP
2023-04-17,136.07,136.71,135.86,136.49,4938124,138.69,140.38,43.95,0.022,0.9806,UP
2023-04-18,136.46,136.93,135.86,136.87,5171669,137.75,140.02,45.67,0.2784,0.8299,UP
2023-04-19,136.55,138.13,135.74,137.94,5619118,137.2,139.64,50.3,0.7818,0.8226,UP
2023-04-20,138.26,138.9,138.06,138.38,5340300,137.23,139.21,52.11,0.319,0.7838,UP
2023-04-21,139.04,139.7,138.79,139.48,5155425,137.83,138.88,56.39,0.7949,0.8511,UP
2023-04-24,139.17,140.76,139.05,139.77,6371841,138.49,138.59,57.46,0.2079,0.8623,UP
2023-04-25,139.55,142.62,138.55,141.82,6731331,139.48,138.61,64.2,1.4667,0.9827,UP
2023-04-26,141.88,144.06,141.64,143.81,6459926,140.65,138.93,69.28,1.4032,1.0417,UP
2023-04-27,144.2,146.2,143.48,145.86,6470054,142.15,139.69,73.46,1.4255,0.8415,UP
2023-04-28,146.86,147.71,146.53,147.24,5480432,143.7,140.77,75.85,0.9461,0.5445,UP
2023-05-01,147.41,147.81,146.4,147.47,4533699,145.24,141.86,76.23,0.1562,0.5255,UP
2023-05-02,146.81,148.32,146.34,147.63,4973991,146.4,142.94,76.51,0.1085,0.5458,DOWN
2023-05-03,147.96,148.6,147.2,147.47,4856093,147.13,143.89,75.55,-0.1084,0.6107,UP
2023-05-04,147.9,148.65,147.28,148.28,5373027,147.62,144.88,77.11,0.5493,0.6002,UP
2023-05-05,148.45,150.5,148.26,149.65,4659212,148.1,145.9,79.49,0.9239,0.6039,UP
2023-05-08,149.94,151.27,149.04,149.82,4337045,148.57,146.9,79.77,0.1136,0.6133,UP
2023-05-09,150.09,150.5,149.95,150.34,5075792,149.11,147.76,80.65,0.3471,0.5571,UP
2023-05-10,150.74,151.14,150.11,150.79,5297969,149.78,148.46,81.4,0.2993,0.4815,UP
2023-05-11,150.97,152.56,150.21,151.76,5133452,150.47,149.05,82.93,0.6433,0.3578,UP
2023-05-12,152.34,153.0,151.7,152.77,4678073,151.1,149.6,84.38,0.6655,0.3189,UP
2023-05-15,152.62,154.15,151.6,153.29,4986152,151.79,150.18,85.08,0.3404,0.3104,UP
2023-05-16,153.37,154.54,153.22,154.37,5362967,152.6,150.85,86.44,0.7045,0.3079,UP
2023-05-17,154.53,155.43,154.25,154.73,5771716,153.38,151.58,86.87,0.2332,0.2535,UP
2023-05-18,155.81,157.97,154.96,156.59,4686562,154.35,152.41,88.83,1.2021,0.3415,DOWN
2023-05-19,156.48,157.03,156.1,156.52,3658442,155.1,153.1,88.3,-0.0447,0.3597,DOWN
2023-05-22,157.61,157.91,156.06,156.43,3352734,155.73,153.76,87.57,-0.0575,0.3809,DOWN
2023-05-23,156.11,156.59,155.7,156.19,3863142,156.09,154.34,85.53,-0.1534,0.424,DOWN
2023-05-24,156.2,156.81,155.27,155.83,5279760,156.31,154.85,82.43,-0.2305,0.4666,UP
2023-05-25,154.99,157.47,154.7,156.58,4907952,156.31,155.33,83.75,0.4813,0.4572,DOWN
2023-05-26,155.86,157.09,155.17,156.53,4932648,156.31,155.71,83.3,-0.0319,0.4508,UP
2023-05-30,156.34,157.25,156.18,156.93,4181572,156.41,156.07,84.04,0.2555,0.4496,UP
2023-05-31,157.24,157.42,156.34,157.05,3162898,156.58,156.34,84.27,0.0765,0.4197,DOWN
2023-06-01,156.31,157.6,155.52,155.81,3116321,156.58,156.45,72.86,-0.7896,0.5168,DOWN
2023-06-02,155.6,155.9,153.0,153.98,4693897,156.06,156.18,59.96,-1.1745,0.4842,UP
2023-06-05,153.96,154.59,153.39,154.34,3586828,155.62,155.97,61.41,0.2338,0.4998,DOWN
2023-06-06,154.47,154.77,152.17,152.55,3465329,154.75,155.58,51.45,-1.1598,0.5927,DOWN
2023-06-07,152.7,152.79,150.66,151.31,3683993,153.6,155.09,45.89,-0.8128,0.6171,DOWN
2023-06-08,151.57,152.2,150.26,150.79,4342115,152.59,154.59,43.76,-0.3437,0.6164,UP
2023-06-09,150.75,151.08,150.39,150.85,3729551,151.97,154.01,44.08,0.0398,0.5658,UP
2023-06-12,151.15,151.56,150.67,151.05,3893742,151.31,153.47,45.21,0.1326,0.579,UP
2023-06-13,151.5,151.81,149.78,151.16,5807752,151.03,152.89,45.86,0.0728,0.5602,UP
2023-06-14,151.69,154.78,151.4,154.19,5653816,151.61,152.6,59.92,2.0045,0.937,UP
2023-06-15,153.76,155.97,153.54,155.77,5355688,152.6,152.6,65.02,1.0247,0.9804,UP
2023-06-16,156.31,156.92,155.79,156.5,4402952,153.73,152.85,67.1,0.4686,0.8954,UP
2023-06-20,157.13,157.9,156.56,156.88,5093151,154.9,153.1,68.16,0.2428,0.8954,UP
2023-06-21,157.01,158.39,156.82,157.91,5068304,156.25,153.64,70.91,0.6566,0.7721,UP
2023-06-22,157.77,159.76,157.59,159.41,4392121,157.29,154.45,74.37,0.9499,0.6723,DOWN
2023-06-23,160.35,161.02,158.43,159.17,4107300,157.97,155.29,72.88,-0.1506,0.6469,DOWN
2023-06-26,159.08,159.53,158.26,159.14,4854778,158.5,156.12,72.68,-0.0188,0.6522,UP
2023-06-27,159.72,159.79,159.07,159.33,5253534,158.99,156.95,73.17,0.1194,0.6531,UP
2023-06-28,159.71,161.58,159.69,160.5,6232564,159.51,157.88,76.04,0.7343,0.6341,UP
2023-06-29,160.64,163.0,159.69,162.27,5963963,160.08,158.69,79.6,1.1028,0.4501,UP
2023-06-30,163.42,164.93,162.54,164.17,5727176,161.08,159.53,82.59,1.1709,0.4705,UP
2023-07-03,164.68,165.63,163.51,165.26,5696674,162.31,160.4,84.03,0.6639,0.4718,UP
2023-07-05,166.43,167.76,165.54,166.97,5200547,163.83,161.41,86.0,1.0347,0.4814,UP
2023-07-06,166.57,167.49,166.09,167.26,5838286,165.19,162.35,86.31,0.1737,0.5018,UP
2023-07-07,167.52,170.16,166.28,169.32,4813149,166.6,163.34,88.28,1.2316,0.532,UP
2023-07-10,169.22,171.37,168.88,169.82,4441730,167.73,164.4,88.7,0.2953,0.4774,UP
2023-07-11,169.91,171.17,168.79,170.21,4307370,168.72,165.51,89.03,0.2297,0.444,UP
2023-07-12,171.07,172.21,170.6,170.81,4933411,169.48,166.66,89.55,0.3525,0.4168,UP
2023-07-13,171.55,172.58,169.24,170.85,5544313,170.2,167.69,89.58,0.0234,0.4677,UP
2023-07-14,170.18,173.44,169.43,172.9,6362705,170.92,168.76,91.2,1.1999,0.4795,UP
2023-07-17,173.58,175.35,172.33,174.97,6756207,171.95,169.84,92.48,1.1972,0.4828,UP
2023-07-18,175.1,179.06,174.53,177.94,5651014,173.49,171.1,93.85,1.6974,0.5877,UP
2023-07-19,177.67,179.19,176.42,178.88,5300656,175.11,172.3,94.21,0.5283,0.5816,UP
2023-07-20,179.15,180.66,177.47,180.1,3823061,176.96,173.58,94.65,0.682,0.5526,DOWN
2023-07-21,179.91,180.25,177.71,178.65,3402810,178.11,174.51,86.28,-0.8051,0.7067,DOWN
2023-07-24,178.18,178.66,176.93,177.13,3856353,178.54,175.24,78.46,-0.8508,0.8325,DOWN
2023-07-25,175.53,176.57,175.37,176.22,4471783,178.2,175.84,74.12,-0.5137,0.8836,DOWN
2023-07-26,176.38,176.87,174.2,175.57,3214261,177.53,176.32,71.1,-0.3689,0.9124,DOWN
2023-07-27,174.63,174.82,174.06,174.3,3268859,176.37,176.67,65.48,-0.7234,0.9647,DOWN
2023-07-28,173.78,174.49,172.45,172.75,2573285,175.19,176.65,59.32,-0.8893,0.9513,DOWN
2023-07-31,172.11,172.26,169.93,170.53,2810760,173.87,176.21,51.8,-1.2851,0.9264,DOWN
2023-08-01,170.98,172.44,168.36,168.56,3027327,172.34,175.27,46.2,-1.1552,0.66,DOWN
2023-08-02,169.14,169.6,166.17,167.43,4038324,170.71,174.12,43.31,-0.6704,0.5434,DOWN
2023-08-03,166.73,167.41,165.98,166.68,3563901,169.19,172.78,41.46,-0.4479,0.294,DOWN
2023-08-04,166.64,167.26,164.68,165.2,3414929,167.68,171.44,38.0,-0.8879,0.2963,DOWN
2023-08-07,165.32,165.83,162.95,163.61,3482485,166.3,170.08,34.66,-0.9625,0.3013,DOWN
2023-08-08,163.45,163.65,162.07,162.48,3628193,165.08,168.71,32.47,-0.6907,0.2882,DOWN
2023-08-09,162.13,163.45,161.45,161.61,2957842,163.92,167.32,30.86,-0.5355,0.2637,DOWN
2023-08-10,161.8,162.04,160.2,160.41,3490998,162.66,165.93,28.74,-0.7425,0.263,DOWN
2023-08-11,160.18,160.5,160.01,160.27,4134851,161.68,164.68,28.49,-0.0873,0.3497,UP
2023-08-14,161.03,162.56,160.52,161.24,3086800,161.2,163.75,32.79,0.6052,0.5034,DOWN
2023-08-15,162.69,163.67,160.12,160.78,3020261,160.86,162.97,31.81,-0.2853,0.4621,DOWN
2023-08-16,159.74,160.32,159.4,159.41,2098515,160.42,162.17,29.04,-0.8521,0.4742,DOWN
2023-08-17,159.31,159.89,155.72,156.7,2575445,159.68,161.17,24.49,-1.7,0.6086,DOWN
2023-08-18,156.23,156.47,153.7,154.03,2492002,158.43,160.05,21.0,-1.7039,0.6976,DOWN
2023-08-21,153.67,153.81,150.59,151.27,2421600,156.44,158.82,18.13,-1.7919,0.7776,DOWN
2023-08-22,151.06,151.82,147.56,148.16,2910509,153.91,157.39,15.55,-2.0559,0.8743,DOWN
2023-08-23,147.97,148.18,145.82,146.18,3251516,151.27,155.84,14.16,-1.3364,0.8724,DOWN
2023-08-24,146.3,147.53,143.95,144.23,3667488,148.77,154.23,12.94,-1.334,0.8734,DOWN
2023-08-25,144.52,145.43,142.41,143.06,3924769,146.58,152.51,12.26,-0.8112,0.8122,DOWN
2023-08-28,142.58,143.38,141.16,141.65,4860690,144.66,150.55,11.47,-0.9856,0.5482,UP
2023-08-29,142.23,143.02,141.24,142.38,4434175,143.5,148.71,14.53,0.5154,0.7366,DOWN
2023-08-30,142.71,143.36,141.49,142.28,4860426,142.72,146.99,14.45,-0.0702,0.8156,UP
2023-08-31,142.89,143.55,141.72,143.28,5956556,142.53,145.65,18.88,0.7028,0.9679,UP
2023-09-01,143.63,145.77,143.11,145.54,4680401,143.03,144.8,27.95,1.5773,1.1907,UP
2023-09-05,145.78,147.67,145.15,146.5,4603907,144.0,144.33,31.46,0.6596,1.1607,UP
2023-09-06,146.29,147.95,145.8,147.6,4537209,145.04,144.27,35.34,0.7509,1.0239,UP
2023-09-07,147.66,149.03,147.0,148.84,2366899,146.35,144.54,39.5,0.8401,0.9443,DOWN
2023-09-08,148.4,149.01,146.81,147.2,2760921,147.14,144.83,36.18,-1.1019,0.9049,DOWN
2023-09-11,146.49,147.32,145.21,145.41,3891143,147.11,145.07,32.93,-1.216,0.9627,DOWN
2023-09-12,145.56,146.15,144.21,145.13,4184953,146.84,145.42,32.44,-0.1926,0.8869,UP
2023-09-13,144.92,145.98,144.36,145.5,2978722,146.42,145.73,33.85,0.2549,0.8819,DOWN
2023-09-14,145.14,146.07,144.48,145.48,3810984,145.74,146.05,33.8,-0.0137,0.88,DOWN
2023-09-15,145.58,145.74,144.26,144.86,2770825,145.28,146.21,32.49,-0.4262,0.8845,DOWN
2023-09-18,144.84,145.39,142.6,143.3,4133151,144.85,145.98,29.41,-1.0769,0.7895,DOWN
2023-09-19,142.22,143.29,141.23,142.46,4137885,144.32,145.58,27.87,-0.5862,0.7441,DOWN
2023-09-20,142.44,142.75,141.44,142.04,4253415,143.63,145.02,27.11,-0.2948,0.6514,UP
2023-09-21,142.31,142.49,141.62,142.22,5153036,142.98,144.36,28.02,0.1267,0.5306,UP
2023-09-22,141.98,143.33,141.33,142.99,5099818,142.6,143.94,31.93,0.5414,0.5608,UP
2023-09-25,143.32,143.51,143.08,143.43,5007735,142.63,143.74,34.13,0.3077,0.4823,UP
2023-09-26,144.11,145.31,144.06,145.22,6686817,143.18,143.75,42.3,1.248,0.6496,UP
2023-09-27,145.17,147.58,144.45,147.41,6179870,144.25,143.94,50.41,1.5081,0.8048,UP
2023-09-28,148.02,149.75,147.67,149.43,4967191,145.7,144.34,56.49,1.3703,0.8911,UP
2023-09-29,149.6,150.23,149.01,150.08,5020333,147.11,144.86,58.26,0.435,0.8571,UP
2023-10-02,150.27,152.64,149.56,152.05,3976578,148.84,145.73,63.16,1.3126,0.7374,UP
2023-10-03,152.31,153.44,151.69,152.78,3282586,150.35,146.77,64.8,0.4801,0.6141,DOWN
2023-10-04,152.22,152.75,151.76,152.19,3657417,151.31,147.78,62.38,-0.3862,0.631,DOWN
2023-10-05,152.12,153.25,151.76,152.13,3144445,151.85,148.77,62.12,-0.0394,0.6495,DOWN
2023-10-06,152.08,152.41,150.55,150.94,3445240,152.02,149.57,57.13,-0.7822,0.7983,DOWN
2023-10-09,150.93,151.5,150.19,150.49,3715425,151.71,150.27,55.33,-0.2981,0.8402,UP
2023-10-10,150.52,151.68,150.04,150.53,3883937,151.26,150.8,55.46,0.0266,0.8049,UP
2023-10-11,151.13,151.52,150.61,150.87,4084088,150.99,151.15,56.66,0.2259,0.6971,UP
2023-10-12,151.28,151.77,150.46,150.91,4010435,150.75,151.3,56.81,0.0265,0.5722,UP
2023-10-13,150.61,151.4,150.42,151.23,3841106,150.81,151.41,58.03,0.212,0.5619,DOWN
2023-10-16,152.17,153.47,149.85,151.22,3719232,150.95,151.33,57.98,-0.0066,0.3575,DOWN
2023-10-17,150.96,151.17,150.36,150.69,3957228,150.98,151.12,54.98,-0.3505,0.3133,DOWN
2023-10-18,150.76,152.14,149.43,149.95,4044775,150.8,150.9,51.01,-0.4911,0.3241,DOWN
2023-10-19,149.16,149.68,148.46,149.27,2986544,150.47,150.61,47.61,-0.4535,0.335,DOWN
2023-10-20,149.68,150.64,147.11,147.66,3678387,149.76,150.28,40.69,-1.0786,0.4001,DOWN
2023-10-23,147.26,147.6,145.58,146.13,3306643,148.74,149.85,35.42,-1.0362,0.4771,DOWN
2023-10-24,146.07,146.82,143.53,144.22,4618183,147.45,149.22,30.17,-1.3071,0.5576,DOWN
2023-10-25,144.35,144.77,143.19,143.66,3629738,146.19,148.49,28.82,-0.3883,0.5095,DOWN
2023-10-26,143.59,144.73,142.31,143.17,3076938,144.97,147.72,27.65,-0.3411,0.4808,DOWN
2023-10-27,143.87,144.3,142.08,142.52,3840469,143.94,146.85,26.14,-0.454,0.4082,DOWN
2023-10-30,141.68,142.75,140.77,141.79,3996308,143.07,145.91,24.52,-0.5122,0.3557,DOWN
2023-10-31,141.65,142.05,140.75,140.99,4610917,142.43,144.94,22.85,-0.5642,0.3425,UP
2023-11-01,140.81,141.71,140.18,141.24,5085934,141.94,144.06,24.58,0.1773,0.4329,UP
2023-11-02,140.73,142.72,140.01,142.56,6201059,141.82,143.39,33.11,0.9346,0.6512,UP
2023-11-03,142.53,145.55,141.99,145.01,4536388,142.32,143.13,45.44,1.7186,0.9056,UP
2023-11-06,144.88,146.15,144.18,145.53,3743759,143.07,143.07,47.64,0.3586,0.8651,UP
2023-11-07,145.17,146.29,144.32,145.66,3491192,144.0,143.21,48.21,0.0893,0.7413,UP
2023-11-08,146.21,146.47,145.66,145.85,3257902,144.92,143.43,49.07,0.1304,0.721,DOWN
2023-11-09,145.38,145.59,144.56,144.88,3043432,145.39,143.6,44.95,-0.6651,0.7523,DOWN
2023-11-10,144.59,145.35,142.79,143.15,2934054,145.01,143.67,38.71,-1.1941,0.8458,DOWN
2023-11-13,143.22,143.63,140.56,141.54,3783120,144.22,143.64,33.98,-1.1247,0.9105,DOWN
2023-11-14,141.85,142.4,140.5,140.88,3904883,143.26,143.63,32.24,-0.4663,0.9045,DOWN
2023-11-15,139.97,141.12,139.71,140.64,5086987,142.22,143.57,31.61,-0.1704,0.9034,UP
2023-11-16,140.67,141.63,140.39,141.14,5522754,141.47,143.43,34.5,0.3555,0.8511,UP
2023-11-17,141.43,143.44,140.93,143.13,6538892,141.47,143.24,44.53,1.4099,0.7806,UP
2023-11-20,143.56,146.28,142.62,145.91,7074669,142.34,143.28,54.92,1.9423,1.0155,UP
2023-11-21,146.28,149.63,144.64,149.26,5596903,144.02,143.64,63.74,2.2959,1.2438,UP
2023-11-22,149.32,152.99,148.31,151.93,4883846,146.27,144.25,68.95,1.7888,1.3332,UP
2023-11-24,152.23,152.84,151.33,152.65,4599350,148.58,145.02,70.19,0.4739,1.278,UP
2023-11-27,152.8,153.93,151.85,153.45,3838845,150.64,146.05,71.56,0.5241,1.1268,UP
2023-11-28,153.95,154.29,153.41,153.77,3382659,152.21,147.28,72.11,0.2085,0.9519,DOWN
2023-11-29,153.44,153.51,152.48,152.86,3734331,152.93,148.47,68.08,-0.5918,0.9716,UP
2023-11-30,152.36,153.62,152.29,152.91,3627046,153.13,149.7,68.18,0.0327,0.9504,DOWN
2023-12-01,152.51,152.75,151.79,151.96,5714020,152.99,150.78,63.88,-0.6213,1.051,UP
2023-12-04,152.33,153.4,151.0,152.9,5853193,152.88,151.76,66.15,0.6186,1.025,UP
2023-12-05,152.43,154.48,152.05,154.02,6281326,152.93,152.57,68.69,0.7325,0.9242,UP
2023-12-06,154.34,155.78,153.98,155.54,6193353,153.47,153.2,71.78,0.9869,0.7187,UP
2023-12-07,156.24,158.96,155.43,158.0,5564377,154.48,153.81,75.92,1.5816,0.6764,UP
2023-12-08,158.12,159.85,157.98,159.73,4488189,156.04,154.51,78.32,1.0949,0.7121,DOWN
2023-12-11,159.11,159.99,158.55,159.65,5362065,157.39,155.13,77.94,-0.0501,0.729,UP
2023-12-12,160.91,161.42,160.02,160.83,4591093,158.75,155.84,79.55,0.7391,0.7329,UP
2023-12-13,161.45,162.94,160.17,161.01,5215741,159.84,156.66,79.79,0.1119,0.6506,UP
2023-12-14,161.81,163.44,161.08,162.07,3724420,160.66,157.57,81.2,0.6583,0.628,DOWN
2023-12-15,162.48,163.36,160.46,161.93,4655432,161.1,158.57,80.4,-0.0864,0.5287,UP
2023-12-18,160.48,164.45,159.99,163.53,4669965,161.87,159.63,82.52,0.9881,0.5399,UP
2023-12-19,164.07,165.51,163.73,164.48,3691845,162.6,160.68,83.65,0.5809,0.5403,DOWN
2023-12-20,164.12,164.54,163.38,164.24,3343497,163.25,161.55,82.2,-0.1459,0.5814,DOWN
2023-12-21,164.16,164.38,162.62,162.96,3885192,163.43,162.04,74.78,-0.7793,0.594,DOWN
2023-12-22,162.58,163.45,161.93,162.11,4843959,163.46,162.28,70.25,-0.5216,0.5767,UP
2023-12-26,162.41,162.63,161.46,162.44,4798488,163.25,162.56,70.98,0.2036,0.5725,DOWN
2023-12-27,163.1,163.37,162.28,162.39,4401577,162.83,162.72,70.7,-0.0308,0.539,DOWN
2023-12-28,162.51,162.77,161.9,162.23,5746325,162.43,162.84,69.73,-0.0985,0.5425,UP
2023-12-29,161.77,163.57,161.43,162.71,4937111,162.38,162.9,71.01,0.2959,0.5105,UP
2024-01-02,163.23,163.52,162.96,163.21,3591737,162.6,163.03,72.32,0.3073,0.5147,DOWN
2024-01-03,163.0,164.3,161.29,162.18,3851190,162.54,162.9,65.73,-0.6311,0.4476,DOWN
2024-01-04,161.89,162.14,160.39,161.19,4348058,162.3,162.57,60.05,-0.6104,0.4084,DOWN
2024-01-05,161.13,161.86,160.56,161.18,3711619,162.09,162.26,60.0,-0.0062,0.4129,DOWN
2024-01-08,160.89,161.65,159.8,160.13,3639486,161.58,161.98,54.24,-0.6514,0.3941,DOWN
2024-01-09,159.6,160.26,159.39,160.02,4491187,160.94,161.77,53.66,-0.0687,0.3753,UP
2024-01-10,159.71,161.48,159.25,160.35,4423332,160.57,161.56,55.21,0.2062,0.3755,UP
2024-01-11,160.56,161.61,160.3,160.55,4526001,160.45,161.38,56.17,0.1247,0.3832,UP
2024-01-12,160.34,161.15,159.93,160.75,4574531,160.36,161.23,57.15,0.1246,0.3906,UP
2024-01-16,160.89,162.0,160.38,161.71,4882086,160.68,161.13,61.61,0.5972,0.433,UP
2024-01-17,161.73,163.58,161.42,162.83,4100110,161.24,161.09,66.05,0.6926,0.4836,UP
2024-01-18,163.14,163.43,162.99,163.22,4747963,161.81,161.19,67.46,0.2395,0.438,UP
2024-01-19,164.14,165.32,163.51,164.87,5483976,162.68,161.56,72.64,1.0109,0.4599,UP
2024-01-22,164.55,167.33,164.07,167.21,5258293,163.97,162.16,77.99,1.4193,0.5838,UP
2024-01-23,167.61,170.2,166.99,168.69,4384443,165.36,163.02,80.58,0.8851,0.4778,DOWN
2024-01-24,168.19,169.04,168.09,168.3,4519789,166.46,163.85,77.98,-0.2312,0.5023,DOWN
2024-01-25,169.06,170.08,167.15,167.73,4389950,167.36,164.59,74.21,-0.3387,0.5643,DOWN
2024-01-26,168.02,168.24,166.96,167.72,4132280,167.93,165.3,74.14,-0.006,0.5742,DOWN
2024-01-29,167.99,169.12,167.07,167.65,3931382,168.02,165.99,73.63,-0.0417,0.5866,UP
2024-01-30,168.06,168.27,167.31,167.98,4426698,167.88,166.62,74.52,0.1968,0.587,UP
2024-01-31,168.09,168.59,167.46,168.21,4792390,167.86,167.16,75.14,0.1369,0.5807,UP
2024-02-01,167.5,169.16,167.33,168.49,5304980,168.01,167.68,75.92,0.1665,0.5824,UP
2024-02-02,168.77,169.93,168.22,169.42,4229315,168.35,168.14,78.34,0.552,0.5383,UP
2024-02-05,169.0,169.54,168.11,169.45,3788770,168.71,168.36,78.41,0.0177,0.3597,UP
2024-02-06,168.98,169.7,167.85,169.52,3374425,169.02,168.45,78.6,0.0413,0.2444,DOWN
2024-02-07,168.54,169.45,166.95,168.78,3981954,169.13,168.5,71.55,-0.4365,0.277,UP
2024-02-08,169.82,170.78,168.73,168.95,3741153,169.22,168.62,72.17,0.1007,0.2453,DOWN
2024-02-09,168.32,168.65,166.67,166.92,3355773,168.72,168.54,56.42,-1.2015,0.4733,DOWN
2024-02-12,166.88,167.71,164.99,165.2,3777836,167.87,168.29,47.05,-1.0304,0.5663,DOWN
2024-02-13,165.01,165.89,161.7,162.69,3520855,166.51,167.76,37.31,-1.5194,0.6961,DOWN
2024-02-14,162.38,163.07,161.05,161.19,3110140,164.99,167.06,32.93,-0.922,0.6999,DOWN
2024-02-15,160.6,161.89,158.73,159.24,3349200,163.05,166.14,28.27,-1.2098,0.7063,DOWN
2024-02-16,159.45,160.46,157.54,157.71,4813941,161.21,164.96,25.26,-0.9608,0.5947,UP
2024-02-20,158.05,158.26,157.39,157.97,4123145,159.76,163.82,26.69,0.1649,0.6162,DOWN
2024-02-21,158.09,158.64,157.66,157.87,3352834,158.8,162.65,26.48,-0.0633,0.603,DOWN
2024-02-22,157.46,159.02,156.19,156.47,3046959,157.85,161.42,23.67,-0.8868,0.5973,DOWN
2024-02-23,155.6,155.85,155.09,155.36,4753582,157.08,160.06,21.71,-0.7094,0.5184,UP
2024-02-26,155.07,157.43,154.82,156.7,5754403,156.87,159.04,29.33,0.8625,0.7253,UP
2024-02-27,156.0,158.03,155.26,157.68,5077082,156.82,158.29,34.37,0.6254,0.8075,UP
2024-02-28,157.7,159.3,157.57,158.71,3533118,156.98,157.89,39.27,0.6532,0.7832,DOWN
2024-02-29,158.85,159.28,157.66,157.95,4800734,157.28,157.57,37.07,-0.4789,0.7526,UP
2024-03-01,157.93,159.59,157.26,158.74,4728392,157.96,157.52,40.78,0.5002,0.6893,UP
2024-03-04,158.55,159.89,158.07,159.49,4602083,158.51,157.69,44.15,0.4725,0.6196,UP
2024-03-05,159.75,161.4,158.27,160.32,5415341,159.04,157.93,47.69,0.5204,0.6329,UP
2024-03-06,160.03,162.17,159.56,161.46,6793534,159.59,158.29,52.18,0.7111,0.6511,UP
2024-03-07,162.5,165.2,161.65,163.97,4944415,160.8,159.04,60.27,1.5546,0.6447,UP
2024-03-08,163.59,164.84,163.35,164.08,4756654,161.86,159.91,60.58,0.0671,0.5218,UP
2024-03-11,164.07,166.38,163.14,165.1,4236178,162.99,160.75,63.47,0.6216,0.5111,UP
2024-03-12,165.66,166.97,164.69,165.95,5276017,164.11,161.58,65.73,0.5148,0.5099,UP
2024-03-13,165.87,167.62,165.34,167.01,5630509,165.22,162.41,68.35,0.6387,0.5095,UP
2024-03-14,166.72,168.68,166.31,168.19,4953070,166.07,163.43,71.01,0.7065,0.3729,UP
2024-03-15,168.52,168.97,167.83,168.26,5445327,166.9,164.38,71.16,0.0416,0.4164,UP
2024-03-18,167.91,170.36,166.62,169.88,5539508,167.86,165.42,74.55,0.9628,0.4303,UP
2024-03-19,170.06,172.73,169.87,171.91,6603422,169.05,166.58,78.03,1.195,0.4622,UP
2024-03-20,172.54,175.55,172.41,174.79,5753239,170.61,167.91,81.83,1.6753,0.5556,UP
2024-03-21,175.99,176.97,175.41,176.2,5048294,172.21,169.14,83.35,0.8067,0.4887,UP
2024-03-22,175.71,178.03,174.87,177.28,3988680,174.01,170.46,84.42,0.6129,0.4348,UP
2024-03-25,176.54,177.95,174.79,177.46,5126334,175.53,171.69,84.6,0.1015,0.4839,UP
2024-03-26,178.09,179.55,177.9,178.88,5266085,176.92,172.99,85.96,0.8002,0.4785,UP
2024-03-27,179.43,181.56,178.78,180.74,5113735,178.11,174.36,87.52,1.0398,0.4845,UP
2024-03-28,180.12,182.99,179.94,182.1,4572317,179.29,175.75,88.53,0.7525,0.4838,UP
2024-04-01,181.5,183.22,180.19,182.4,5301540,180.32,177.16,88.74,0.1647,0.4635,UP
2024-04-02,182.21,184.0,180.86,183.42,4902348,181.51,178.52,89.46,0.5592,0.4664,UP
2024-04-03,183.79,184.65,183.31,184.25,5052976,182.58,179.75,90.03,0.4525,0.4502,UP
2024-04-04,184.72,186.53,183.73,185.61,3655298,183.56,180.83,90.88,0.7381,0.2944,DOWN
2024-04-05,185.45,185.86,183.79,184.75,3656356,184.09,181.69,85.86,-0.4633,0.4364,DOWN
2024-04-08,185.01,185.35,183.2,184.21,5433347,184.45,182.38,82.76,-0.2923,0.4948,UP
2024-04-09,185.22,186.27,184.85,185.53,5568378,184.87,183.19,84.26,0.7166,0.4938,UP
2024-04-10,185.5,187.35,185.18,187.04,4129741,185.43,184.01,85.78,0.8139,0.4949,UP
2024-04-11,187.49,188.36,187.21,187.76,3580804,185.86,184.71,86.45,0.3849,0.4491,DOWN
2024-04-12,187.06,187.63,185.35,186.78,3983367,186.26,185.18,80.85,-0.5219,0.5093,DOWN
2024-04-15,186.29,187.62,185.91,186.14,3809437,186.65,185.55,77.33,-0.3426,0.5434,DOWN
2024-04-16,185.52,187.05,184.62,185.56,3409940,186.66,185.76,74.18,-0.3116,0.55,DOWN
2024-04-17,184.9,185.18,183.1,183.64,3653628,185.98,185.7,64.77,-1.0347,0.6426,DOWN
2024-04-18,183.46,184.19,180.25,181.59,4975909,184.74,185.3,56.53,-1.1163,0.6632,UP
2024-04-19,181.52,182.92,180.32,182.6,4302559,183.91,185.08,59.28,0.5562,0.6985,UP
2024-04-22,182.87,183.21,182.39,182.82,5133857,183.24,184.95,59.87,0.1205,0.699,UP
2024-04-23,182.75,185.03,182.33,184.72,6059999,183.07,184.86,64.68,1.0393,0.7454,UP
2024-04-24,184.99,188.16,184.72,187.2,6241955,183.79,184.88,69.77,1.3426,0.8271,UP
2024-04-25,187.14,190.89,186.55,189.95,4566740,185.46,185.1,74.2,1.469,0.9442,UP
2024-04-26,190.36,191.81,189.78,191.32,4464689,187.2,185.55,76.09,0.7212,0.9321,UP
2024-04-29,191.58,191.92,191.28,191.47,3521256,188.93,186.09,76.29,0.0784,0.9119,DOWN
2024-04-30,191.05,192.11,189.87,190.09,3611100,190.01,186.54,70.34,-0.7207,0.9501,DOWN
2024-05-01,189.17,190.94,188.95,189.72,3149676,190.51,187.15,68.79,-0.1946,0.8569,DOWN
2024-05-02,189.86,190.19,188.21,188.6,3152797,190.24,187.85,64.19,-0.5903,0.77,DOWN
2024-05-03,188.22,189.64,186.96,187.53,4187704,189.48,188.34,60.05,-0.5673,0.822,UP
2024-05-06,187.82,188.61,187.43,188.18,3008482,188.82,188.88,61.67,0.3466,0.8205,DOWN
2024-05-07,187.41,187.69,185.21,186.5,3214106,188.11,189.06,55.43,-0.8928,0.852,DOWN
2024-05-08,186.2,187.49,183.61,185.24,3466168,187.21,188.86,51.24,-0.6756,0.7587,UP
2024-05-09,186.04,186.67,184.98,185.33,4331257,186.56,188.4,51.52,0.0486,0.5303,UP
2024-05-10,184.59,186.99,184.33,185.98,3688538,186.25,187.86,53.61,0.3507,0.4642,DOWN
2024-05-13,186.02,187.32,184.92,185.29,4231989,185.67,187.25,51.09,-0.371,0.4469,UP
2024-05-14,185.44,187.52,184.57,186.04,4202736,185.58,186.84,53.64,0.4048,0.4773,DOWN
2024-05-15,185.98,187.14,185.77,185.97,3971440,185.72,186.47,53.36,-0.0376,0.4806,DOWN
2024-05-16,186.32,187.09,183.5,185.17,4487917,185.69,186.12,50.15,-0.4302,0.4686,DOWN
2024-05-17,184.72,186.43,183.24,184.27,5004414,185.35,185.8,46.74,-0.486,0.4618,DOWN
2024-05-20,183.5,184.75,182.98,184.23,4538553,185.14,185.4,46.59,-0.0217,0.4292,DOWN
2024-05-21,182.99,184.79,181.93,183.9,5292152,184.71,185.14,45.29,-0.1791,0.3564,UP
2024-05-22,184.07,185.99,183.28,185.41,3892159,184.6,185.16,51.92,0.8211,0.4157,DOWN
2024-05-23,185.63,186.7,184.33,184.92,4056791,184.55,185.12,49.81,-0.2643,0.4242,DOWN
2024-05-24,185.17,185.55,183.81,184.29,2703057,184.55,184.95,47.15,-0.3407,0.413,DOWN
2024-05-28,183.93,184.85,181.96,182.19,3638027,184.14,184.64,39.58,-1.1395,0.5268,DOWN
2024-05-29,181.17,182.44,180.3,180.67,4236196,183.5,184.1,35.18,-0.8343,0.523,DOWN
2024-05-30,180.35,180.74,179.07,179.99,3881872,182.41,183.5,33.39,-0.3764,0.5157,DOWN
2024-05-31,179.43,180.44,178.51,179.57,3821520,181.34,182.94,32.3,-0.2333,0.515,DOWN
2024-06-03,179.67,180.64,177.54,178.74,4699895,180.23,182.39,30.2,-0.4622,0.5141,UP
2024-06-04,178.03,180.6,177.75,179.33,3870868,179.66,181.9,33.51,0.3301,0.5465,DOWN
2024-06-05,179.13,180.2,179.02,179.06,5318761,179.34,181.42,32.75,-0.1506,0.5471,UP
2024-06-06,179.26,181.72,179.07,181.53,5921812,179.65,181.03,45.11,1.3794,0.6821,UP
2024-06-07,181.75,184.52,181.43,184.32,6188576,180.6,180.97,55.14,1.5369,0.8761,UP
2024-06-10,184.04,188.04,183.37,187.32,5275211,182.31,181.27,62.97,1.6276,1.0093,UP
2024-06-11,187.62,190.48,187.03,189.36,5017514,184.32,181.99,67.17,1.089,0.9316,UP
2024-06-12,189.84,190.53,189.72,190.38,3758459,186.58,182.96,69.06,0.5387,0.8263,DOWN
2024-06-13,191.06,191.23,189.49,189.84,4833017,188.24,183.94,66.87,-0.2836,0.8154,UP
2024-06-14,190.61,192.78,190.42,191.24,5560064,189.63,185.11,69.57,0.7375,0.77,UP
2024-06-17,190.46,195.44,189.85,192.83,5090604,190.73,186.52,72.32,0.8314,0.6671,UP
2024-06-18,192.17,194.82,191.19,193.55,4579313,191.57,187.94,73.5,0.3734,0.6642,DOWN
2024-06-20,193.59,193.85,192.19,193.02,4473343,192.1,189.34,71.11,-0.2738,0.6839,DOWN
2024-06-21,192.59,192.97,192.27,192.46,3767830,192.62,190.43,68.58,-0.2901,0.7177,DOWN
2024-06-24,191.27,192.16,190.84,191.86,3333950,192.74,191.19,65.87,-0.3118,0.6836,DOWN
2024-06-25,191.33,192.02,189.13,189.46,3969284,192.07,191.4,56.3,-1.2509,0.7163,DOWN
2024-06-26,189.26,190.46,188.09,188.28,4056640,191.02,191.29,52.27,-0.6228,0.6603,UP
2024-06-27,187.56,189.26,187.09,188.78,3922914,190.17,191.13,53.78,0.2656,0.6383,DOWN
2024-06-28,189.0,190.12,187.18,188.72,4287719,189.42,191.02,53.56,-0.0318,0.6344,UP
2024-07-01,188.42,190.56,188.05,188.79,2632853,188.81,190.78,53.8,0.0371,0.5726,DOWN
2024-07-02,188.56,189.33,185.19,186.45,3926221,188.2,190.14,45.48,-1.2395,0.5617,DOWN
2024-07-03,186.75,187.55,184.91,186.02,3560847,187.75,189.38,44.13,-0.2306,0.5069,DOWN
2024-07-05,185.99,186.16,182.9,184.44,3717517,186.88,188.53,39.49,-0.8494,0.524,DOWN
2024-07-08,184.08,184.48,182.44,182.81,3067146,185.7,187.56,35.36,-0.8838,0.537,DOWN
2024-07-09,182.01,183.47,180.2,180.26,4687477,184.0,186.4,30.06,-1.3949,0.598,DOWN
2024-07-10,180.39,180.92,178.43,179.82,4346467,182.67,185.44,29.25,-0.2441,0.5637,UP
2024-07-11,180.01,180.6,179.6,180.33,3905114,181.53,184.64,31.56,0.2836,0.6157,DOWN
2024-07-12,181.02,182.09,179.99,180.19,3832318,180.68,183.78,31.26,-0.0776,0.5813,DOWN
2024-07-15,180.0,180.37,179.1,179.8,2032452,180.08,182.89,30.39,-0.2164,0.5689,DOWN
2024-07-16,179.33,180.01,175.86,176.54,2929921,179.34,181.67,24.28,-1.8131,0.6729,DOWN
2024-07-17,176.79,176.92,173.23,173.52,1973595,178.08,180.37,20.23,-1.7107,0.7314,DOWN
2024-07-18,172.9,173.47,169.17,169.78,3534036,175.97,178.75,16.55,-2.1554,0.8359,DOWN
2024-07-19,169.55,169.83,167.23,167.88,3499849,173.5,177.09,15.05,-1.1191,0.8383,DOWN
2024-07-22,167.55,168.05,165.16,166.05,3500779,170.75,175.42,13.75,-1.0901,0.8394,DOWN
2024-07-23,165.88,166.49,162.54,163.9,4512346,168.23,173.78,12.41,-1.2948,0.8342,UP
2024-07-24,163.82,164.44,163.01,164.15,3125220,166.35,172.21,13.47,0.1525,0.8793,DOWN
2024-07-25,163.75,164.33,162.53,162.7,3504952,164.94,170.45,12.52,-0.8833,0.7755,DOWN
2024-07-26,162.36,163.07,161.03,161.79,3444863,163.72,168.61,11.95,-0.5593,0.7236,DOWN
2024-07-29,161.5,161.61,159.8,160.83,3358535,162.67,166.71,11.36,-0.5934,0.683,DOWN
2024-07-30,159.99,160.73,158.34,159.24,3361671,161.74,164.98,10.45,-0.9886,0.6364,DOWN
2024-07-31,159.52,159.93,158.23,158.42,3624047,160.6,163.47,10.0,-0.5149,0.6046,DOWN
2024-08-01,158.42,159.36,157.09,157.63,3952105,159.58,162.26,9.58,-0.4987,0.4237,DOWN
2024-08-02,157.51,158.23,156.46,157.29,3738720,158.68,161.2,9.39,-0.2157,0.4299,DOWN
2024-08-05,156.96,157.3,156.46,157.1,3503376,157.94,160.3,9.28,-0.1208,0.4286,DOWN
2024-08-06,157.2,158.91,155.24,155.95,3809329,157.28,159.51,8.64,-0.732,0.3499,DOWN
2024-08-07,156.38,157.38,154.15,154.97,3264621,156.59,158.59,8.12,-0.6284,0.2665,DOWN
2024-08-08,154.84,155.4,153.27,153.39,3186153,155.74,157.66,7.35,-1.0196,0.2868,DOWN
2024-08-09,153.26,154.02,152.42,152.61,3142078,154.8,156.74,7.0,-0.5085,0.2878,DOWN
2024-08-12,152.44,153.38,149.94,150.3,2443657,153.44,155.69,6.07,-1.5137,0.4121,DOWN
2024-08-13,150.51,151.26,147.72,148.0,1853274,151.85,154.57,5.32,-1.5303,0.4869,DOWN
2024-08-14,147.56,148.34,144.42,145.12,2384623,149.88,153.24,4.55,-1.9459,0.6115,DOWN
2024-08-15,144.41,144.79,141.68,142.41,2323877,147.69,151.71,3.98,-1.8674,0.6693,DOWN
2024-08-16,141.35,141.64,139.09,139.86,2186669,145.14,149.97,3.52,-1.7906,0.647,DOWN
2024-08-19,139.17,139.41,137.86,137.92,2855343,142.66,148.05,3.22,-1.3871,0.5338,DOWN
2024-08-20,136.93,137.95,135.84,136.38,3771961,140.34,146.1,3.0,-1.1166,0.5018,UP
2024-08-21,135.81,136.64,134.94,136.42,3867393,138.6,144.24,3.19,0.0293,0.6307,DOWN
2024-08-22,136.64,136.92,135.39,135.86,3530518,137.29,142.49,3.1,-0.4105,0.6842,DOWN
2024-08-23,135.47,135.86,134.59,134.8,3524400,136.28,140.71,2.93,-0.7802,0.6584,DOWN
2024-08-26,134.68,135.01,133.72,134.2,4056475,135.53,139.1,2.84,-0.4451,0.6932,UP
2024-08-27,135.43,135.95,134.33,134.62,3801583,135.18,137.76,5.11,0.313,0.8088,UP
2024-08-28,135.51,135.87,134.59,135.17,4078702,134.93,136.76,8.13,0.4086,0.826,DOWN
2024-08-29,135.12,135.58,134.06,134.48,4457536,134.65,135.97,7.8,-0.5105,0.7181,DOWN
2024-08-30,135.27,135.9,133.64,134.28,4338402,134.55,135.41,7.7,-0.1487,0.5827,UP
2024-09-03,134.23,134.88,133.62,134.46,4507873,134.6,135.07,8.82,0.134,0.4888,DOWN
2024-09-04,134.41,134.8,134.26,134.45,5420031,134.57,134.87,8.82,-0.0074,0.386,UP
2024-09-05,134.1,136.01,133.82,135.49,4476105,134.63,134.78,15.69,0.7735,0.4824,DOWN
2024-09-06,135.17,135.32,134.48,135.23,3761363,134.78,134.72,15.38,-0.1919,0.4699,DOWN
2024-09-09,135.01,135.15,134.4,134.74,3591895,134.87,134.71,14.78,-0.3623,0.4123,UP
2024-09-10,135.43,135.79,134.36,134.83,3696634,134.95,134.78,15.43,0.0668,0.3821,DOWN
2024-09-11,134.88,134.96,134.24,134.35,5356687,134.93,134.75,14.79,-0.356,0.3889,UP
2024-09-12,134.29,136.57,133.72,136.06,4868236,135.04,134.84,26.6,1.2728,0.5551,UP
2024-09-13,135.99,136.95,135.8,136.67,4504404,135.33,135.06,30.31,0.4483,0.5263,DOWN
2024-09-16,137.49,137.94,136.38,136.63,4221361,135.71,135.29,30.2,-0.0293,0.5198,UP
2024-09-17,136.72,137.12,135.49,136.73,4343875,136.09,135.52,30.86,0.0732,0.5207,UP
2024-09-18,136.9,137.62,135.59,136.83,3683316,136.58,135.76,31.56,0.0731,0.5183,DOWN
2024-09-19,136.05,136.86,135.63,136.16,4049768,136.6,135.82,29.41,-0.4897,0.5106,DOWN
2024-09-20,136.3,136.77,135.33,135.52,2752862,136.37,135.85,27.49,-0.47,0.5324,DOWN
2024-09-23,135.17,135.93,133.61,134.03,3681791,135.85,135.78,23.62,-1.0995,0.6331,DOWN
2024-09-24,134.33,134.96,132.17,133.02,4687580,135.11,135.6,21.42,-0.7536,0.6683,DOWN
2024-09-25,133.01,133.81,132.0,132.19,4348033,134.18,135.38,19.78,-0.624,0.6834,DOWN
2024-09-26,132.23,133.35,131.83,131.9,4190533,133.33,134.97,19.23,-0.2194,0.4633,DOWN
2024-09-27,131.53,132.53,131.28,131.77,5320174,132.58,134.48,18.98,-0.0986,0.3906,UP
2024-09-30,131.94,132.66,130.87,132.38,5714890,132.25,134.05,24.07,0.4629,0.4619,UP
2024-10-01,132.77,135.32,132.1,134.92,6810305,132.63,133.87,40.77,1.9187,0.8444,UP
2024-10-02,135.12,138.16,134.23,137.58,5427957,133.71,133.95,52.55,1.9715,1.0766,UP
2024-10-03,137.72,138.67,137.18,138.41,5823971,135.01,134.17,55.52,0.6033,1.0701,UP
2024-10-04,137.33,140.68,137.18,139.85,5666662,136.63,134.6,60.18,1.0404,1.0764,UP
2024-10-07,139.67,141.73,139.0,141.08,4382479,138.37,135.31,63.68,0.8795,0.9623,DOWN
2024-10-08,140.34,141.44,139.88,141.07,4465955,139.6,136.12,63.63,-0.0071,0.8779,UP
2024-10-09,140.33,141.9,139.19,141.69,3248734,140.42,137.06,65.4,0.4395,0.7722,DOWN
2024-10-10,141.56,141.97,139.53,140.14,4093060,140.77,137.89,57.8,-1.0939,0.9226,DOWN
2024-10-11,140.85,141.09,138.13,138.81,4803471,140.56,138.59,52.2,-0.9491,1.0285,UP
2024-10-14,137.99,139.24,137.74,138.96,4732527,140.13,139.25,52.76,0.1081,1.037,UP
2024-10-15,138.74,139.74,138.31,139.46,4915418,139.81,139.7,54.65,0.3598,0.9077,UP
2024-10-16,138.87,140.44,138.16,139.71,4885702,139.42,139.92,55.61,0.1793,0.7024,UP
2024-10-17,140.19,141.54,139.5,140.7,4713083,139.53,140.15,59.28,0.7086,0.7106,UP
2024-10-18,140.81,142.38,140.2,141.45,3011824,140.06,140.31,61.85,0.533,0.6574,DOWN
2024-10-21,141.63,141.76,138.78,139.67,3978158,140.2,140.17,53.25,-1.2584,0.7255,DOWN
2024-10-22,139.13,141.07,138.52,139.66,2738705,140.24,140.02,53.21,-0.0072,0.7255,DOWN
2024-10-23,140.2,140.81,137.76,138.33,2625816,139.96,139.69,47.49,-0.9523,0.7442,DOWN
2024-10-24,138.14,138.5,136.46,136.76,2219118,139.17,139.35,41.78,-1.135,0.7496,DOWN
2024-10-25,136.5,136.7,134.28,134.53,3320721,137.79,138.92,35.29,-1.6306,0.8459,DOWN
2024-10-28,134.44,134.66,133.28,133.63,3666328,136.58,138.39,33.06,-0.669,0.8389,DOWN
2024-10-29,133.68,134.35,132.1,133.17,3375156,135.28,137.76,31.95,-0.3442,0.7978,DOWN
2024-10-30,132.98,133.44,131.86,132.66,3651665,134.15,137.06,30.72,-0.383,0.7671,DOWN
2024-10-31,132.52,132.78,131.22,132.25,3353398,133.25,136.21,29.72,-0.3091,0.6447,DOWN
2024-11-01,132.18,132.36,130.73,131.17,5263705,132.58,135.18,27.22,-0.8166,0.5033,UP
2024-11-04,131.88,132.64,131.62,132.05,5700667,132.26,134.42,32.22,0.6709,0.6386,UP
2024-11-05,131.73,133.75,131.4,133.58,4765752,132.34,133.81,39.95,1.1587,0.8284,UP
2024-11-06,133.23,135.72,133.01,134.57,4292938,132.72,133.44,44.36,0.7411,0.8836,UP
2024-11-07,134.87,135.08,134.48,134.68,4013329,133.21,133.23,44.85,0.0817,0.8338,UP
2024-11-08,135.02,135.65,134.19,135.36,4886120,134.05,133.31,47.88,0.5049,0.6698,UP
2024-11-11,135.4,136.98,135.07,136.68,3985287,134.97,133.62,53.24,0.9752,0.6718,UP
2024-11-12,136.72,137.03,136.05,136.8,4438516,135.62,133.98,53.71,0.0878,0.6443,UP
2024-11-13,136.94,138.25,136.82,138.07,3739191,136.32,134.52,58.44,0.9284,0.6296,DOWN
2024-11-14,137.69,139.18,137.36,137.91,3354846,136.96,135.09,57.64,-0.1159,0.608,DOWN
2024-11-15,137.56,137.83,136.56,136.77,3826613,137.25,135.65,52.17,-0.8266,0.6103,DOWN
2024-11-18,136.38,136.84,135.4,135.97,2643980,137.1,136.04,48.68,-0.5849,0.6784,DOWN
2024-11-19,135.99,136.51,133.45,133.6,3413394,136.46,136.04,40.11,-1.743,0.8633,DOWN
2024-11-20,133.7,134.26,130.95,132.28,3599465,135.31,135.81,36.28,-0.988,0.8726,DOWN
2024-11-21,132.66,132.93,131.2,131.49,3716701,134.02,135.49,34.18,-0.5972,0.8774,DOWN
2024-11-22,131.59,131.67,131.32,131.47,2995039,132.96,135.1,34.13,-0.0152,0.8434,DOWN
2024-11-25,131.72,132.28,129.86,129.92,3448443,131.75,134.43,30.16,-1.179,0.7554,DOWN
2024-11-26,128.62,129.07,128.18,128.87,4029201,130.81,133.64,27.8,-0.8082,0.7302,DOWN
2024-11-27,128.96,130.05,128.27,128.55,3746675,130.06,132.68,27.1,-0.2483,0.5233,DOWN
2024-11-29,128.73,129.69,127.89,128.35,3523772,129.43,131.73,26.65,-0.1556,0.5184,UP
2024-12-02,127.69,128.8,127.31,128.43,2676799,128.82,130.89,27.17,0.0623,0.5707,DOWN
2024-12-03,128.22,128.47,126.79,127.11,2031991,128.26,130.01,24.13,-1.0278,0.5842,DOWN
2024-12-04,126.88,127.53,124.28,125.33,1692217,127.55,129.18,20.76,-1.4004,0.5209,DOWN
2024-12-05,124.66,124.93,122.56,122.83,2748254,126.41,128.23,17.14,-1.9947,0.6719,DOWN
2024-12-06,122.55,123.47,120.72,121.57,4384726,125.05,127.24,15.65,-1.0258,0.6757,UP
2024-12-09,121.89,122.23,121.15,121.64,4198895,123.7,126.26,16.09,0.0576,0.6852,DOWN
2024-12-10,121.36,121.87,121.29,121.63,4865315,122.6,125.43,16.08,-0.0082,0.7076,UP
2024-12-11,121.75,123.07,121.66,122.53,4990262,122.04,124.8,22.06,0.7399,0.8292,UP
2024-12-12,123.08,125.07,122.7,123.63,3629034,122.2,124.3,28.74,0.8977,0.9397,UP
2024-12-13,123.6,123.79,122.68,123.7,2547179,122.63,123.84,29.16,0.0566,0.9478,DOWN
2024-12-16,123.35,124.08,122.59,122.7,3311725,122.84,123.27,26.75,-0.8084,0.9443,DOWN
2024-12-17,122.75,123.31,121.6,122.12,3163330,122.94,122.77,25.44,-0.4727,0.9227,DOWN
2024-12-18,121.34,121.65,120.53,120.81,1851343,122.59,122.32,22.73,-1.0727,0.8882,DOWN
2024-12-19,121.0,121.38,118.26,118.52,3212764,121.57,121.89,18.94,-1.8955,0.8683,DOWN
2024-12-20,118.74,119.07,117.53,117.83,3600664,120.4,121.51,17.96,-0.5822,0.841,DOWN
2024-12-23,117.75,118.0,117.3,117.5,4162643,119.36,121.1,17.5,-0.2801,0.8314,UP
2024-12-24,117.69,117.96,117.45,117.63,4023287,118.46,120.7,18.39,0.1106,0.8375,DOWN
2024-12-26,117.55,118.0,116.78,117.38,3392271,117.77,120.18,17.99,-0.2125,0.7521,DOWN
2024-12-27,117.47,117.59,116.77,117.29,2900095,117.53,119.55,17.84,-0.0767,0.6115,DOWN
2024-12-30,116.91,117.08,115.66,116.29,2235544,117.22,118.81,16.2,-0.8526,0.5826,DOWN
2024-12-31,115.84,115.88,114.51,114.74,3058477,116.67,118.01,14.06,-1.3329,0.6241,DOWN
2025-01-02,114.86,115.1,113.19,113.53,2542327,115.85,117.15,12.65,-1.0546,0.6311,DOWN
2025-01-03,112.75,113.01,111.76,112.06,2858430,114.78,116.28,11.18,-1.2948,0.6484,DOWN
2025-01-06,111.57,111.99,110.0,110.42,3669415,113.41,115.47,9.81,-1.4635,0.5734,DOWN
2025-01-07,110.44,110.61,109.25,109.8,3979955,112.11,114.66,9.35,-0.5615,0.574,DOWN
2025-01-08,109.78,110.01,108.96,109.61,2978852,111.08,113.88,9.2,-0.173,0.5836,DOWN
2025-01-09,108.97,109.69,108.69,108.77,3804689,110.13,112.99,8.57,-0.7664,0.5112,DOWN
2025-01-10,108.94,109.45,107.87,108.4,5218831,109.4,112.09,8.3,-0.3402,0.4968,UP
2025-01-13,108.69,109.54,108.51,109.12,4469102,109.14,111.27,13.97,0.6642,0.6476,UP
2025-01-14,109.59,109.98,109.12,109.39,3777271,109.06,110.58,16.06,0.2474,0.7123,DOWN
2025-01-15,109.2,109.36,108.7,109.13,3667835,108.96,110.02,15.67,-0.2377,0.6714,DOWN
2025-01-16,108.27,108.81,107.65,108.49,2250076,108.91,109.52,14.71,-0.5865,0.6441,DOWN
2025-01-17,108.13,108.84,106.47,106.66,2800570,108.56,108.98,12.37,-1.6868,0.7097,DOWN
2025-01-21,106.02,106.36,105.03,105.18,2447634,107.77,108.46,10.87,-1.3876,0.6985,DOWN
2025-01-22,104.74,104.87,103.19,103.43,4364838,106.58,107.82,9.41,-1.6638,0.7929,DOWN
2025-01-23,103.05,103.24,102.79,103.18,3238163,105.39,107.18,9.22,-0.2417,0.7891,DOWN
2025-01-24,103.18,103.9,101.92,102.25,4798135,104.14,106.52,8.53,-0.9013,0.7934,UP
2025-01-27,101.65,103.24,101.58,102.69,5162355,103.35,105.95,11.89,0.4303,0.8577,UP
2025-01-28,102.97,104.08,102.43,103.42,4986054,102.99,105.38,17.32,0.7109,0.8651,UP
2025-01-29,103.07,104.39,102.85,103.93,4954250,103.09,104.84,20.98,0.4931,0.8927,UP
2025-01-30,104.31,105.68,104.18,105.36,4031185,103.53,104.46,30.3,1.3759,1.0742,DOWN
2025-01-31,105.12,105.97,104.69,105.32,3693599,104.14,104.14,30.19,-0.038,1.0745,DOWN
2025-02-03,105.15,105.56,104.75,104.93,3482205,104.59,103.97,29.11,-0.3703,0.9589,DOWN
2025-02-04,105.08,105.39,103.97,104.77,3906280,104.86,103.93,28.66,-0.1525,0.8573,UP
2025-02-05,104.78,105.56,104.49,105.04,4455321,105.08,104.09,30.62,0.2577,0.6395,UP
2025-02-06,105.51,105.97,104.78,105.27,4089934,105.07,104.3,32.33,0.219,0.6241,DOWN
2025-02-07,105.54,106.02,105.04,105.25,4306937,105.05,104.6,32.26,-0.019,0.5009,UP
2025-02-10,105.29,106.02,104.16,105.5,4640919,105.17,104.88,34.29,0.2375,0.4986,UP
2025-02-11,105.69,106.8,105.39,106.26,3838967,105.46,105.16,40.18,0.7204,0.4996,UP
2025-02-12,106.66,106.67,106.01,106.58,3998139,105.77,105.43,42.52,0.3011,0.4938,UP
2025-02-13,106.74,107.19,106.23,106.91,5062408,106.1,105.58,44.91,0.3096,0.3025,UP
2025-02-14,107.04,108.45,106.79,108.32,5393095,106.71,105.88,53.75,1.3189,0.469,UP
2025-02-18,108.36,110.89,107.95,109.76,5463754,107.57,106.37,60.69,1.3294,0.5123,UP
2025-02-19,110.04,111.5,109.61,111.43,4846829,108.6,107.03,66.9,1.5215,0.5636,UP
2025-02-20,111.56,112.38,111.21,112.31,4778605,109.75,107.76,69.62,0.7897,0.5506,UP
2025-02-21,112.6,113.9,111.99,113.62,5117671,111.09,108.59,73.16,1.1664,0.5454,UP
2025-02-24,113.95,115.06,113.63,114.55,5652537,112.33,109.52,75.35,0.8185,0.4703,UP
2025-02-25,114.38,115.59,114.13,115.36,6167403,113.45,110.51,77.11,0.7071,0.4233,UP
2025-02-26,115.59,117.17,114.21,117.06,6246848,114.58,111.59,80.28,1.4736,0.454,UP
2025-02-27,117.12,119.19,116.41,118.62,5229053,115.84,112.79,82.66,1.3326,0.398,UP
2025-02-28,119.0,120.27,118.32,120.04,4475973,117.13,114.11,84.49,1.1971,0.293,UP
2025-03-03,121.04,121.31,120.1,120.57,5474755,118.33,115.33,85.12,0.4415,0.3646,UP
2025-03-04,120.42,122.94,119.77,122.03,6532622,119.66,116.56,86.73,1.2109,0.3574,UP
2025-03-05,121.62,124.01,121.21,123.94,5576550,121.04,117.81,88.48,1.5652,0.3638,UP
2025-03-06,123.95,125.29,123.74,124.83,3855886,122.28,119.06,89.19,0.7181,0.3705,DOWN
2025-03-07,124.34,125.05,124.11,124.69,3855529,123.21,120.17,88.26,-0.1122,0.521,UP
2025-03-10,124.55,125.04,124.35,124.76,4005119,124.05,121.19,88.33,0.0561,0.591,UP
2025-03-11,124.49,125.83,124.33,125.04,4410393,124.65,122.16,88.6,0.2244,0.6236,UP
2025-03-12,124.86,125.88,124.55,125.07,3032570,124.88,122.96,88.63,0.024,0.6209,DOWN
2025-03-13,125.04,125.24,123.89,124.13,4587854,124.74,123.51,81.24,-0.7516,0.7149,UP
2025-03-14,124.39,125.84,123.79,124.9,4671008,124.78,124.0,82.53,0.6203,0.6705,UP
2025-03-17,124.89,126.5,124.44,126.07,3244179,125.04,124.55,84.29,0.9367,0.6918,DOWN
2025-03-18,126.15,126.83,124.85,125.04,3170715,125.04,124.85,76.93,-0.817,0.7393,DOWN
2025-03-19,125.06,125.49,123.66,124.18,2643463,124.86,124.87,71.33,-0.6878,0.6277,DOWN
2025-03-20,123.19,123.64,122.57,122.76,3152324,124.59,124.66,63.16,-1.1435,0.6724,DOWN
2025-03-21,123.49,124.21,122.29,122.36,2837224,124.08,124.43,61.04,-0.3258,0.674,DOWN
2025-03-24,121.84,122.25,120.99,121.01,3651984,123.07,124.06,54.4,-1.1033,0.7254,DOWN
2025-03-25,121.26,121.91,119.48,120.47,2543782,122.16,123.6,51.97,-0.4462,0.7019,DOWN
2025-03-26,120.06,120.25,119.21,119.63,3275954,121.25,123.06,48.34,-0.6973,0.694,DOWN
2025-03-27,119.25,119.55,118.01,119.05,3436988,120.5,122.55,45.96,-0.4848,0.6858,DOWN
2025-03-28,119.53,119.95,118.7,118.95,5207235,119.82,121.95,45.54,-0.084,0.5983,UP
2025-03-31,118.14,121.07,117.96,120.49,5004048,119.72,121.39,52.66,1.2947,0.6956,UP
2025-04-01,120.54,121.73,120.09,121.49,4823352,119.92,121.04,56.63,0.8299,0.7878,UP
2025-04-02,121.88,122.44,120.9,122.25,4183644,120.45,120.85,59.41,0.6256,0.8219,UP
2025-04-03,122.44,123.0,121.8,122.39,4609507,121.11,120.81,59.92,0.1145,0.7463,UP
2025-04-04,123.07,123.13,121.6,122.8,5107927,121.88,120.85,61.45,0.335,0.7462,UP
2025-04-07,123.05,125.0,122.55,123.59,4699268,122.5,121.11,64.28,0.6433,0.6471,UP
2025-04-08,123.82,124.73,123.11,124.0,3539236,123.01,121.46,65.69,0.3317,0.6044,DOWN
2025-04-09,123.42,123.87,122.9,123.07,5495599,123.17,121.81,59.92,-0.75,0.6141,UP
2025-04-10,122.95,124.52,122.73,124.28,5478333,123.55,122.33,64.31,0.9832,0.5843,UP
2025-04-11,124.27,125.83,123.89,125.33,4868387,124.05,122.97,67.62,0.8449,0.5666,UP
2025-04-14,125.5,127.76,124.63,126.92,3853458,124.72,123.61,71.88,1.2687,0.5627,DOWN
2025-04-15,127.03,127.37,125.61,126.59,4747904,125.24,124.12,69.83,-0.26,0.6009,UP
2025-04-16,126.33,128.28,125.63,127.34,4434232,126.09,124.63,71.8,0.5925,0.5997,UP
2025-04-17,127.23,127.88,127.18,127.43,4497115,126.72,125.14,72.03,0.0707,0.6022,UP
2025-04-21,127.24,128.39,127.06,128.19,4201424,127.29,125.67,74.01,0.5964,0.6045,DOWN
2025-04-22,128.87,129.45,127.16,127.5,3684977,127.41,126.07,69.23,-0.5383,0.6705,DOWN
2025-04-23,127.05,127.6,126.71,127.2,4047540,127.53,126.39,67.19,-0.2353,0.6924,DOWN
2025-04-24,126.84,127.95,126.59,127.03,4087500,127.47,126.78,66.01,-0.1336,0.616,UP
2025-04-25,126.98,127.86,126.83,127.34,3935901,127.45,127.09,67.14,0.244,0.5701,DOWN
2025-04-28,127.13,127.42,126.01,126.65,4136658,127.14,127.22,62.16,-0.5419,0.5766,UP
2025-04-29,126.4,127.07,125.63,126.81,3527899,127.01,127.21,62.85,0.1263,0.4097,DOWN
2025-04-30,126.42,126.96,126.31,126.57,3455526,126.88,127.21,61.05,-0.1893,0.4055,DOWN
2025-05-01,126.35,127.88,125.99,126.42,3086200,126.76,127.11,59.9,-0.1185,0.3482,DOWN
2025-05-02,126.21,126.43,125.54,125.9,2809855,126.47,126.96,55.96,-0.4113,0.3594,DOWN
2025-05-05,125.64,125.66,123.96,124.76,4157451,126.09,126.62,48.44,-0.9055,0.34,DOWN
2025-05-06,124.58,124.86,123.75,124.54,3961693,125.64,126.32,47.12,-0.1763,0.3273,UP
2025-05-07,124.76,125.8,124.24,125.26,4009514,125.38,126.13,51.75,0.5781,0.416,UP
2025-05-08,125.17,126.04,124.49,125.7,3829205,125.23,126.0,54.37,0.3513,0.4457,UP
2025-05-09,126.24,127.0,124.87,125.9,4014827,125.23,125.85,55.55,0.1591,0.4391,DOWN
2025-05-12,126.18,126.8,124.85,125.01,4663528,125.28,125.69,49.41,-0.7069,0.4596,DOWN
2025-05-13,125.13,125.37,123.54,124.8,4462511,125.33,125.49,48.06,-0.168,0.4508,UP
2025-05-14,125.33,125.76,124.65,124.95,4505713,125.27,125.32,49.13,0.1202,0.459,UP
2025-05-15,125.08,126.58,124.79,125.59,4098764,125.25,125.24,53.53,0.5122,0.5018,DOWN
2025-05-16,125.63,126.35,124.84,125.28,4231501,125.13,125.18,51.22,-0.2468,0.4917,DOWN
2025-05-19,125.46,125.81,124.89,125.01,4671695,125.13,125.2,49.23,-0.2155,0.3975,DOWN
2025-05-20,125.09,125.28,123.71,124.79,3272946,125.12,125.23,47.6,-0.176,0.3974,DOWN
2025-05-21,124.5,124.74,123.84,124.15,3610086,124.96,125.12,43.14,-0.5129,0.3767,DOWN
2025-05-22,123.95,124.51,123.07,123.71,3590307,124.59,124.92,40.34,-0.3544,0.3503,DOWN
2025-05-23,123.62,124.09,122.81,123.05,4135895,124.14,124.63,36.52,-0.5335,0.3489,DOWN
2025-05-27,123.02,123.16,122.61,123.04,4803197,123.75,124.44,36.46,-0.0081,0.3102,UP
2025-05-28,123.34,123.91,122.91,123.61,4872779,123.51,124.32,41.97,0.4633,0.3671,UP
2025-05-29,123.37,124.24,122.89,124.06,5353223,123.49,124.23,45.95,0.364,0.3903,UP
2025-05-30,124.25,125.38,123.58,124.88,4136244,123.73,124.16,52.36,0.661,0.4169,DOWN
2025-06-02,124.65,124.94,124.47,124.67,4076493,124.05,124.1,50.7,-0.1682,0.4137,DOWN
2025-06-03,124.39,125.19,124.02,124.17,3877135,124.28,124.01,46.89,-0.4011,0.426,DOWN
2025-06-04,123.87,124.02,121.46,123.13,4877803,124.18,123.85,40.14,-0.8376,0.4912,UP
2025-06-05,122.48,123.51,121.73,123.31,5624781,124.03,123.76,41.7,0.1462,0.4786,UP
2025-06-06,122.48,125.3,122.23,124.47,4709196,123.95,123.84,50.66,0.9407,0.5604,UP
2025-06-09,124.09,125.39,123.75,124.73,4403283,123.96,124.01,52.42,0.2089,0.5204,DOWN
2025-06-10,124.57,124.95,124.16,124.57,4857576,124.04,124.16,51.21,-0.1283,0.5255,UP
2025-06-11,124.81,126.17,124.28,125.18,4301892,124.45,124.32,55.44,0.4897,0.5274,UP
2025-06-12,124.59,125.82,124.27,125.44,4096104,124.88,124.46,57.15,0.2077,0.5219,UP
2025-06-13,126.27,126.88,125.19,125.47,4311697,125.08,124.51,57.35,0.0239,0.485,UP
2025-06-16,125.54,125.87,125.44,125.7,4050488,125.27,124.62,58.96,0.1833,0.4803,DOWN
2025-06-17,125.74,126.22,125.21,125.66,5141276,125.49,124.77,58.54,-0.0318,0.4523,UP
2025-06-18,125.31,126.5,124.93,126.1,5680631,125.67,125.06,61.72,0.3502,0.3047,UP
2025-06-20,126.18,127.42,125.64,127.11,5689594,126.01,125.44,67.81,0.801,0.3496,UP
2025-06-23,127.62,129.36,127.32,128.69,5179746,126.65,125.86,74.62,1.243,0.4172,UP
2025-06-24,128.71,130.05,127.55,129.8,3634347,127.47,126.37,78.12,0.8625,0.4456,DOWN
2025-06-25,129.87,131.07,129.23,129.39,2861214,128.22,126.85,74.06,-0.3159,0.4734,DOWN
2025-06-26,128.95,129.07,128.23,128.8,4927168,128.76,127.22,68.53,-0.456,0.5392,UP
2025-06-27,129.43,130.63,129.01,130.07,5112733,129.35,127.68,73.17,0.986,0.5811,UP
2025-06-30,129.66,131.09,129.45,131.0,5636756,129.81,128.23,75.97,0.715,0.5771,UP
2025-07-01,131.04,133.12,130.04,132.89,5603677,130.43,128.95,80.43,1.4427,0.6493,UP
2025-07-02,133.47,135.02,133.42,134.52,4941619,131.46,129.84,83.31,1.2266,0.6439,UP
2025-07-03,134.75,135.61,134.51,134.88,5254107,132.67,130.71,83.87,0.2676,0.6492,UP
2025-07-07,135.36,136.11,134.11,135.76,4166166,133.81,131.58,85.19,0.6524,0.6477,DOWN
2025-07-08,135.18,135.8,134.82,135.67,3751865,134.74,132.28,84.43,-0.0663,0.6496,DOWN
